,location,BHK,total_sqft,bath,price
1, Devarachikkanahalli,2,1250.0,2.0,40.0
2, Devarachikkanahalli,2,1200.0,2.0,83.0
3, Devarachikkanahalli,2,1170.0,2.0,40.0
4, Devarachikkanahalli,3,1425.0,2.0,65.0
5, Devarachikkanahalli,2,947.0,2.0,43.0
6, Devarachikkanahalli,2,1130.0,2.0,36.0
7, Devarachikkanahalli,3,1417.0,2.0,76.0
8, Devarachikkanahalli,2,1230.0,2.0,58.0
9, Devarachikkanahalli,3,1705.0,3.0,75.0
10, Devarachikkanahalli,2,1116.0,2.0,47.0
11, Devarachikkanahalli,2,991.0,2.0,40.0
13,1st Block Jayanagar,4,2850.0,4.0,428.0
14,1st Block Jayanagar,3,1630.0,3.0,194.0
15,1st Block Jayanagar,3,1875.0,2.0,235.0
16,1st Block Jayanagar,3,1200.0,2.0,130.0
17,1st Block Jayanagar,2,1235.0,2.0,148.0
18,1st Block Jayanagar,4,2750.0,4.0,413.0
19,1st Block Jayanagar,4,2450.0,4.0,368.0
20,1st Block Koramangala,2,1415.0,2.0,110.0
21,1st Block Koramangala,2,860.0,2.0,65.5
22,1st Block Koramangala,4,3000.0,3.0,300.0
23,1st Block Koramangala,3,2350.0,3.0,210.0
24,1st Block Koramangala,4,3000.0,5.0,500.0
26,1st Phase JP Nagar,3,1875.0,3.0,167.0
27,1st Phase JP Nagar,5,1500.0,5.0,85.0
28,1st Phase JP Nagar,3,2065.0,4.0,210.0
30,1st Phase JP Nagar,3,2059.0,3.0,225.0
31,1st Phase JP Nagar,2,1394.0,2.0,100.0
32,1st Phase JP Nagar,2,1077.0,2.0,93.0
33,1st Phase JP Nagar,2,1566.0,2.0,180.0
34,1st Phase JP Nagar,1,840.0,2.0,50.0
35,1st Phase JP Nagar,3,1590.0,3.0,131.0
36,1st Phase JP Nagar,3,2180.0,3.0,210.0
37,1st Phase JP Nagar,2,1180.0,2.0,88.5
38,1st Phase JP Nagar,2,1200.0,2.0,86.0
39,1st Phase JP Nagar,2,1394.0,2.0,85.0
40,1st Phase JP Nagar,3,2077.0,3.0,175.0
42,1st Phase JP Nagar,2,1205.0,2.0,85.0
44,1st Phase JP Nagar,2,900.0,2.0,75.0
45,2nd Phase Judicial Layout,3,1450.0,2.0,50.75
46,2nd Phase Judicial Layout,2,1150.0,2.0,40.25
47,2nd Phase Judicial Layout,3,1350.0,2.0,47.25
48,2nd Phase Judicial Layout,3,1350.0,2.0,47.25
49,2nd Phase Judicial Layout,2,900.0,2.0,41.0
50,2nd Phase Judicial Layout,3,1681.0,3.0,69.0
51,2nd Phase Judicial Layout,3,1350.0,2.0,47.25
52,2nd Phase Judicial Layout,2,1150.0,2.0,40.25
53,2nd Stage Nagarbhavi,4,1500.0,4.0,220.0
54,2nd Stage Nagarbhavi,6,3000.0,8.0,451.0
55,2nd Stage Nagarbhavi,6,2400.0,8.0,450.0
56,2nd Stage Nagarbhavi,4,1350.0,4.0,200.0
57,2nd Stage Nagarbhavi,4,1200.0,4.0,225.0
58,2nd Stage Nagarbhavi,4,1500.0,3.0,230.0
59,5th Block Hbr Layout,2,1206.0,2.0,56.0
60,5th Block Hbr Layout,3,1270.0,2.0,70.0
61,5th Block Hbr Layout,2,1312.0,2.0,69.0
62,5th Block Hbr Layout,2,1100.0,2.0,48.0
63,5th Block Hbr Layout,5,3600.0,5.0,130.0
64,5th Block Hbr Layout,6,5100.0,5.0,300.0
65,5th Phase JP Nagar,2,1075.0,2.0,60.0
66,5th Phase JP Nagar,2,1150.0,3.0,52.5
67,5th Phase JP Nagar,2,1256.0,2.0,62.8
68,5th Phase JP Nagar,2,1207.0,2.0,63.0
69,5th Phase JP Nagar,3,1725.0,2.0,100.0
70,5th Phase JP Nagar,2,1440.0,2.0,60.0
71,5th Phase JP Nagar,3,1700.0,2.0,100.0
73,5th Phase JP Nagar,5,2500.0,5.0,110.0
74,5th Phase JP Nagar,1,600.0,1.0,30.0
75,5th Phase JP Nagar,2,1390.0,2.0,65.0
76,5th Phase JP Nagar,2,1256.0,2.0,62.8
77,5th Phase JP Nagar,2,1000.0,2.0,48.0
78,5th Phase JP Nagar,3,1350.0,2.0,75.0
79,5th Phase JP Nagar,1,552.0,1.0,23.5
80,5th Phase JP Nagar,2,1200.0,2.0,51.0
84,5th Phase JP Nagar,2,1030.0,2.0,57.0
85,5th Phase JP Nagar,2,1200.0,2.0,68.0
86,5th Phase JP Nagar,2,1190.0,2.0,61.8
87,5th Phase JP Nagar,5,4000.0,5.0,170.0
88,5th Phase JP Nagar,2,1080.0,2.0,53.0
89,5th Phase JP Nagar,2,1041.0,2.0,54.0
90,5th Phase JP Nagar,2,812.0,2.0,42.0
91,5th Phase JP Nagar,2,1010.0,2.0,57.0
93,5th Phase JP Nagar,2,1075.0,2.0,60.0
94,6th Phase JP Nagar,2,1192.0,2.0,74.0
95,6th Phase JP Nagar,2,1180.0,2.0,80.0
96,6th Phase JP Nagar,4,3245.0,4.0,250.0
97,6th Phase JP Nagar,3,1645.0,3.0,100.0
98,6th Phase JP Nagar,2,1140.0,2.0,65.0
99,6th Phase JP Nagar,3,2040.0,3.0,200.0
100,6th Phase JP Nagar,2,1213.0,2.0,63.0
101,6th Phase JP Nagar,2,1216.0,2.0,60.0
102,6th Phase JP Nagar,2,1460.0,2.0,80.0
103,6th Phase JP Nagar,3,2003.0,3.0,200.0
104,6th Phase JP Nagar,3,1810.0,3.0,131.0
105,6th Phase JP Nagar,3,1515.0,2.0,135.0
106,6th Phase JP Nagar,2,1192.0,2.0,75.0
107,6th Phase JP Nagar,2,1280.0,2.0,88.0
108,7th Phase JP Nagar,2,1080.0,2.0,72.0
109,7th Phase JP Nagar,2,1270.0,2.0,93.0
110,7th Phase JP Nagar,3,1420.0,2.0,100.0
111,7th Phase JP Nagar,3,1850.0,3.0,150.0
112,7th Phase JP Nagar,2,1245.0,2.0,94.0
113,7th Phase JP Nagar,2,1175.0,2.0,82.0
114,7th Phase JP Nagar,3,1400.0,2.0,95.0
115,7th Phase JP Nagar,3,2225.0,3.0,160.0
116,7th Phase JP Nagar,2,1050.0,2.0,71.0
117,7th Phase JP Nagar,2,1100.0,2.0,46.0
118,7th Phase JP Nagar,2,918.0,2.0,50.49
119,7th Phase JP Nagar,3,1450.0,2.0,100.0
120,7th Phase JP Nagar,2,1190.0,2.0,49.98
121,7th Phase JP Nagar,3,1420.0,2.0,96.0
122,7th Phase JP Nagar,3,1680.0,3.0,120.0
123,7th Phase JP Nagar,2,980.0,2.0,69.0
124,7th Phase JP Nagar,2,1180.0,2.0,72.0
128,7th Phase JP Nagar,3,1400.0,3.0,115.0
129,7th Phase JP Nagar,2,1270.0,2.0,83.0
131,7th Phase JP Nagar,4,2503.0,4.0,188.0
132,7th Phase JP Nagar,3,2200.0,3.0,190.0
135,7th Phase JP Nagar,3,1575.0,2.0,110.0
136,7th Phase JP Nagar,3,1850.0,3.0,140.0
137,7th Phase JP Nagar,3,1575.0,2.0,120.0
138,7th Phase JP Nagar,3,1850.0,3.0,150.0
139,7th Phase JP Nagar,3,1680.0,3.0,120.0
140,7th Phase JP Nagar,2,1175.0,2.0,82.5
143,7th Phase JP Nagar,2,1215.0,2.0,90.0
144,7th Phase JP Nagar,2,1050.0,2.0,75.0
145,7th Phase JP Nagar,3,1300.0,3.0,89.13
146,7th Phase JP Nagar,2,1130.0,2.0,73.0
147,7th Phase JP Nagar,3,1450.0,3.0,100.0
149,7th Phase JP Nagar,2,1050.0,2.0,50.0
150,7th Phase JP Nagar,2,1275.0,2.0,87.0
152,7th Phase JP Nagar,3,1650.0,3.0,110.0
153,7th Phase JP Nagar,2,850.0,2.0,42.0
154,7th Phase JP Nagar,3,1680.0,3.0,117.0
155,7th Phase JP Nagar,3,1850.0,3.0,150.0
156,7th Phase JP Nagar,2,1236.0,2.0,61.33
157,7th Phase JP Nagar,2,1000.0,2.0,53.0
158,7th Phase JP Nagar,3,1680.0,3.0,125.0
159,7th Phase JP Nagar,3,1675.0,2.0,135.0
160,7th Phase JP Nagar,2,1187.0,2.0,59.0
161,7th Phase JP Nagar,3,1850.0,3.0,155.0
162,7th Phase JP Nagar,2,1000.0,2.0,61.0
163,7th Phase JP Nagar,3,1460.0,2.0,100.0
164,7th Phase JP Nagar,3,1650.0,3.0,110.0
165,7th Phase JP Nagar,2,1200.0,2.0,62.5
166,7th Phase JP Nagar,2,1000.0,2.0,70.65
167,7th Phase JP Nagar,2,1080.0,2.0,75.0
169,7th Phase JP Nagar,3,1680.0,3.0,125.0
170,7th Phase JP Nagar,3,1460.0,2.0,97.0
171,7th Phase JP Nagar,2,1120.0,2.0,65.0
172,7th Phase JP Nagar,2,1100.0,3.0,60.0
173,7th Phase JP Nagar,3,1790.0,3.0,120.0
174,7th Phase JP Nagar,3,1680.0,3.0,117.0
175,7th Phase JP Nagar,2,1050.0,2.0,77.0
176,7th Phase JP Nagar,2,1050.0,2.0,75.0
177,7th Phase JP Nagar,2,1040.0,2.0,75.0
178,7th Phase JP Nagar,3,1400.0,2.0,95.0
179,7th Phase JP Nagar,3,1800.0,3.0,130.0
180,7th Phase JP Nagar,2,1050.0,2.0,68.0
181,7th Phase JP Nagar,2,1000.0,2.0,60.0
182,7th Phase JP Nagar,3,1680.0,3.0,125.0
183,7th Phase JP Nagar,2,1050.0,2.0,77.47
184,7th Phase JP Nagar,2,1270.0,2.0,80.0
186,7th Phase JP Nagar,3,1680.0,3.0,122.0
187,7th Phase JP Nagar,2,1130.0,2.0,85.0
188,7th Phase JP Nagar,3,1680.0,3.0,130.0
189,7th Phase JP Nagar,2,980.0,2.0,77.44
190,7th Phase JP Nagar,3,1680.0,3.0,112.0
192,7th Phase JP Nagar,3,2095.0,3.0,150.0
193,7th Phase JP Nagar,3,1976.0,3.0,145.0
194,7th Phase JP Nagar,3,1600.0,2.0,110.0
195,7th Phase JP Nagar,3,1765.0,3.0,118.0
196,7th Phase JP Nagar,3,1275.0,2.0,88.0
197,7th Phase JP Nagar,3,1450.0,2.0,102.0
198,7th Phase JP Nagar,3,1575.0,2.0,110.0
200,7th Phase JP Nagar,1,750.0,1.0,47.0
201,7th Phase JP Nagar,2,990.0,2.0,50.0
202,7th Phase JP Nagar,1,1000.0,1.0,60.0
204,7th Phase JP Nagar,3,1430.0,2.0,102.0
205,7th Phase JP Nagar,2,1128.0,2.0,60.0
206,7th Phase JP Nagar,2,1140.0,2.0,57.0
207,7th Phase JP Nagar,3,1420.0,3.0,90.0
208,7th Phase JP Nagar,2,1530.0,2.0,108.0
209,8th Phase JP Nagar,2,1073.5,2.0,54.005
210,8th Phase JP Nagar,1,451.0,1.0,29.9
212,8th Phase JP Nagar,2,1062.0,2.0,42.47
214,8th Phase JP Nagar,3,1455.0,3.0,73.31
215,8th Phase JP Nagar,2,871.0,2.0,55.0
216,8th Phase JP Nagar,2,1098.0,2.0,43.91
217,8th Phase JP Nagar,3,1800.0,3.0,80.0
218,8th Phase JP Nagar,4,2700.0,4.0,130.0
219,8th Phase JP Nagar,2,1080.0,2.0,38.0
220,8th Phase JP Nagar,2,1059.0,2.0,34.5
221,8th Phase JP Nagar,2,1080.0,2.0,35.0
223,8th Phase JP Nagar,2,1062.0,2.0,42.47
224,8th Phase JP Nagar,1,500.0,1.0,31.0
225,8th Phase JP Nagar,2,1100.0,2.0,35.0
226,8th Phase JP Nagar,4,2100.0,4.0,92.0
227,8th Phase JP Nagar,2,1035.0,2.0,39.33
228,8th Phase JP Nagar,2,909.0,2.0,40.9
229,8th Phase JP Nagar,3,1431.5,3.0,72.02
230,8th Phase JP Nagar,3,1900.0,4.0,90.0
231,8th Phase JP Nagar,1,500.0,1.0,30.0
232,8th Phase JP Nagar,2,1125.0,2.0,36.94
233,8th Phase JP Nagar,2,1100.0,2.0,35.0
234,8th Phase JP Nagar,2,1089.0,2.0,43.55
236,8th Phase JP Nagar,3,1504.0,2.0,83.0
237,8th Phase JP Nagar,4,2600.0,4.0,115.0
239,8th Phase JP Nagar,2,1089.0,2.0,43.55
241,8th Phase JP Nagar,2,1513.0,2.0,62.0
242,8th Phase JP Nagar,2,1298.0,2.0,59.0
243,8th Phase JP Nagar,2,1006.0,2.0,44.0
244,8th Phase JP Nagar,1,500.0,1.0,33.0
245,8th Phase JP Nagar,2,1160.0,2.0,95.0
246,8th Phase JP Nagar,2,1245.0,2.0,59.0
247,8th Phase JP Nagar,2,1510.0,2.0,80.0
248,8th Phase JP Nagar,3,3300.0,3.0,165.0
249,8th Phase JP Nagar,5,1730.0,5.0,75.0
252,8th Phase JP Nagar,2,1046.0,2.0,48.0
254,8th Phase JP Nagar,3,1408.0,3.0,80.0
256,9th Phase JP Nagar,2,1005.0,2.0,50.0
258,9th Phase JP Nagar,2,1100.0,2.0,65.0
259,9th Phase JP Nagar,2,1080.0,2.0,37.0
260,9th Phase JP Nagar,2,1035.0,2.0,45.0
261,9th Phase JP Nagar,4,5000.0,4.0,290.0
262,9th Phase JP Nagar,2,1164.0,2.0,56.0
263,9th Phase JP Nagar,2,1005.0,2.0,42.0
264,9th Phase JP Nagar,2,1127.0,2.0,50.0
265,9th Phase JP Nagar,2,1005.0,2.0,43.0
266,9th Phase JP Nagar,2,835.0,2.0,37.0
267,9th Phase JP Nagar,2,1050.0,2.0,39.0
268,9th Phase JP Nagar,2,660.0,2.0,27.0
269,9th Phase JP Nagar,1,600.0,1.0,20.0
270,9th Phase JP Nagar,2,1466.0,2.0,71.0
271,9th Phase JP Nagar,3,1890.0,2.0,93.0
272,9th Phase JP Nagar,2,1079.0,2.0,60.0
273,9th Phase JP Nagar,2,1480.0,2.0,80.0
274,9th Phase JP Nagar,2,1200.0,2.0,80.0
275,9th Phase JP Nagar,2,905.0,2.0,32.0
276,9th Phase JP Nagar,2,1073.0,2.0,52.36
277,9th Phase JP Nagar,3,1719.3,2.0,88.0
278,9th Phase JP Nagar,3,1780.0,3.0,88.0
280,9th Phase JP Nagar,3,1522.0,3.0,90.0
283,9th Phase JP Nagar,2,890.0,2.0,45.0
285,9th Phase JP Nagar,4,5000.0,4.0,300.0
287,9th Phase JP Nagar,2,1050.0,2.0,35.0
288,9th Phase JP Nagar,2,1331.95,2.0,69.0
289,AECS Layout,2,1100.0,2.0,45.0
290,AECS Layout,2,1028.0,2.0,42.0
291,AECS Layout,2,1199.0,2.0,65.0
292,AECS Layout,2,1080.0,2.0,55.0
293,AECS Layout,2,1123.0,2.0,64.0
294,AECS Layout,2,1308.0,2.0,60.0
295,AECS Layout,2,1005.0,2.0,55.0
297,Abbigere,2,985.0,2.0,40.39
298,Abbigere,6,2200.0,6.0,68.0
299,Abbigere,1,765.0,2.0,30.0
300,Abbigere,2,880.0,2.0,35.0
301,Abbigere,2,795.0,2.0,32.54
302,Abbigere,2,1005.0,2.0,39.59
303,Abbigere,1,734.0,1.0,19.82
305,Abbigere,2,1020.0,2.0,41.82
306,Abbigere,2,985.0,2.0,40.39
307,Abbigere,6,2500.0,6.0,81.0
308,Abbigere,2,795.0,2.0,32.54
309,Abbigere,2,1130.0,2.0,46.33
310,Abbigere,2,795.0,1.0,32.6
311,Abbigere,8,3000.0,8.0,150.0
312,Abbigere,2,985.0,2.0,38.92
313,Abbigere,2,1000.0,2.0,41.0
314,Abbigere,2,995.0,2.0,40.8
315,Abbigere,2,1020.0,2.0,40.8
316,Akshaya Nagar,2,1388.0,2.0,57.0
317,Akshaya Nagar,2,1070.0,2.0,54.0
318,Akshaya Nagar,2,1280.0,2.0,58.0
319,Akshaya Nagar,3,1662.0,3.0,85.1
320,Akshaya Nagar,3,1897.0,3.0,120.0
321,Akshaya Nagar,3,1410.0,2.0,75.0
322,Akshaya Nagar,3,1360.0,2.0,85.0
324,Akshaya Nagar,3,1410.0,2.0,80.0
325,Akshaya Nagar,3,1662.0,3.0,85.0
326,Akshaya Nagar,3,1662.0,3.0,85.5
327,Akshaya Nagar,2,1280.0,2.0,60.0
328,Akshaya Nagar,3,1666.0,3.0,95.0
329,Akshaya Nagar,3,1575.0,3.0,90.0
330,Akshaya Nagar,3,1430.0,2.0,75.0
331,Akshaya Nagar,3,1419.0,2.0,73.0
332,Akshaya Nagar,2,1280.0,2.0,60.0
333,Akshaya Nagar,2,1200.0,2.0,50.0
334,Akshaya Nagar,2,1092.0,2.0,60.0
335,Akshaya Nagar,3,1690.0,3.0,85.0
337,Akshaya Nagar,3,1897.0,4.0,93.0
338,Akshaya Nagar,3,1884.0,3.0,98.0
339,Akshaya Nagar,2,1314.0,2.0,68.8
340,Akshaya Nagar,3,1690.0,3.0,85.0
341,Akshaya Nagar,2,1265.0,2.0,67.0
342,Akshaya Nagar,2,1126.0,2.0,55.0
344,Akshaya Nagar,3,1662.0,3.0,90.0
345,Akshaya Nagar,3,1420.0,2.0,75.0
346,Akshaya Nagar,3,1412.0,2.0,88.0
347,Akshaya Nagar,3,1434.0,3.0,84.0
348,Akshaya Nagar,3,1890.0,4.0,100.0
350,Akshaya Nagar,3,1419.0,2.0,87.0
351,Akshaya Nagar,2,1300.0,2.0,54.0
352,Akshaya Nagar,3,1690.0,3.0,85.0
353,Akshaya Nagar,2,1113.0,2.0,52.0
354,Akshaya Nagar,3,1820.0,4.0,95.0
355,Akshaya Nagar,2,1100.0,2.0,48.0
356,Akshaya Nagar,3,1896.0,3.0,102.0
357,Akshaya Nagar,2,1300.0,2.0,66.0
358,Akshaya Nagar,2,1225.0,2.0,68.0
359,Akshaya Nagar,2,1179.0,2.0,51.0
360,Akshaya Nagar,3,1421.0,2.0,73.0
361,Akshaya Nagar,3,1893.0,4.0,95.0
362,Akshaya Nagar,2,900.0,2.0,45.0
363,Ambalipura,2,1105.0,2.0,75.0
364,Ambalipura,3,1800.0,3.0,110.0
365,Ambalipura,2,1150.0,2.0,80.0
366,Ambalipura,2,1250.0,2.0,66.25
367,Ambalipura,2,1332.0,2.0,79.0
368,Ambalipura,3,1730.0,3.0,120.0
370,Ambalipura,2,1230.0,2.0,66.25
371,Ambalipura,2,1351.0,2.0,77.0
375,Ambalipura,2,1303.0,2.0,80.0
376,Ambalipura,3,1607.0,2.0,112.0
377,Ambalipura,1,770.0,1.0,43.82
378,Ambalipura,2,1700.0,2.0,76.0
379,Ambalipura,2,1060.0,2.0,58.5
380,Ambalipura,3,1650.0,3.0,100.0
381,Ambalipura,3,1607.0,2.0,112.0
382,Ambalipura,2,1198.0,2.0,80.0
383,Ambedkar Nagar,3,1935.0,4.0,130.0
384,Ambedkar Nagar,2,1424.0,2.0,90.0
385,Ambedkar Nagar,3,2225.0,4.0,169.0
386,Ambedkar Nagar,3,1862.0,3.0,120.0
387,Ambedkar Nagar,3,1850.0,4.0,139.0
388,Ambedkar Nagar,3,1936.0,4.0,126.0
389,Ambedkar Nagar,3,1862.0,3.0,119.0
390,Ambedkar Nagar,2,1424.0,2.0,90.0
391,Ambedkar Nagar,3,2150.0,4.0,125.0
392,Ambedkar Nagar,4,3530.0,4.0,290.0
393,Ambedkar Nagar,3,1856.0,3.0,120.0
394,Ambedkar Nagar,3,1852.0,3.0,130.0
395,Ambedkar Nagar,3,1850.0,4.0,120.0
396,Ambedkar Nagar,2,1367.0,2.0,86.0
397,Ambedkar Nagar,4,3565.0,4.0,255.0
398,Ambedkar Nagar,2,1409.0,2.0,95.0
399,Ambedkar Nagar,3,1950.0,4.0,120.0
400,Ambedkar Nagar,3,1921.0,4.0,129.0
401,Ambedkar Nagar,3,1920.0,4.0,121.0
402,Ambedkar Nagar,3,1935.0,4.0,125.0
403,Ambedkar Nagar,3,1852.0,4.0,122.0
404,Ambedkar Nagar,3,1950.0,4.0,120.0
405,Ambedkar Nagar,3,1852.0,3.0,125.0
406,Ambedkar Nagar,3,1850.0,4.0,121.0
407,Ambedkar Nagar,2,1425.0,2.0,94.0
408,Ambedkar Nagar,3,2395.0,4.0,150.0
409,Amruthahalli,2,900.0,2.0,40.0
410,Amruthahalli,2,1200.0,2.0,55.0
411,Amruthahalli,3,1900.0,3.0,135.0
412,Amruthahalli,2,924.0,2.0,45.0
413,Amruthahalli,2,900.0,2.0,60.0
414,Amruthahalli,2,1100.0,2.0,45.0
415,Amruthahalli,2,1200.0,2.0,55.0
419,Amruthahalli,3,1450.0,2.0,85.0
420,Amruthahalli,2,1200.0,2.0,55.0
421,Amruthahalli,2,1250.0,2.0,79.0
422,Amruthahalli,2,1190.0,2.0,50.0
423,Amruthahalli,2,1202.0,2.0,65.0
424,Amruthahalli,2,1340.0,2.0,75.0
425,Amruthahalli,3,2650.0,4.0,175.0
426,Amruthahalli,3,1450.0,2.0,90.0
427,Amruthahalli,2,1025.0,2.0,42.0
428,Amruthahalli,1,485.0,1.0,19.5
429,Anandapura,2,1167.0,2.0,43.76
430,Anandapura,2,1000.0,2.0,55.0
431,Anandapura,2,1141.0,2.0,42.79
433,Anandapura,2,1200.0,2.0,67.0
434,Anandapura,2,1200.0,2.0,58.0
435,Anandapura,2,1151.0,2.0,43.1
436,Anandapura,2,1141.0,2.0,42.75
437,Anandapura,2,900.0,2.0,48.0
438,Anandapura,4,1749.0,4.0,90.0
439,Anandapura,2,1151.0,2.0,42.9
441,Anandapura,2,1250.0,2.0,45.0
442,Anandapura,2,1151.0,2.0,43.16
443,Anandapura,2,1200.0,2.0,58.0
444,Anandapura,3,1200.0,2.0,66.0
445,Anandapura,3,1415.0,2.0,74.0
446,Anandapura,2,1200.0,2.0,50.0
447,Anandapura,2,1141.0,2.0,50.0
449,Ananth Nagar,1,500.0,1.0,14.0
450,Ananth Nagar,2,1100.0,2.0,31.5
451,Ananth Nagar,2,982.0,2.0,24.55
452,Ananth Nagar,1,500.0,2.0,14.0
453,Ananth Nagar,2,900.0,2.0,22.5
454,Ananth Nagar,2,908.0,2.0,26.0
455,Ananth Nagar,2,870.0,2.0,36.0
456,Ananth Nagar,2,937.0,2.0,35.0
457,Ananth Nagar,2,960.0,2.0,37.0
458,Ananth Nagar,1,500.0,1.0,14.0
459,Ananth Nagar,2,1000.0,2.0,29.7
460,Ananth Nagar,2,850.0,2.0,25.99
461,Ananth Nagar,2,902.0,2.0,25.26
462,Ananth Nagar,3,1470.0,3.0,54.0
463,Ananth Nagar,2,810.0,2.0,25.5
464,Ananth Nagar,2,890.0,2.0,27.0
465,Ananth Nagar,2,1200.0,2.0,36.0
467,Ananth Nagar,3,1319.0,3.0,42.0
468,Ananth Nagar,2,1000.0,2.0,25.0
469,Ananth Nagar,2,902.0,2.0,25.0
470,Ananth Nagar,2,930.0,2.0,25.99
471,Ananth Nagar,2,1074.0,2.0,26.85
472,Ananth Nagar,1,500.0,1.0,14.0
473,Ananth Nagar,2,1010.0,2.0,38.0
474,Ananth Nagar,2,992.0,2.0,24.8
475,Anekal,2,1200.0,1.0,36.0
476,Anekal,2,656.0,2.0,22.0
477,Anekal,2,620.0,2.0,22.0
478,Anekal,1,600.0,1.0,16.5
479,Anekal,2,925.0,2.0,40.0
480,Anekal,1,530.0,1.0,18.0
481,Anekal,3,1800.0,3.0,68.0
482,Anekal,2,1200.0,1.0,36.0
483,Anekal,2,1035.0,2.0,38.3
484,Anekal,2,888.0,2.0,34.0
485,Anekal,2,1200.0,2.0,36.1
486,Anekal,2,700.0,1.0,19.4
487,Anekal,2,1200.0,1.0,36.0
488,Anekal,4,1200.0,2.0,36.0
489,Anekal,2,766.0,2.0,28.0
490,Anekal,3,967.0,2.0,45.0
491,Anekal,2,620.0,1.0,23.5
492,Anekal,3,1150.0,3.0,45.0
493,Anekal,2,1200.0,1.0,36.0
494,Anekal,2,1200.0,1.0,36.0
495,Anekal,1,400.0,1.0,11.5
496,Anekal,1,456.0,1.0,15.0
497,Anekal,2,1200.0,1.0,36.0
498,Anekal,2,1200.0,1.0,36.0
499,Anekal,3,2400.0,4.0,95.0
500,Anekal,2,1200.0,2.0,36.1
501,Anekal,2,1200.0,2.0,36.1
502,Anekal,2,680.0,1.0,21.0
503,Anekal,1,420.0,1.0,12.5
504,Anekal,2,614.0,1.0,28.0
505,Anekal,2,1140.0,2.0,52.0
506,Anekal,2,625.0,1.0,25.0
507,Anjanapura,4,1850.0,4.0,86.0
508,Anjanapura,2,1070.0,2.0,39.0
509,Anjanapura,3,1500.0,3.0,121.0
510,Anjanapura,2,1070.0,2.0,37.0
511,Anjanapura,2,950.0,2.0,40.0
512,Anjanapura,3,1280.0,2.0,45.0
513,Anjanapura,2,710.0,2.0,25.0
515,Anjanapura,2,950.0,2.0,32.0
516,Anjanapura,4,1800.0,4.0,55.0
517,Anjanapura,3,1843.0,3.0,87.54
518,Anjanapura,2,1076.0,2.0,30.13
519,Anjanapura,2,950.0,2.0,30.0
520,Ardendale,3,1750.0,3.0,100.0
521,Ardendale,4,3198.0,4.0,200.0
522,Ardendale,4,2422.0,4.0,160.0
523,Ardendale,3,1750.0,3.0,100.0
524,Ardendale,4,3200.0,4.0,205.0
525,Ardendale,3,1728.0,3.0,95.0
526,Ardendale,4,2062.0,3.0,140.0
527,Ardendale,3,1732.46,3.0,92.0
528,Ardendale,4,2062.0,3.0,150.0
530,Ardendale,2,1224.0,2.0,70.0
531,Ardendale,3,1777.26,3.0,105.0
532,Ardendale,3,1650.0,3.0,82.0
533,Ardendale,4,2062.0,3.0,140.0
534,Ardendale,3,1650.0,3.0,82.0
535,Ardendale,2,1224.0,2.0,67.0
536,Ardendale,3,1723.0,3.0,95.0
537,Ardendale,3,1777.26,3.0,89.0
538,Ardendale,3,1777.26,3.0,92.0
539,Arekere,3,2060.0,3.0,140.0
540,Arekere,2,920.0,2.0,40.0
541,Arekere,3,1740.0,2.0,95.0
542,Arekere,2,1190.0,2.0,55.0
543,Arekere,1,600.0,1.0,28.0
544,Arekere,3,2072.0,3.0,108.0
545,Arekere,2,1100.0,2.0,55.0
546,Arekere,2,900.0,2.0,50.0
547,Arekere,4,2710.0,6.0,142.0
548,Arekere,2,1240.0,2.0,60.0
549,Arekere,2,900.0,2.0,44.5
550,Attibele,1,450.0,1.0,11.0
551,Attibele,4,1600.0,4.0,52.8
552,Attibele,2,656.0,2.0,25.0
553,Attibele,1,400.0,1.0,11.0
554,Attibele,1,400.0,1.0,12.0
555,Attibele,1,400.0,1.0,14.0
556,Attibele,1,500.0,1.0,17.0
557,Attibele,4,2168.0,4.0,95.0
558,Attibele,1,395.0,1.0,10.25
559,Attibele,1,420.0,1.0,17.0
561,Attibele,1,418.0,1.0,12.0
562,Attibele,2,1200.0,2.0,42.0
563,Attibele,1,400.0,1.0,10.0
564,Attibele,2,695.0,1.0,25.0
565,Attibele,2,850.0,1.0,25.0
566,Attibele,3,2400.0,3.0,120.0
567,Attibele,1,450.0,1.0,12.5
571,Attibele,1,782.0,1.0,19.55
573,Attibele,2,656.0,2.0,25.0
574,Attibele,1,400.0,1.0,11.5
575,Attibele,1,460.0,1.0,13.0
576,Attibele,1,418.0,2.0,11.5
577,Attibele,2,1000.0,2.0,42.0
578,Attibele,1,550.0,1.0,11.5
580,Attibele,1,410.0,1.0,10.0
581,Attibele,3,1700.0,3.0,65.0
582,Attibele,1,400.0,1.0,10.25
583,Attibele,2,656.0,2.0,25.0
584,Attibele,3,1500.0,3.0,90.0
585,Attibele,1,520.0,1.0,15.0
586,BEML Layout,2,1060.0,2.0,55.0
588,BEML Layout,2,999.0,2.0,45.0
589,BEML Layout,5,2400.0,4.0,225.0
591,BEML Layout,2,1194.0,2.0,65.0
592,BEML Layout,2,1200.0,2.0,67.0
593,BEML Layout,2,2400.0,2.0,228.0
596,BEML Layout,2,1194.0,2.0,65.0
597,BTM 1st Stage,9,3300.0,14.0,500.0
598,BTM 1st Stage,1,375.0,1.0,40.0
599,BTM 1st Stage,3,1717.0,3.0,200.0
600,BTM 2nd Stage,3,1260.0,5.0,185.0
601,BTM 2nd Stage,2,950.0,2.0,52.0
602,BTM 2nd Stage,3,1850.0,3.0,170.0
603,BTM 2nd Stage,2,1200.0,2.0,80.0
604,BTM 2nd Stage,2,1274.0,2.0,70.0
606,BTM 2nd Stage,2,1070.0,2.0,48.0
607,BTM 2nd Stage,2,1280.0,2.0,80.0
608,BTM 2nd Stage,2,1100.0,2.0,70.0
609,BTM 2nd Stage,2,1000.0,2.0,58.0
610,BTM 2nd Stage,5,2990.0,5.0,416.0
611,BTM 2nd Stage,2,1265.0,2.0,55.0
612,BTM 2nd Stage,3,2200.0,3.0,220.0
613,BTM 2nd Stage,3,2780.0,4.0,325.0
614,BTM 2nd Stage,3,2400.0,2.0,360.0
615,BTM 2nd Stage,2,965.0,2.0,56.0
616,BTM 2nd Stage,2,1147.0,2.0,75.0
617,BTM 2nd Stage,3,1750.0,3.0,172.0
618,BTM 2nd Stage,2,1400.0,2.0,90.0
619,BTM 2nd Stage,2,1200.0,2.0,70.0
620,BTM 2nd Stage,2,1100.0,2.0,47.0
621,BTM 2nd Stage,2,930.0,2.0,46.0
623,BTM 2nd Stage,3,2500.0,3.0,345.0
624,BTM Layout,2,1150.0,2.0,63.0
625,BTM Layout,6,3300.0,6.0,165.0
626,BTM Layout,3,1450.0,2.0,81.0
627,BTM Layout,3,1776.0,2.0,75.0
628,BTM Layout,3,1458.0,3.0,79.0
629,BTM Layout,2,935.0,2.0,51.5
630,BTM Layout,2,1020.0,2.0,46.5
631,BTM Layout,3,1600.0,3.0,112.0
632,BTM Layout,3,1300.0,2.0,75.0
633,BTM Layout,3,1540.0,2.0,78.0
634,BTM Layout,1,450.0,1.0,20.0
635,BTM Layout,2,1196.0,2.0,56.81
636,BTM Layout,3,1470.0,2.0,99.0
639,Babusapalaya,3,1611.0,2.0,66.0
641,Babusapalaya,3,1675.0,3.0,75.0
642,Babusapalaya,2,1141.0,2.0,46.0
643,Babusapalaya,2,1500.0,2.0,57.0
645,Babusapalaya,2,1050.0,2.0,45.0
646,Babusapalaya,2,1141.0,2.0,45.9
648,Babusapalaya,3,1230.0,3.0,53.0
649,Babusapalaya,2,1105.0,2.0,40.0
650,Babusapalaya,3,1410.0,2.0,65.0
651,Babusapalaya,2,1450.0,2.0,55.99
652,Babusapalaya,2,1100.0,2.0,38.0
654,Babusapalaya,2,1061.0,2.0,33.84
655,Babusapalaya,2,1061.0,2.0,38.95
656,Babusapalaya,2,1061.0,2.0,34.0
657,Babusapalaya,2,1245.0,2.0,58.0
658,Badavala Nagar,3,1494.0,2.0,94.55
659,Badavala Nagar,2,1274.0,2.0,81.0
660,Badavala Nagar,3,1842.0,3.0,115.0
661,Badavala Nagar,3,1494.0,2.0,94.55
662,Badavala Nagar,2,1274.0,2.0,81.0
663,Badavala Nagar,3,1494.0,2.0,94.55
664,Badavala Nagar,3,1842.0,3.0,115.0
665,Badavala Nagar,3,1842.0,3.0,115.0
666,Badavala Nagar,3,1842.0,3.0,115.0
667,Balagere,2,1210.0,2.0,80.9
668,Balagere,2,1210.0,2.0,72.0
669,Balagere,2,1205.0,2.0,78.5
670,Balagere,1,790.5,1.0,41.9
673,Balagere,2,1020.07,2.0,68.38
674,Balagere,2,1205.47,2.0,81.0
675,Balagere,2,1007.0,2.0,65.0
677,Balagere,2,1210.0,2.0,74.0
678,Balagere,2,1210.0,2.0,83.0
679,Balagere,1,675.0,1.0,45.0
680,Balagere,1,656.0,1.0,43.0
682,Balagere,2,1012.0,2.0,64.0
683,Balagere,2,1007.0,2.0,62.0
684,Balagere,2,1007.0,2.0,67.0
685,Balagere,2,1007.0,2.0,66.0
688,Balagere,1,645.0,1.0,34.18
691,Balagere,1,790.5,1.0,42.295
692,Balagere,2,1012.0,2.0,65.0
693,Balagere,1,656.0,1.0,38.77
694,Balagere,1,645.0,1.0,39.0
695,Balagere,1,645.0,1.0,41.0
696,Balagere,2,1210.0,2.0,82.0
697,Balagere,1,656.0,1.0,34.77
698,Balagere,2,1205.0,2.0,73.87
699,Balagere,2,1012.0,2.0,70.0
700,Balagere,2,1007.0,2.0,68.0
702,Balagere,2,1205.0,2.0,79.0
703,Balagere,2,1012.0,2.0,68.0
705,Banashankari,2,1077.0,2.0,37.64
706,Banashankari,3,1470.0,2.0,88.64
707,Banashankari,3,1300.0,2.0,75.0
708,Banashankari,3,1800.0,3.0,115.0
709,Banashankari,2,1125.0,2.0,63.0
711,Banashankari,2,1310.0,2.0,80.0
712,Banashankari,3,2600.0,4.0,135.0
713,Banashankari,3,1900.0,2.0,170.0
714,Banashankari,2,1260.0,2.0,75.0
715,Banashankari,2,1170.0,2.0,46.79
717,Banashankari,3,1350.0,2.0,83.0
719,Banashankari,2,1330.0,2.0,78.0
720,Banashankari,3,1400.0,2.0,78.0
721,Banashankari,3,1700.0,3.0,125.0
722,Banashankari,2,1020.0,2.0,40.79
723,Banashankari,2,1600.0,2.0,63.98
724,Banashankari,2,1041.0,2.0,36.44
725,Banashankari,1,2400.0,1.0,200.0
726,Banashankari,2,1390.0,2.0,86.0
727,Banashankari,2,1460.0,2.0,70.0
728,Banashankari,2,1200.0,2.0,60.0
729,Banashankari,2,1290.0,2.0,80.0
730,Banashankari,3,2582.0,5.0,250.0
731,Banashankari,2,1186.0,2.0,65.0
732,Banashankari,3,1650.0,3.0,101.0
734,Banashankari,2,1181.0,2.0,75.0
735,Banashankari,2,1105.0,2.0,90.0
736,Banashankari,1,720.0,1.0,60.0
737,Banashankari,2,1040.0,2.0,45.0
738,Banashankari,2,1330.0,2.0,77.0
739,Banashankari,2,1200.0,2.0,49.0
740,Banashankari,2,1185.0,2.0,67.0
741,Banashankari,2,1000.0,2.0,50.0
742,Banashankari,3,1650.0,3.0,90.75
743,Banashankari,3,1650.0,3.0,101.0
744,Banashankari,2,1310.0,2.0,80.43
745,Banashankari,2,600.0,1.0,27.0
746,Banashankari,2,1430.0,2.0,87.8
747,Banashankari,2,1020.0,2.0,42.83
749,Banashankari,3,1540.0,3.0,80.0
750,Banashankari,2,1195.0,2.0,35.84
751,Banashankari,3,1683.0,3.0,115.0
752,Banashankari,3,1800.0,3.0,125.0
753,Banashankari,2,1175.0,2.0,41.13
754,Banashankari,3,1750.0,2.0,89.0
755,Banashankari,3,1800.0,3.0,175.0
756,Banashankari,2,1450.0,2.0,50.75
757,Banashankari,3,1770.0,3.0,108.0
758,Banashankari,3,1800.0,3.0,125.0
761,Banashankari,3,1200.0,3.0,74.52
762,Banashankari,2,1100.0,2.0,63.0
763,Banashankari,2,1020.0,2.0,40.79
764,Banashankari,2,1260.0,2.0,75.0
766,Banashankari,3,1426.0,3.0,85.0
767,Banashankari Stage II,2,1700.0,2.0,150.0
768,Banashankari Stage II,4,1200.0,2.0,150.0
769,Banashankari Stage II,3,1500.0,2.0,120.0
770,Banashankari Stage II,5,2400.0,3.0,510.0
771,Banashankari Stage II,3,1240.0,2.0,59.52
772,Banashankari Stage II,2,1250.0,2.0,110.0
773,Banashankari Stage II,3,1260.0,2.0,95.0
774,Banashankari Stage II,3,2400.0,2.0,300.0
775,Banashankari Stage II,2,1400.0,2.0,100.0
776,Banashankari Stage II,5,2800.0,3.0,425.0
777,Banashankari Stage II,3,3000.0,3.0,450.0
778,Banashankari Stage II,3,1200.0,2.0,198.0
779,Banashankari Stage II,2,1245.0,2.0,125.0
780,Banashankari Stage III,3,1305.0,2.0,58.7
781,Banashankari Stage III,2,1145.0,2.0,58.4
782,Banashankari Stage III,3,1650.0,3.0,118.0
783,Banashankari Stage III,4,2400.0,4.0,240.0
784,Banashankari Stage III,3,1350.0,2.0,68.0
786,Banashankari Stage III,3,1305.0,2.0,59.0
787,Banashankari Stage III,3,1305.0,2.0,60.0
788,Banashankari Stage III,2,1200.0,2.0,42.0
789,Banashankari Stage III,3,1305.0,2.0,59.0
790,Banashankari Stage III,3,1480.0,3.0,75.48
791,Banashankari Stage III,3,1305.0,2.0,59.0
792,Banashankari Stage III,2,1304.0,2.0,111.0
793,Banashankari Stage III,6,3000.0,6.0,150.0
794,Banashankari Stage III,2,1085.0,2.0,50.0
795,Banashankari Stage III,3,1500.0,2.0,100.0
796,Banashankari Stage III,4,2100.0,3.0,147.0
797,Banashankari Stage III,3,1420.0,2.0,95.0
798,Banashankari Stage V,3,1300.0,2.0,58.5
799,Banashankari Stage V,3,1305.0,2.0,49.0
800,Banashankari Stage V,2,1035.0,2.0,35.77
801,Banashankari Stage V,3,1355.0,2.0,61.0
802,Banashankari Stage V,3,1510.0,3.0,47.57
803,Banashankari Stage V,3,1650.0,3.0,51.98
804,Banashankari Stage V,3,1630.0,3.0,51.35
805,Banashankari Stage V,3,1510.0,3.0,47.57
806,Banashankari Stage V,3,1315.0,2.0,49.0
807,Banashankari Stage V,3,1540.0,3.0,48.51
808,Banashankari Stage V,2,920.0,2.0,41.5
809,Banashankari Stage VI,2,1177.5,2.0,59.935
810,Banashankari Stage VI,4,4800.0,4.0,190.0
811,Banashankari Stage VI,4,2800.0,4.0,89.0
812,Banashankari Stage VI,4,2200.0,4.0,195.0
813,Banashankari Stage VI,2,1160.0,2.0,59.0
814,Banashankari Stage VI,2,1180.0,2.0,59.47
815,Banashankari Stage VI,3,1423.0,2.0,71.73
816,Banashankari Stage VI,3,1392.0,3.0,69.46
817,Banashankari Stage VI,3,1410.5,2.0,70.385
818,Banashankari Stage VI,4,4800.0,3.0,200.0
819,Banaswadi,2,1184.0,2.0,53.0
820,Banaswadi,2,1145.0,2.0,55.0
821,Banaswadi,2,1250.0,2.0,60.0
822,Banaswadi,2,1365.0,2.0,73.0
823,Banaswadi,5,1903.0,6.0,140.0
824,Banaswadi,2,1222.0,2.0,80.0
825,Banaswadi,2,870.0,2.0,38.0
826,Banaswadi,2,1200.0,2.0,60.0
828,Banaswadi,2,1340.0,2.0,73.0
829,Banaswadi,2,1008.0,2.0,52.0
830,Banaswadi,2,1105.0,2.0,57.0
831,Banjara Layout,2,1200.0,2.0,70.0
832,Banjara Layout,2,1050.0,2.0,64.8
833,Banjara Layout,2,753.0,3.0,59.5
834,Banjara Layout,3,2500.0,4.0,140.0
835,Bannerghatta,4,3012.0,6.0,250.0
836,Bannerghatta,3,1665.0,3.0,110.0
837,Bannerghatta,3,2370.0,4.0,195.0
838,Bannerghatta,2,1100.0,2.0,66.0
839,Bannerghatta,4,2895.5,2.0,246.0
840,Bannerghatta,2,1113.0,2.0,70.0
841,Bannerghatta,2,1200.0,2.0,73.2
842,Bannerghatta,2,1070.0,2.0,87.0
843,Bannerghatta,3,1776.0,3.0,124.0
844,Bannerghatta,3,1776.0,3.0,150.0
845,Bannerghatta Road,1,500.0,1.0,18.5
846,Bannerghatta Road,2,1050.0,2.0,65.0
847,Bannerghatta Road,3,1170.0,2.0,66.0
848,Bannerghatta Road,1,595.0,1.0,33.32
849,Bannerghatta Road,3,1445.0,3.0,95.0
850,Bannerghatta Road,3,1640.0,2.0,120.0
852,Bannerghatta Road,3,1460.0,2.0,90.0
854,Bannerghatta Road,2,1179.0,2.0,66.02
855,Bannerghatta Road,2,1122.5,2.0,58.935
856,Bannerghatta Road,2,793.0,2.0,45.0
858,Bannerghatta Road,2,1400.0,2.0,78.0
860,Bannerghatta Road,2,1215.0,2.0,50.0
861,Bannerghatta Road,3,1654.0,3.0,100.0
862,Bannerghatta Road,2,1181.0,2.0,55.0
864,Bannerghatta Road,2,1200.0,2.0,75.0
866,Bannerghatta Road,1,595.0,1.0,31.83
867,Bannerghatta Road,2,1105.0,2.0,51.0
868,Bannerghatta Road,2,1255.0,2.0,65.26
870,Bannerghatta Road,3,1550.0,3.0,82.0
872,Bannerghatta Road,3,1650.0,3.0,122.0
873,Bannerghatta Road,2,912.0,2.0,55.0
874,Bannerghatta Road,2,1218.0,2.0,73.0
876,Bannerghatta Road,2,1115.0,2.0,65.12
878,Bannerghatta Road,3,1893.0,3.0,100.0
879,Bannerghatta Road,3,1600.0,3.0,95.0
880,Bannerghatta Road,2,1275.0,2.0,65.0
881,Bannerghatta Road,2,892.0,2.0,39.0
883,Bannerghatta Road,2,1260.0,2.0,70.0
885,Bannerghatta Road,2,1157.0,2.0,40.0
886,Bannerghatta Road,2,1150.0,2.0,65.0
888,Bannerghatta Road,2,1100.0,2.0,39.0
890,Bannerghatta Road,3,1725.0,3.0,110.0
891,Bannerghatta Road,6,1850.0,6.0,150.0
893,Bannerghatta Road,2,950.0,2.0,38.0
894,Bannerghatta Road,2,1220.0,2.0,80.0
895,Bannerghatta Road,2,1130.0,2.0,78.0
897,Bannerghatta Road,3,1486.0,3.0,83.22
899,Bannerghatta Road,2,1015.0,2.0,48.0
900,Bannerghatta Road,2,1115.0,2.0,61.0
901,Bannerghatta Road,2,1136.0,2.0,48.0
902,Bannerghatta Road,4,2700.0,4.0,260.0
903,Bannerghatta Road,3,1200.0,2.0,69.0
904,Bannerghatta Road,3,1465.0,2.0,76.0
905,Bannerghatta Road,2,1302.5,2.0,67.73
906,Bannerghatta Road,2,1200.0,2.0,65.0
907,Bannerghatta Road,2,1240.0,2.0,65.0
908,Bannerghatta Road,3,1476.0,3.0,125.0
910,Bannerghatta Road,3,1532.5,3.0,84.29
912,Bannerghatta Road,2,1268.0,2.0,69.0
913,Bannerghatta Road,3,1450.0,2.0,87.0
914,Bannerghatta Road,4,2932.0,5.0,195.0
917,Bannerghatta Road,2,960.0,2.0,58.0
918,Bannerghatta Road,3,1750.0,3.0,130.0
919,Bannerghatta Road,2,1275.0,2.0,73.0
921,Bannerghatta Road,2,1240.0,2.0,71.0
923,Bannerghatta Road,2,1215.0,2.0,68.0
924,Bannerghatta Road,2,1215.0,2.0,68.0
925,Bannerghatta Road,3,1894.0,3.0,115.0
927,Bannerghatta Road,3,1693.0,3.0,89.0
928,Bannerghatta Road,2,1280.0,2.0,60.16
930,Bannerghatta Road,1,630.0,1.0,35.0
931,Bannerghatta Road,2,1215.0,2.0,68.0
932,Bannerghatta Road,3,1365.0,3.0,76.18
933,Bannerghatta Road,2,1115.0,2.0,78.0
934,Bannerghatta Road,3,1532.5,3.0,79.465
936,Bannerghatta Road,3,1655.0,3.0,90.0
937,Bannerghatta Road,2,1247.0,2.0,47.39
938,Bannerghatta Road,2,1237.5,2.0,49.49
939,Bannerghatta Road,3,1650.0,3.0,94.0
940,Bannerghatta Road,2,905.0,2.0,65.0
941,Bannerghatta Road,2,1000.0,2.0,50.0
942,Bannerghatta Road,4,2185.0,3.0,120.0
943,Bannerghatta Road,2,1012.0,2.0,45.0
945,Bannerghatta Road,3,1460.0,2.0,80.0
946,Bannerghatta Road,2,1340.0,2.0,85.0
947,Bannerghatta Road,3,1711.0,3.0,125.0
948,Bannerghatta Road,3,1520.0,2.0,81.0
949,Bannerghatta Road,3,2826.0,3.0,148.0
950,Bannerghatta Road,2,1115.0,2.0,61.0
951,Bannerghatta Road,2,1154.0,2.0,47.0
952,Bannerghatta Road,2,1000.0,2.0,44.5
953,Bannerghatta Road,2,1250.0,2.0,48.0
954,Bannerghatta Road,3,1640.0,3.0,105.0
956,Bannerghatta Road,2,1012.0,2.0,44.0
957,Bannerghatta Road,3,1527.0,3.0,115.0
960,Bannerghatta Road,3,1550.0,3.0,96.0
961,Bannerghatta Road,2,1200.0,2.0,78.0
962,Bannerghatta Road,3,1885.0,3.0,125.0
964,Bannerghatta Road,3,1450.0,2.0,78.0
965,Bannerghatta Road,1,700.0,1.0,31.2
968,Bannerghatta Road,2,905.0,2.0,58.0
970,Bannerghatta Road,3,1920.0,3.0,122.0
971,Bannerghatta Road,4,2400.0,4.0,180.0
973,Bannerghatta Road,2,1270.0,2.0,45.0
974,Bannerghatta Road,3,1520.0,2.0,80.0
975,Bannerghatta Road,3,1270.0,2.0,73.0
976,Bannerghatta Road,3,1846.0,3.0,120.0
978,Bannerghatta Road,2,1122.5,2.0,61.74
979,Bannerghatta Road,3,1655.0,3.0,95.0
980,Bannerghatta Road,2,1206.0,2.0,53.0
981,Bannerghatta Road,2,1150.0,2.0,55.0
982,Bannerghatta Road,2,1215.0,2.0,65.0
983,Bannerghatta Road,3,1510.0,2.0,110.0
984,Bannerghatta Road,2,1022.0,2.0,35.0
985,Bannerghatta Road,2,1246.0,2.0,47.35
986,Bannerghatta Road,3,1470.0,2.0,85.0
987,Bannerghatta Road,2,1160.0,2.0,45.0
988,Bannerghatta Road,2,970.0,2.0,57.0
989,Bannerghatta Road,3,1527.0,3.0,142.0
990,Basapura,2,1100.0,2.0,60.0
991,Basapura,2,1045.0,2.0,42.0
992,Basapura,2,1100.0,2.0,60.0
993,Basapura,2,1301.0,2.0,55.0
994,Basapura,3,1540.0,2.0,70.0
995,Basapura,3,1440.0,3.0,72.0
996,Basapura,3,1294.0,2.0,52.0
997,Basapura,2,1100.0,2.0,60.0
1000,Basavangudi,2,1036.0,2.0,105.0
1001,Basavangudi,4,2600.0,4.0,260.0
1002,Basavangudi,3,1600.0,2.0,160.0
1003,Basavangudi,2,1560.0,2.0,145.0
1005,Basavangudi,3,1800.0,3.0,195.0
1006,Basavangudi,2,1100.0,2.0,93.0
1008,Basavangudi,2,1050.0,2.0,103.0
1011,Basavangudi,2,1180.0,2.0,124.0
1013,Basavangudi,2,1200.0,2.0,120.0
1015,Basavangudi,4,2453.0,3.0,250.0
1016,Basaveshwara Nagar,5,4500.0,5.0,415.0
1017,Basaveshwara Nagar,3,1865.0,3.0,145.0
1018,Basaveshwara Nagar,2,1200.0,2.0,90.0
1019,Basaveshwara Nagar,5,2400.0,4.0,310.0
1020,Basaveshwara Nagar,2,1200.0,2.0,80.0
1021,Basaveshwara Nagar,2,900.0,2.0,60.0
1022,Basaveshwara Nagar,3,1900.0,3.0,150.0
1023,Basaveshwara Nagar,2,1200.0,2.0,85.0
1024,Basaveshwara Nagar,2,1200.0,2.0,70.0
1025,Battarahalli,2,1200.0,2.0,65.0
1026,Battarahalli,3,1779.0,3.0,89.61
1027,Battarahalli,2,1300.0,2.0,50.0
1028,Battarahalli,3,1945.0,3.0,97.42
1029,Battarahalli,3,1777.0,3.0,100.0
1030,Battarahalli,2,1135.0,2.0,43.0
1031,Battarahalli,2,1276.0,2.0,45.0
1032,Battarahalli,3,1880.0,3.0,94.36
1033,Battarahalli,2,1071.0,2.0,62.0
1034,Battarahalli,2,1165.0,2.0,43.0
1035,Battarahalli,2,1636.0,2.0,82.89
1036,Battarahalli,3,1779.0,3.0,90.0
1038,Battarahalli,2,1090.0,2.0,38.37
1039,Battarahalli,3,2082.0,3.0,104.0
1040,Battarahalli,3,2024.0,3.0,103.0
1041,Battarahalli,2,1097.0,2.0,49.0
1043,Begur,3,1419.0,2.0,59.0
1044,Begur,3,1580.0,3.0,75.0
1045,Begur,3,1559.0,3.0,63.0
1046,Begur,3,1445.0,2.0,47.1
1047,Begur,3,1475.0,2.0,74.0
1048,Begur,3,3500.0,4.0,185.0
1049,Begur,2,1100.0,2.0,55.0
1050,Begur,2,1306.0,2.0,65.0
1051,Begur,3,1304.0,3.0,65.0
1052,Begur,3,1411.0,2.0,60.0
1053,Begur,2,815.0,2.0,40.0
1054,Begur,3,1443.0,2.0,70.0
1055,Begur Road,2,1200.0,2.0,44.0
1056,Begur Road,2,1200.0,2.0,46.8
1057,Begur Road,2,1160.0,2.0,44.0
1058,Begur Road,3,1584.0,3.0,65.0
1060,Begur Road,3,1615.0,3.0,59.76
1061,Begur Road,2,1200.0,2.0,43.2
1062,Begur Road,2,1160.0,2.0,44.08
1063,Begur Road,2,1200.0,2.0,45.0
1064,Begur Road,3,1615.0,3.0,60.0
1065,Begur Road,3,1410.0,2.0,53.0
1066,Begur Road,2,1200.0,2.0,37.8
1067,Begur Road,2,1160.0,2.0,40.59
1068,Begur Road,2,1260.0,2.0,46.62
1069,Begur Road,3,1600.0,3.0,58.14
1071,Begur Road,3,1500.0,2.0,70.0
1072,Begur Road,2,1160.0,2.0,42.0
1073,Begur Road,2,1240.0,2.0,39.06
1074,Begur Road,2,1200.0,2.0,45.0
1075,Begur Road,3,1500.0,2.0,55.0
1076,Begur Road,3,1410.0,2.0,52.17
1078,Begur Road,3,1583.0,3.0,74.4
1079,Begur Road,2,1170.0,2.0,46.0
1080,Begur Road,2,1160.0,2.0,42.92
1081,Begur Road,3,1410.0,2.0,52.17
1083,Begur Road,3,1565.0,2.0,59.76
1084,Begur Road,2,1160.0,2.0,42.0
1086,Begur Road,3,1410.0,2.0,53.58
1087,Begur Road,2,1200.0,2.0,45.0
1088,Begur Road,2,1200.0,2.0,42.6
1089,Begur Road,2,1160.0,2.0,42.0
1090,Begur Road,2,1334.0,2.0,42.69
1091,Begur Road,3,1565.0,2.0,57.91
1092,Begur Road,2,1200.0,2.0,45.6
1093,Begur Road,2,1215.0,2.0,43.13
1094,Begur Road,2,1160.0,2.0,36.54
1096,Begur Road,2,1200.0,2.0,44.4
1098,Begur Road,2,1260.0,2.0,39.69
1099,Begur Road,4,2464.5,6.0,118.0
1100,Begur Road,2,1160.0,2.0,44.0
1102,Begur Road,2,952.0,2.0,42.0
1105,Begur Road,2,1200.0,2.0,42.0
1106,Begur Road,2,1240.0,2.0,45.88
1107,Begur Road,3,1200.0,3.0,50.0
1109,Begur Road,2,1200.0,2.0,44.0
1111,Begur Road,2,1100.0,2.0,42.6
1112,Begur Road,3,1565.0,2.0,57.91
1113,Begur Road,2,1200.0,2.0,44.4
1114,Begur Road,2,1160.0,2.0,36.54
1115,Begur Road,2,1215.0,2.0,43.75
1116,Begur Road,2,1200.0,2.0,44.73
1117,Begur Road,2,1160.0,2.0,42.0
1118,Begur Road,3,1410.0,2.0,54.99
1119,Bellandur,3,1767.0,3.0,103.0
1120,Bellandur,2,1205.0,2.0,66.0
1121,Bellandur,2,1250.0,2.0,76.0
1122,Bellandur,2,1000.0,2.0,50.0
1123,Bellandur,2,1281.0,2.0,74.0
1124,Bellandur,2,921.0,2.0,40.0
1126,Bellandur,3,1490.0,2.0,98.0
1128,Bellandur,3,2039.0,3.0,168.0
1129,Bellandur,3,1605.0,3.0,85.0
1130,Bellandur,3,1692.0,3.0,88.0
1131,Bellandur,2,1220.0,2.0,60.0
1132,Bellandur,2,1299.0,2.0,82.0
1133,Bellandur,2,900.0,2.0,56.0
1134,Bellandur,2,1350.0,2.0,79.0
1135,Bellandur,2,1286.0,2.0,57.0
1136,Bellandur,4,3016.0,4.0,230.0
1137,Bellandur,2,1457.0,2.0,85.0
1138,Bellandur,2,1195.0,2.0,51.0
1139,Bellandur,2,1050.0,2.0,72.0
1140,Bellandur,4,3600.0,4.0,260.0
1141,Bellandur,2,1310.0,2.0,72.0
1142,Bellandur,2,924.0,2.0,35.11
1143,Bellandur,3,1785.0,3.0,118.0
1144,Bellandur,2,1051.0,2.0,60.0
1146,Bellandur,2,1060.0,2.0,65.0
1147,Bellandur,2,1100.0,2.0,62.0
1148,Bellandur,2,1550.0,2.0,59.0
1149,Bellandur,2,924.0,2.0,35.11
1151,Bellandur,3,1685.0,3.0,100.0
1152,Bellandur,2,982.0,2.0,55.0
1153,Bellandur,2,981.0,2.0,37.28
1154,Bellandur,2,1205.0,2.0,59.0
1155,Bellandur,2,1063.0,2.0,58.0
1156,Bellandur,2,1201.0,2.0,59.99
1157,Bellandur,2,1325.0,2.0,65.0
1158,Bellandur,2,1281.0,2.0,87.0
1160,Bellandur,2,1200.0,2.0,52.0
1161,Bellandur,3,1785.0,3.0,120.0
1162,Bellandur,2,1088.0,2.0,48.0
1163,Bellandur,2,1310.0,2.0,85.0
1164,Bellandur,2,982.0,2.0,37.28
1165,Bellandur,2,1465.0,3.0,90.0
1166,Bellandur,3,1767.0,3.0,109.0
1167,Bellandur,2,924.0,2.0,35.11
1168,Bellandur,4,3600.0,4.0,245.0
1169,Bellandur,2,1170.0,2.0,46.79
1170,Bellandur,2,1150.0,2.0,69.44
1171,Bellandur,2,1200.0,2.0,45.0
1173,Bellandur,2,1410.0,3.0,92.0
1174,Bellandur,2,950.0,2.0,35.0
1175,Bellandur,2,1015.0,2.0,60.0
1177,Bellandur,3,1685.0,3.0,101.0
1178,Bellandur,3,1735.0,3.0,105.0
1179,Bellandur,3,1685.0,3.0,115.0
1180,Bellandur,3,1846.0,3.0,135.0
1181,Bellandur,2,1049.0,2.0,51.0
1183,Bellandur,2,1211.0,2.0,63.0
1184,Bellandur,3,1717.0,3.0,110.0
1186,Bellandur,2,1185.0,2.0,47.39
1187,Bellandur,2,1200.0,2.0,62.0
1191,Bellandur,2,1251.0,2.0,47.0
1193,Bellandur,2,960.0,2.0,48.0
1194,Bellandur,3,1690.0,2.0,116.0
1195,Bellandur,1,950.0,1.0,40.0
1196,Bellandur,2,850.0,2.0,45.0
1197,Bellandur,2,1454.0,2.0,90.0
1199,Bellandur,2,1195.0,2.0,52.0
1200,Bellandur,3,1435.0,2.0,115.0
1202,Bellandur,2,1260.0,2.0,83.5
1203,Bellandur,3,1535.0,3.0,90.0
1204,Bellandur,2,1047.0,2.0,75.0
1205,Bellandur,2,1096.0,2.0,40.0
1206,Bellandur,2,1262.0,2.0,47.0
1207,Benson Town,3,3200.0,4.0,350.0
1208,Benson Town,4,4460.0,5.0,650.0
1209,Benson Town,3,2850.0,4.0,470.0
1210,Benson Town,2,1300.0,2.0,120.0
1211,Benson Town,2,1567.0,3.0,140.0
1212,Benson Town,4,3633.0,6.0,550.0
1213,Benson Town,2,1688.12,2.0,270.0
1214,Benson Town,3,1805.0,3.0,280.0
1215,Benson Town,2,1688.0,2.0,280.0
1216,Bharathi Nagar,2,1322.0,2.0,68.0
1217,Bharathi Nagar,2,1351.0,2.0,70.0
1218,Bharathi Nagar,2,1384.0,2.0,59.0
1219,Bharathi Nagar,2,1351.0,2.0,74.0
1220,Bharathi Nagar,2,1432.0,2.0,68.0
1222,Bharathi Nagar,2,1349.0,2.0,56.7
1223,Bharathi Nagar,2,1328.0,2.0,69.0
1224,Bharathi Nagar,2,1300.0,2.0,55.86
1225,Bhoganhalli,3,1670.0,3.0,99.0
1228,Bhoganhalli,2,1444.0,2.0,75.97
1229,Bhoganhalli,2,1447.0,2.0,75.97
1230,Bhoganhalli,3,1700.0,3.0,126.0
1231,Bhoganhalli,2,1447.0,2.0,75.97
1236,Bhoganhalli,3,1760.0,3.0,127.0
1238,Bhoganhalli,2,1447.0,2.0,75.97
1239,Bhoganhalli,3,1949.0,3.0,129.0
1240,Bhoganhalli,3,1760.0,3.0,128.0
1241,Bhoganhalli,2,1447.0,2.0,75.97
1242,Bhoganhalli,4,2439.0,4.0,185.0
1246,Bhoganhalli,2,1444.0,2.0,75.97
1247,Bhoganhalli,2,1205.0,2.0,64.47
1248,Bhoganhalli,2,1447.0,2.0,75.97
1249,Bhoganhalli,4,2439.0,5.0,170.0
1251,Bhoganhalli,2,1205.0,2.0,68.32
1252,Bhoganhalli,2,1260.0,2.0,69.9
1253,Bhoganhalli,4,2439.0,4.0,170.0
1254,Bhoganhalli,3,1707.0,3.0,115.0
1256,Bhoganhalli,2,970.0,2.0,52.5
1258,Bhoganhalli,2,1277.0,2.0,79.89
1260,Bhoganhalli,3,1703.0,3.0,120.0
1262,Billekahalli,2,1125.0,2.0,62.0
1264,Billekahalli,2,1090.0,2.0,52.0
1265,Billekahalli,2,1112.0,2.0,62.0
1266,Billekahalli,3,2400.0,3.0,150.0
1267,Billekahalli,3,2968.0,3.0,225.0
1268,Billekahalli,2,950.0,2.0,58.11
1269,Billekahalli,2,1360.0,2.0,110.0
1270,Billekahalli,2,1125.0,2.0,65.0
1271,Billekahalli,2,950.0,2.0,56.0
1273,Billekahalli,3,1805.0,3.0,134.0
1274,Binny Pete,3,1755.0,3.0,122.0
1275,Binny Pete,1,665.0,1.0,50.75
1276,Binny Pete,3,2465.0,5.0,234.0
1278,Binny Pete,2,1245.0,2.0,86.28
1279,Binny Pete,1,660.0,1.0,54.0
1280,Binny Pete,1,665.0,1.0,46.08
1281,Binny Pete,1,660.0,1.0,62.0
1282,Binny Pete,2,1365.0,2.0,122.0
1283,Binny Pete,4,2940.0,6.0,280.0
1284,Binny Pete,3,1795.0,3.0,139.0
1285,Binny Pete,3,1740.0,3.0,150.0
1286,Binny Pete,3,1970.0,3.0,164.0
1287,Binny Pete,3,1516.0,3.0,147.0
1288,Bisuvanahalli,3,1180.0,3.0,48.0
1290,Bisuvanahalli,3,1075.0,2.0,46.0
1293,Bisuvanahalli,3,1075.0,2.0,45.0
1295,Bisuvanahalli,2,845.0,2.0,33.0
1296,Bisuvanahalli,3,1075.0,2.0,45.0
1297,Bisuvanahalli,2,845.0,2.0,37.0
1300,Bisuvanahalli,2,845.0,2.0,29.0
1301,Bisuvanahalli,3,1075.0,2.0,47.0
1302,Bisuvanahalli,2,850.0,1.0,32.0
1303,Bisuvanahalli,3,1075.0,2.0,50.0
1304,Bisuvanahalli,3,1075.0,2.0,52.0
1305,Bisuvanahalli,3,1180.0,2.0,46.0
1306,Bisuvanahalli,3,1075.0,2.0,42.0
1307,Bisuvanahalli,2,845.0,2.0,37.0
1308,Bisuvanahalli,3,1075.0,2.0,43.0
1309,Bisuvanahalli,2,700.0,1.0,32.0
1310,Bisuvanahalli,3,1075.0,2.0,52.0
1311,Bisuvanahalli,3,1075.0,2.0,50.0
1313,Bisuvanahalli,2,845.0,2.0,33.0
1314,Bisuvanahalli,2,945.0,2.0,33.0
1315,Bisuvanahalli,2,845.0,2.0,30.0
1318,Bisuvanahalli,3,1075.0,2.0,43.0
1319,Bisuvanahalli,3,1080.0,2.0,45.0
1320,Bisuvanahalli,3,1180.0,2.0,55.5
1321,Bisuvanahalli,3,1075.0,2.0,47.0
1322,Bisuvanahalli,3,1075.0,2.0,48.0
1324,Bisuvanahalli,3,1075.0,2.0,45.0
1325,Bisuvanahalli,3,1075.0,2.0,44.0
1326,Bisuvanahalli,2,850.0,2.0,27.0
1327,Bisuvanahalli,3,1075.0,2.0,42.0
1328,Bisuvanahalli,2,845.0,2.0,32.0
1330,Bisuvanahalli,2,845.0,2.0,34.0
1331,Bommanahalli,8,3000.0,8.0,140.0
1332,Bommanahalli,1,520.0,1.0,19.5
1333,Bommanahalli,1,515.0,1.0,25.0
1334,Bommanahalli,2,1090.0,3.0,44.0
1337,Bommanahalli,3,1850.0,3.0,90.0
1338,Bommanahalli,2,910.0,2.0,45.0
1339,Bommanahalli,2,1050.0,2.0,46.0
1340,Bommanahalli,2,1100.0,1.0,55.0
1342,Bommanahalli,2,1350.0,2.0,72.0
1343,Bommanahalli,4,2100.0,4.0,85.0
1344,Bommanahalli,2,1307.0,2.0,50.0
1345,Bommanahalli,2,1091.0,2.0,40.0
1346,Bommanahalli,2,1160.0,2.0,53.0
1347,Bommanahalli,2,1050.0,2.0,54.0
1348,Bommasandra,3,1260.0,3.0,49.36
1349,Bommasandra,3,1200.0,3.0,46.0
1350,Bommasandra,2,1035.0,2.0,41.0
1351,Bommasandra,2,1035.0,2.0,41.73
1352,Bommasandra,2,1034.0,2.0,40.0
1353,Bommasandra,2,877.0,2.0,30.0
1354,Bommasandra,2,920.0,2.0,37.46
1355,Bommasandra,2,1035.0,2.0,41.43
1356,Bommasandra,3,1295.0,2.0,50.28
1358,Bommasandra,2,1015.0,2.0,40.0
1359,Bommasandra,2,1000.0,2.0,35.0
1360,Bommasandra,2,955.0,2.0,35.28
1361,Bommasandra,2,1005.0,2.0,39.77
1362,Bommasandra,2,1014.0,2.0,35.0
1363,Bommasandra,2,1020.0,2.0,40.89
1364,Bommasandra,2,920.0,2.0,37.2
1365,Bommasandra,2,800.0,1.0,32.0
1366,Bommasandra,3,1280.0,3.0,50.0
1367,Bommasandra,3,1942.0,3.0,90.0
1368,Bommasandra,2,1127.0,2.0,45.0
1370,Bommasandra,2,877.0,2.0,29.0
1371,Bommasandra,3,1365.0,3.0,52.81
1372,Bommasandra,2,842.0,2.0,30.0
1373,Bommasandra,3,1260.0,3.0,49.36
1374,Bommasandra,3,1365.0,3.0,52.82
1375,Bommasandra,2,955.0,2.0,37.97
1376,Bommasandra,2,1089.0,2.0,40.0
1377,Bommasandra,3,1365.0,3.0,53.96
1378,Bommasandra Industrial Area,2,1090.0,2.0,31.48
1380,Bommasandra Industrial Area,3,1400.0,2.0,40.44
1381,Bommasandra Industrial Area,3,1320.0,2.0,38.13
1383,Bommasandra Industrial Area,2,1020.0,2.0,29.45
1384,Bommasandra Industrial Area,2,1165.0,2.0,33.64
1385,Bommasandra Industrial Area,2,1090.0,2.0,31.48
1387,Bommasandra Industrial Area,2,1000.0,2.0,28.88
1388,Bommasandra Industrial Area,2,1020.0,2.0,29.45
1389,Bommasandra Industrial Area,2,1160.0,2.0,33.51
1390,Bommasandra Industrial Area,2,1125.0,2.0,32.49
1393,Bommasandra Industrial Area,2,1125.0,2.0,32.49
1394,Bommasandra Industrial Area,2,1130.0,2.0,32.64
1395,Bommasandra Industrial Area,2,1065.0,2.0,30.75
1396,Bommenahalli,3,1200.0,3.0,125.0
1397,Bommenahalli,4,1632.0,3.0,145.0
1398,Bommenahalli,4,1670.0,3.0,135.0
1399,Bommenahalli,4,1680.0,3.0,135.0
1400,Bommenahalli,4,1632.0,3.0,128.0
1401,Bommenahalli,3,3339.0,3.0,250.0
1402,Bommenahalli,4,1355.0,3.0,135.0
1403,Bommenahalli,3,1232.0,3.0,96.0
1404,Bommenahalli,4,1632.0,3.0,140.0
1405,Brookefield,2,1150.0,2.0,69.0
1406,Brookefield,2,1142.0,2.0,70.0
1410,Brookefield,4,2800.0,4.0,240.0
1411,Brookefield,3,1476.0,3.0,105.0
1412,Brookefield,4,1700.0,4.0,152.0
1413,Brookefield,2,1262.0,2.0,75.0
1414,Brookefield,2,1139.0,2.0,80.0
1415,Brookefield,2,1125.0,2.0,70.0
1416,Brookefield,3,1420.0,3.0,85.0
1418,Brookefield,2,941.0,2.0,48.0
1421,Brookefield,2,1100.0,2.0,55.0
1422,Brookefield,4,2400.0,3.0,140.0
1423,Brookefield,2,1225.0,2.0,66.5
1424,Brookefield,5,1950.0,6.0,175.0
1425,Brookefield,2,1080.0,2.0,50.0
1426,Brookefield,2,1230.0,2.0,55.0
1427,Brookefield,2,1200.0,2.0,75.0
1428,Brookefield,2,1089.0,2.0,49.0
1429,Brookefield,2,1130.0,2.0,56.0
1430,Brookefield,2,1270.0,2.0,95.0
1431,Brookefield,3,1706.0,3.0,115.0
1432,Brookefield,2,1389.0,2.0,94.0
1434,Brookefield,2,1225.0,2.0,72.0
1436,Brookefield,3,1746.0,3.0,115.0
1438,Brookefield,4,1560.0,3.0,149.0
1440,Brookefield,2,1382.0,2.0,84.5
1441,Brookefield,2,1260.0,2.0,70.0
1442,Brookefield,2,1206.0,2.0,90.0
1444,Brookefield,3,1594.0,3.0,140.0
1445,Budigere,2,1153.0,2.0,56.4
1446,Budigere,2,1162.0,2.0,59.9
1447,Budigere,3,1991.0,4.0,103.0
1448,Budigere,2,1153.0,2.0,57.0
1449,Budigere,2,1162.0,2.0,57.0
1450,Budigere,2,1139.0,2.0,62.0
1451,Budigere,2,1139.0,2.0,56.8
1452,Budigere,2,1139.0,2.0,56.85
1455,Budigere,1,664.0,1.0,35.0
1456,Budigere,3,1820.0,3.0,93.0
1457,Budigere,3,1636.0,3.0,85.0
1458,Budigere,2,1444.0,2.0,70.0
1460,Budigere,2,1139.0,2.0,60.0
1462,Budigere,3,1820.0,3.0,93.0
1464,Budigere,2,1162.0,2.0,58.0
1465,Budigere,3,1636.0,3.0,85.0
1466,Budigere,3,1636.0,3.0,92.0
1467,Budigere,2,1087.0,2.0,54.3
1469,Budigere,2,1149.0,2.0,65.0
1470,Budigere,1,664.0,1.0,35.4
1471,Budigere,2,1153.0,2.0,56.7
1473,Budigere,2,1139.0,2.0,56.5
1474,Budigere,3,1636.0,3.0,83.0
1475,Budigere,1,664.0,1.0,34.0
1477,Budigere,2,1162.0,2.0,58.0
1478,Budigere,2,1153.0,2.0,60.0
1479,Budigere,3,1820.0,3.0,99.0
1480,Budigere,2,1172.0,2.0,56.725
1483,Budigere,3,1820.0,3.0,95.0
1485,Budigere,3,1820.0,3.0,95.5
1486,Budigere,2,1153.0,2.0,56.0
1487,Budigere,1,705.0,1.0,34.545
1488,Budigere,2,1153.0,2.0,56.5
1489,Budigere,2,1153.0,2.0,58.0
1490,Budigere,3,1636.0,3.0,88.0
1491,Budigere,2,1153.0,2.0,56.55
1492,Budigere,2,1153.0,2.0,56.5
1493,Budigere,2,1153.0,2.0,60.0
1495,CV Raman Nagar,2,1120.0,2.0,55.0
1496,CV Raman Nagar,2,1070.0,2.0,55.0
1497,CV Raman Nagar,2,740.0,2.0,37.0
1498,CV Raman Nagar,2,1028.0,2.0,49.0
1499,CV Raman Nagar,2,1392.0,2.0,98.0
1500,CV Raman Nagar,2,1070.0,2.0,47.5
1501,CV Raman Nagar,3,1825.0,3.0,126.0
1502,CV Raman Nagar,2,1025.0,2.0,50.0
1504,CV Raman Nagar,2,1198.0,2.0,60.0
1505,CV Raman Nagar,2,1560.0,2.0,85.0
1506,CV Raman Nagar,3,1590.0,2.0,85.0
1507,CV Raman Nagar,2,1100.0,2.0,58.0
1508,CV Raman Nagar,2,1051.0,2.0,61.0
1510,CV Raman Nagar,2,1020.0,2.0,55.0
1511,CV Raman Nagar,2,1285.0,2.0,65.0
1512,CV Raman Nagar,2,1040.0,2.0,50.0
1513,CV Raman Nagar,2,1392.0,2.0,95.0
1514,CV Raman Nagar,1,705.0,2.0,50.0
1515,CV Raman Nagar,2,1125.0,2.0,46.0
1516,CV Raman Nagar,3,1400.0,2.0,78.0
1517,CV Raman Nagar,3,1400.0,2.0,78.0
1518,CV Raman Nagar,2,907.0,2.0,38.0
1520,CV Raman Nagar,2,1310.0,2.0,62.0
1521,Chamrajpet,3,1475.0,2.0,120.0
1522,Chamrajpet,4,1900.0,2.0,170.0
1523,Chamrajpet,2,1350.0,2.0,180.0
1524,Chamrajpet,2,1050.0,2.0,162.0
1525,Chamrajpet,4,1660.4,4.0,211.0
1526,Chamrajpet,1,505.0,1.0,85.0
1527,Chamrajpet,3,1565.0,3.0,98.91
1528,Chamrajpet,2,730.0,1.0,52.0
1529,Chamrajpet,2,650.0,1.0,40.0
1530,Chamrajpet,2,650.0,2.0,45.0
1531,Chamrajpet,3,1650.0,3.0,115.0
1532,Chandapura,2,650.0,1.0,17.0
1533,Chandapura,1,645.0,1.0,16.45
1534,Chandapura,1,645.0,1.0,16.45
1536,Chandapura,2,1015.0,2.0,25.88
1537,Chandapura,1,530.0,1.0,11.66
1538,Chandapura,3,1208.0,3.0,45.0
1540,Chandapura,2,1200.0,2.0,32.0
1541,Chandapura,2,1025.0,2.0,27.68
1542,Chandapura,1,582.5,1.0,15.135
1543,Chandapura,2,1015.0,2.0,25.88
1545,Chandapura,3,1065.0,2.0,33.0
1548,Chandapura,2,850.0,2.0,25.4
1549,Chandapura,1,590.0,1.0,13.57
1550,Chandapura,1,645.0,1.0,16.45
1551,Chandapura,1,630.0,1.0,13.86
1553,Chandapura,2,1015.0,2.0,25.88
1554,Chandapura,3,1107.0,2.0,43.0
1555,Chandapura,1,520.0,1.0,14.04
1556,Chandapura,2,1200.0,1.0,36.0
1557,Chandapura,2,975.0,2.0,24.86
1558,Chandapura,1,645.0,1.0,16.45
1559,Chandapura,2,985.0,2.0,25.12
1560,Chandapura,1,645.0,1.0,16.45
1561,Chandapura,2,975.0,2.0,24.86
1562,Chandapura,2,700.0,1.0,19.0
1564,Chandapura,3,1095.0,2.0,32.0
1565,Chandapura,4,1891.0,2.0,66.165
1566,Chandapura,3,1208.51,3.0,42.0
1567,Chandapura,2,876.0,2.0,29.5
1568,Chandapura,1,645.0,1.0,16.45
1571,Chandapura,1,645.0,1.0,16.45
1572,Chandapura,2,937.0,2.0,30.0
1573,Chandapura,2,1025.0,2.0,27.68
1574,Chandapura,2,975.0,2.0,24.86
1575,Chandapura,2,800.0,2.0,25.0
1576,Chandapura,1,645.0,1.0,16.45
1577,Chandapura,2,778.0,2.0,25.29
1579,Chandapura,2,950.0,2.0,25.65
1580,Chandapura,2,1200.0,2.0,36.0
1581,Chandapura,1,645.0,1.0,16.45
1582,Chandapura,2,922.0,2.0,36.0
1584,Chandapura,2,674.0,1.0,19.9
1589,Chandapura,2,985.0,2.0,25.12
1591,Chandapura,2,1025.0,2.0,27.68
1593,Chandapura,2,1015.0,2.0,25.88
1594,Chandapura,3,1345.0,2.0,39.5
1595,Chandapura,3,1033.0,2.0,30.47
1596,Chandapura,3,971.0,2.0,38.0
1597,Chandapura,2,1015.0,2.0,25.88
1598,Chandapura,2,800.0,1.0,30.0
1600,Chandapura,2,900.0,2.0,35.0
1601,Chandapura,2,975.0,2.0,24.86
1602,Chandapura,1,520.0,1.0,14.04
1605,Chandapura,3,1323.0,2.0,42.0
1606,Chandapura,1,410.0,1.0,10.0
1607,Chandapura,2,985.0,2.0,25.12
1608,Chandapura,1,645.0,1.0,16.45
1609,Chandapura,1,645.0,1.0,16.45
1610,Chandapura,2,1200.0,2.0,36.0
1611,Chandapura,2,740.0,1.0,22.0
1612,Chandapura,2,876.0,2.0,28.47
1614,Chandapura,1,520.0,1.0,14.04
1616,Channasandra,2,1009.0,2.0,38.34
1617,Channasandra,2,1065.0,2.0,35.0
1618,Channasandra,3,1470.0,2.0,90.0
1619,Channasandra,2,1115.0,2.0,33.45
1620,Channasandra,2,1030.0,2.0,34.5
1621,Channasandra,6,4200.0,6.0,180.0
1622,Channasandra,2,1115.0,2.0,40.0
1623,Channasandra,3,1200.0,3.0,67.77
1624,Channasandra,2,1104.0,2.0,35.5
1625,Channasandra,2,1160.0,2.0,55.0
1626,Channasandra,2,1050.0,2.0,41.0
1627,Channasandra,2,1065.0,2.0,40.47
1629,Channasandra,2,1070.0,2.0,38.0
1630,Channasandra,2,1050.0,2.0,35.0
1631,Channasandra,2,1093.0,2.0,34.0
1632,Channasandra,2,808.0,2.0,40.0
1633,Channasandra,2,1010.0,2.0,36.0
1634,Channasandra,2,1123.0,2.0,36.0
1635,Channasandra,2,1000.0,2.0,35.0
1636,Channasandra,4,1500.0,4.0,89.45
1637,Channasandra,3,1330.0,2.0,51.83
1638,Channasandra,2,1093.0,2.0,37.0
1639,Channasandra,2,1115.0,2.0,35.8
1640,Channasandra,3,1500.0,3.0,61.95
1642,Channasandra,2,830.0,2.0,36.28
1643,Channasandra,3,1200.0,3.0,67.77
1644,Channasandra,3,1195.0,2.0,56.0
1645,Channasandra,2,1175.0,2.0,38.0
1646,Channasandra,2,1200.0,2.0,46.13
1647,Channasandra,2,1065.0,2.0,36.0
1648,Channasandra,2,1050.0,2.0,44.41
1649,Channasandra,2,1010.0,2.0,32.0
1650,Chikka Tirupathi,4,2600.0,5.0,120.0
1651,Chikka Tirupathi,4,2325.0,4.0,120.0
1652,Chikka Tirupathi,3,1808.0,4.0,80.27
1653,Chikka Tirupathi,3,3297.0,3.0,135.0
1654,Chikka Tirupathi,4,3500.0,5.0,150.0
1655,Chikka Tirupathi,3,2646.0,3.0,99.0
1656,Chikka Tirupathi,4,2704.0,5.0,105.0
1657,Chikka Tirupathi,3,2325.0,3.0,95.0
1658,Chikka Tirupathi,4,2325.0,4.0,120.0
1659,Chikka Tirupathi,4,3250.0,4.0,136.0
1660,Chikka Tirupathi,4,2665.0,5.0,125.0
1661,Chikkabanavar,2,950.0,2.0,40.0
1662,Chikkabanavar,3,1600.0,2.0,80.0
1663,Chikkabanavar,2,600.0,1.0,25.0
1664,Chikkabanavar,4,2460.0,7.0,80.0
1665,Chikkabanavar,5,2400.0,4.0,97.0
1666,Chikkabanavar,5,2000.0,4.0,65.0
1667,Chikkabanavar,2,1067.0,2.0,38.0
1668,Chikkabanavar,3,1320.0,2.0,46.0
1669,Chikkabanavar,8,4000.0,7.0,110.0
1671,Chikkalasandra,2,1100.0,2.0,50.0
1672,Chikkalasandra,2,1208.0,2.0,49.0
1673,Chikkalasandra,2,875.0,2.0,52.8
1675,Chikkalasandra,2,1800.0,1.0,128.0
1676,Chikkalasandra,2,1070.0,2.0,50.0
1677,Chikkalasandra,2,1230.0,2.0,48.0
1678,Chikkalasandra,3,1428.0,2.0,80.0
1679,Chikkalasandra,2,1070.0,2.0,42.8
1683,Chikkalasandra,2,1075.0,2.0,46.76
1686,Chikkalasandra,2,1070.0,2.0,45.48
1687,Chikkalasandra,2,1100.0,2.0,50.0
1690,Chikkalasandra,2,1224.0,2.0,45.0
1691,Chikkalasandra,2,1090.0,2.0,47.42
1694,Chikkalasandra,2,1325.0,2.0,59.0
1695,Chikkalasandra,2,1290.0,2.0,72.0
1698,Choodasandra,2,1115.0,2.0,50.0
1699,Choodasandra,2,1300.0,2.0,57.0
1700,Choodasandra,3,1530.0,3.0,77.0
1703,Choodasandra,2,1197.0,2.0,63.0
1704,Choodasandra,3,1465.0,3.0,75.0
1705,Choodasandra,2,1115.0,2.0,50.0
1706,Choodasandra,2,1215.0,2.0,59.0
1707,Choodasandra,3,1254.0,2.0,65.0
1708,Choodasandra,3,1580.0,3.0,105.0
1709,Choodasandra,2,725.0,2.0,36.0
1710,Choodasandra,4,2429.0,3.0,210.0
1712,Choodasandra,2,1075.0,2.0,45.0
1713,Choodasandra,2,1180.0,2.0,71.22
1714,Choodasandra,2,1140.0,2.0,62.0
1716,Choodasandra,3,1560.0,3.0,78.0
1717,Choodasandra,2,1065.0,2.0,46.0
1718,Choodasandra,2,1115.0,2.0,50.0
1720,Choodasandra,2,1115.0,2.0,50.0
1721,Cooke Town,4,3950.0,4.0,450.0
1722,Cooke Town,3,2388.0,4.0,239.0
1723,Cooke Town,2,1710.0,2.0,200.0
1724,Cooke Town,2,1310.0,2.0,111.0
1725,Cooke Town,4,3900.0,5.0,415.0
1726,Cooke Town,3,2560.0,4.0,310.0
1727,Cooke Town,3,2600.0,3.0,375.0
1728,Cooke Town,2,1100.0,2.0,90.0
1729,Cooke Town,3,2300.0,3.0,250.0
1730,Cox Town,3,1975.0,3.0,150.0
1731,Cox Town,3,1650.0,3.0,100.0
1732,Cox Town,3,1730.0,3.0,140.0
1733,Cox Town,3,1600.0,3.0,150.0
1734,Cox Town,2,1250.0,2.0,95.0
1735,Cox Town,2,1280.0,2.0,120.0
1736,Cox Town,2,1073.0,2.0,72.0
1737,Cox Town,2,1000.0,2.0,58.0
1738,Cox Town,2,1200.0,2.0,140.0
1739,Cunningham Road,4,5270.0,4.0,1250.0
1740,Cunningham Road,3,3875.0,3.0,864.0
1741,Cunningham Road,3,3875.0,3.0,800.0
1742,Cunningham Road,3,3815.0,3.0,763.0
1743,Cunningham Road,3,2880.0,3.0,501.0
1744,Cunningham Road,3,3489.0,3.0,662.0
1745,Cunningham Road,3,4170.0,3.0,800.0
1747,Cunningham Road,3,2700.0,3.0,501.0
1748,Cunningham Road,4,7500.0,6.0,1800.0
1749,Cunningham Road,3,2880.0,3.0,560.0
1750,Dairy Circle,3,1855.0,3.0,225.0
1751,Dairy Circle,3,1980.0,3.0,224.0
1752,Dairy Circle,4,3730.0,6.0,450.0
1753,Dairy Circle,4,3754.0,6.0,430.0
1754,Dairy Circle,4,3754.0,6.0,480.0
1755,Dairy Circle,2,1541.0,2.0,181.0
1756,Dairy Circle,3,2735.0,4.0,340.0
1757,Dairy Circle,4,3730.0,6.0,430.0
1758,Dasanapura,2,708.0,2.0,37.0
1759,Dasanapura,2,708.0,1.0,40.0
1760,Dasanapura,2,965.0,2.0,42.5
1762,Dasanapura,2,814.0,2.0,42.0
1763,Dasanapura,2,1163.0,2.0,65.0
1764,Dasanapura,3,1286.0,2.0,68.0
1765,Dasanapura,2,708.0,2.0,31.15
1766,Dasanapura,1,708.0,1.0,41.0
1767,Dasanapura,2,814.0,2.0,43.7
1768,Dasarahalli,2,1295.0,2.0,65.0
1770,Dasarahalli,2,1150.0,2.0,70.0
1771,Dasarahalli,3,2100.0,3.0,120.0
1772,Dasarahalli,2,1220.0,2.0,52.0
1773,Dasarahalli,2,1375.0,2.0,60.0
1774,Dasarahalli,2,1333.0,2.0,78.56
1775,Dasarahalli,2,1220.0,2.0,62.0
1776,Devanahalli,4,3210.0,2.0,192.0
1777,Devanahalli,2,1260.0,2.0,66.78
1778,Devanahalli,3,1282.0,2.0,68.52
1779,Devanahalli,2,1360.0,2.0,65.0
1781,Devanahalli,2,1408.0,2.0,85.0
1782,Devanahalli,2,1010.0,2.0,51.0
1783,Devanahalli,2,1080.0,2.0,53.35
1784,Devanahalli,5,2400.0,5.0,100.0
1787,Devanahalli,2,1174.0,2.0,59.0
1788,Devanahalli,2,3752.5,2.0,177.115
1789,Devanahalli,1,658.0,1.0,34.0
1790,Devanahalli,1,658.0,1.0,26.91
1791,Devanahalli,1,698.5,1.0,28.57
1792,Devanahalli,2,1080.0,2.0,52.0
1793,Devanahalli,3,1700.0,3.0,88.2
1794,Devanahalli,3,1498.0,3.0,79.15
1795,Devanahalli,3,1466.0,3.0,77.59
1796,Devanahalli,1,775.0,1.0,39.0
1797,Devanahalli,1,1020.0,2.0,49.87
1799,Devanahalli,3,1550.0,3.0,85.0
1801,Devanahalli,2,1340.0,2.0,65.0
1802,Devanahalli,3,2125.0,3.0,107.0
1805,Devanahalli,1,658.0,1.0,26.91
1807,Devanahalli,2,1010.0,2.0,58.0
1810,Devanahalli,1,1075.0,2.0,52.57
1811,Dodda Nekkundi,2,1260.0,2.0,55.0
1812,Dodda Nekkundi,2,850.0,2.0,28.0
1813,Dodda Nekkundi,2,1390.0,2.0,60.0
1814,Dodda Nekkundi,3,1804.0,3.0,121.0
1815,Dodda Nekkundi,2,1080.0,2.0,50.0
1816,Dodda Nekkundi,3,1999.0,3.0,132.0
1817,Dodda Nekkundi,2,1100.0,2.0,48.0
1818,Dodda Nekkundi,3,1999.0,3.0,135.0
1819,Dodda Nekkundi,2,1100.0,2.0,41.15
1820,Dodda Nekkundi,3,1252.0,2.0,71.0
1821,Dodda Nekkundi,2,1155.0,2.0,46.0
1822,Dodda Nekkundi,2,1128.0,2.0,45.0
1823,Dodda Nekkundi,2,1148.0,2.0,56.0
1825,Dodda Nekkundi,2,1145.0,2.0,46.5
1826,Dodda Nekkundi,3,1829.0,3.0,125.0
1827,Dodda Nekkundi,2,1100.0,2.0,41.16
1828,Dodda Nekkundi,2,1100.0,2.0,46.75
1829,Dodda Nekkundi,2,1315.0,2.0,50.0
1830,Dodda Nekkundi,2,1135.0,2.0,58.0
1831,Dodda Nekkundi,2,1100.0,2.0,41.18
1832,Dodda Nekkundi,2,1370.0,2.0,60.0
1833,Dodda Nekkundi,2,1200.0,2.0,71.0
1834,Dodda Nekkundi,3,1585.0,2.0,79.0
1835,Dodda Nekkundi,2,1005.0,2.0,45.0
1836,Dodda Nekkundi,2,1264.0,2.0,52.0
1837,Doddaballapur,4,1690.0,3.0,80.0
1838,Doddaballapur,4,4200.0,4.0,325.0
1839,Doddaballapur,3,3876.0,3.0,300.0
1840,Doddaballapur,3,2776.0,4.0,195.0
1841,Doddaballapur,3,2440.0,3.0,142.0
1842,Doddaballapur,4,2400.0,3.0,200.0
1843,Doddaballapur,1,654.0,1.0,49.0
1844,Doddaballapur,4,3206.0,5.0,270.0
1845,Doddakallasandra,2,1010.0,2.0,40.39
1850,Doddakallasandra,2,1010.0,2.0,40.39
1851,Doddakallasandra,2,1072.0,2.0,42.87
1852,Doddakallasandra,2,1010.0,2.0,40.4
1853,Doddakallasandra,2,1010.0,2.0,41.0
1854,Doddakallasandra,2,1072.0,2.0,42.87
1855,Doddathoguru,2,970.0,2.0,33.0
1856,Doddathoguru,2,1050.0,2.0,32.0
1857,Doddathoguru,2,850.0,2.0,25.0
1858,Doddathoguru,2,1030.0,2.0,42.0
1859,Doddathoguru,3,1549.0,3.0,65.0
1861,Doddathoguru,1,550.0,1.0,17.0
1862,Doddathoguru,2,1015.0,2.0,33.5
1863,Doddathoguru,2,1104.0,2.0,39.0
1864,Doddathoguru,2,915.0,2.0,32.0
1865,Doddathoguru,1,750.0,1.0,25.5
1866,Doddathoguru,3,1595.0,3.0,62.0
1867,Doddathoguru,2,855.0,2.0,32.0
1868,Doddathoguru,2,1105.0,2.0,50.0
1869,Doddathoguru,2,925.0,2.0,30.0
1871,Doddathoguru,3,1208.0,3.0,45.0
1872,Doddathoguru,2,1100.0,2.0,50.0
1873,Doddathoguru,2,940.0,2.0,32.9
1874,Doddathoguru,3,1382.0,3.0,65.0
1875,Doddathoguru,2,1107.0,2.0,44.0
1876,Doddathoguru,2,907.0,2.0,40.0
1877,Doddathoguru,3,1783.0,3.0,85.0
1878,Doddathoguru,1,550.0,1.0,17.0
1879,Dodsworth Layout,4,30000.0,4.0,2100.0
1880,Dodsworth Layout,2,1400.0,2.0,80.0
1881,Dodsworth Layout,3,1717.0,3.0,99.0
1882,Dodsworth Layout,3,1594.0,3.0,99.0
1883,Dodsworth Layout,3,1893.0,3.0,115.0
1884,Dodsworth Layout,2,1400.0,2.0,85.0
1885,Dodsworth Layout,6,30400.0,4.0,1824.0
1886,Domlur,3,1540.0,3.0,90.0
1887,Domlur,3,1875.0,2.0,150.0
1888,Domlur,3,1429.0,3.0,86.0
1889,Domlur,1,640.0,1.0,55.0
1890,Domlur,2,1050.0,2.0,85.0
1891,Domlur,3,1800.0,3.0,150.0
1892,Domlur,3,1720.0,3.0,135.0
1893,Domlur,3,1950.0,3.0,165.0
1894,Domlur,3,2180.0,3.0,285.0
1895,Domlur,1,650.0,1.0,70.0
1896,Domlur,1,780.0,1.0,70.0
1897,Domlur,3,2180.0,3.0,285.0
1898,Domlur,3,1740.0,3.0,120.0
1899,Domlur,3,1695.0,3.0,125.0
1900,Domlur,2,1246.0,2.0,95.0
1901,Domlur,3,2100.0,3.0,145.0
1902,Domlur,2,1276.0,2.0,80.0
1903,Domlur,3,1850.0,3.0,180.0
1904,Domlur,3,2955.0,3.0,235.0
1905,Domlur,3,1650.0,3.0,180.0
1906,Dommasandra,2,805.0,2.0,22.14
1908,Dommasandra,3,1267.0,3.0,56.0
1909,Dommasandra,2,1200.0,2.0,50.0
1910,Dommasandra,4,2700.0,3.0,68.0
1912,Dommasandra,2,1153.0,2.0,43.5
1913,Dommasandra,2,1500.0,2.0,40.0
1914,Dommasandra,2,1090.0,2.0,43.5
1915,Dommasandra,2,850.0,2.0,25.4
1916,Dommasandra,2,674.0,1.0,19.9
1917,Dommasandra,2,999.0,2.0,32.9
1918,EPIP Zone,3,1499.0,5.0,102.0
1919,EPIP Zone,2,1285.0,2.0,82.0
1920,EPIP Zone,3,2330.0,3.0,162.0
1921,EPIP Zone,2,1330.0,2.0,92.5
1922,EPIP Zone,2,1330.0,2.0,86.98
1923,EPIP Zone,2,1330.0,2.0,93.36
1925,EPIP Zone,3,1500.0,3.0,102.0
1926,EPIP Zone,2,1280.0,2.0,69.0
1927,EPIP Zone,2,1125.0,2.0,65.0
1928,EPIP Zone,3,1734.0,3.0,125.0
1930,EPIP Zone,2,1343.0,2.0,86.0
1931,EPIP Zone,3,2350.0,4.0,163.0
1932,EPIP Zone,3,1860.0,3.0,130.0
1933,EPIP Zone,3,2210.0,3.0,165.0
1934,EPIP Zone,3,2710.0,3.0,177.0
1937,Electronic City,3,1025.0,2.0,47.0
1940,Electronic City,3,1500.0,2.0,64.5
1941,Electronic City,2,1060.0,2.0,60.0
1942,Electronic City,2,1152.0,2.0,64.5
1944,Electronic City,2,770.0,1.0,36.0
1945,Electronic City,2,1070.0,2.0,52.0
1946,Electronic City,2,1025.0,2.0,46.0
1947,Electronic City,1,589.0,1.0,27.0
1949,Electronic City,2,910.0,2.0,40.0
1950,Electronic City,2,1108.0,2.0,63.0
1951,Electronic City,2,1128.0,2.0,65.0
1952,Electronic City,3,1800.0,3.0,95.0
1953,Electronic City,1,630.0,1.0,34.65
1954,Electronic City,2,1128.0,2.0,63.0
1955,Electronic City,3,1599.0,3.0,99.0
1958,Electronic City,2,1070.0,2.0,55.0
1959,Electronic City,2,940.0,2.0,41.0
1961,Electronic City,2,1128.0,2.0,68.75
1962,Electronic City,2,1342.0,2.0,73.3
1963,Electronic City,3,1360.0,2.0,71.0
1965,Electronic City,2,1265.0,2.0,56.93
1966,Electronic City,3,1691.0,2.0,102.0
1967,Electronic City,2,1128.0,2.0,65.49
1970,Electronic City,2,1070.0,2.0,56.1
1971,Electronic City,4,2000.0,4.0,120.0
1972,Electronic City,2,890.0,2.0,45.0
1973,Electronic City,2,1128.0,2.0,65.65
1974,Electronic City,2,865.0,2.0,42.0
1976,Electronic City,2,910.0,2.0,42.0
1978,Electronic City,3,1360.0,2.0,75.0
1979,Electronic City,2,770.0,1.0,40.0
1980,Electronic City,2,1128.0,2.0,64.0
1981,Electronic City,2,1070.0,2.0,54.0
1983,Electronic City,3,1571.0,3.0,89.0
1984,Electronic City,3,1111.0,3.0,50.0
1985,Electronic City,2,870.0,2.0,39.5
1987,Electronic City,3,1374.0,2.0,72.0
1989,Electronic City,2,1128.0,2.0,65.35
1990,Electronic City,2,1128.0,2.0,65.0
1991,Electronic City,2,755.0,1.0,34.0
1995,Electronic City,3,1563.0,3.0,91.84
1996,Electronic City,3,1652.0,3.0,70.0
1998,Electronic City,2,1025.0,2.0,54.5
1999,Electronic City,2,1070.0,2.0,46.0
2000,Electronic City,3,1350.0,3.0,58.0
2003,Electronic City,3,1700.0,3.0,75.0
2005,Electronic City,2,1128.0,2.0,68.0
2006,Electronic City,1,700.0,1.0,35.0
2007,Electronic City,3,1360.0,2.0,70.5
2009,Electronic City,3,1571.0,3.0,105.0
2013,Electronic City,3,1600.0,3.0,104.0
2015,Electronic City,3,1500.0,2.0,100.0
2019,Electronic City,2,1152.0,2.0,65.0
2020,Electronic City,2,1070.0,2.0,60.0
2021,Electronic City,2,1128.0,2.0,65.5
2022,Electronic City,2,1200.0,2.0,59.0
2023,Electronic City,2,1152.0,2.0,65.75
2025,Electronic City,2,1070.0,2.0,55.0
2026,Electronic City,2,1060.0,2.0,58.0
2027,Electronic City,2,1025.0,2.0,54.1
2032,Electronic City,3,1500.0,2.0,78.0
2033,Electronic City,2,1213.0,2.0,59.32
2034,Electronic City,3,1575.0,3.0,90.0
2035,Electronic City,3,1449.0,3.0,100.0
2037,Electronic City,2,1125.0,2.0,58.0
2039,Electronic City,3,1575.0,3.0,101.0
2041,Electronic City,1,550.0,1.0,12.0
2042,Electronic City,2,919.0,2.0,40.0
2043,Electronic City,3,1500.0,2.0,78.25
2044,Electronic City,2,1363.0,2.0,79.0
2047,Electronic City,2,1108.0,2.0,67.15
2049,Electronic City,2,1128.0,2.0,65.7
2051,Electronic City,2,1060.0,2.0,51.0
2053,Electronic City,3,1650.0,3.0,100.0
2055,Electronic City,2,1025.0,2.0,49.0
2057,Electronic City,3,1449.0,3.0,90.0
2059,Electronic City,2,1070.0,2.0,58.0
2060,Electronic City,2,1210.0,2.0,54.0
2061,Electronic City,3,1500.0,2.0,75.0
2063,Electronic City,2,1070.0,2.0,52.0
2064,Electronic City,4,2435.0,4.0,119.0
2069,Electronic City,2,1073.0,2.0,60.0
2070,Electronic City,3,1500.0,2.0,78.0
2071,Electronic City,2,1070.0,2.0,47.0
2072,Electronic City,2,1296.0,2.0,65.0
2073,Electronic City,2,1140.0,2.0,70.93
2079,Electronic City,4,2093.0,4.0,104.0
2080,Electronic City,2,1025.0,2.0,53.9
2081,Electronic City,2,940.0,2.0,54.0
2082,Electronic City,1,435.0,1.0,21.0
2083,Electronic City,3,1500.0,2.0,77.5
2084,Electronic City,3,1631.0,3.0,80.0
2085,Electronic City,2,1355.0,2.0,67.0
2088,Electronic City,1,435.0,1.0,22.0
2090,Electronic City,2,1039.0,2.0,50.0
2091,Electronic City,2,770.0,1.0,39.9
2093,Electronic City,2,1128.0,2.0,64.0
2094,Electronic City,1,605.0,1.0,13.31
2096,Electronic City,1,530.0,1.0,13.5
2097,Electronic City,2,1070.0,2.0,53.0
2100,Electronic City,3,1571.0,3.0,83.0
2102,Electronic City,3,1350.0,3.0,66.0
2103,Electronic City,3,1652.0,3.0,110.0
2107,Electronic City,2,1128.0,2.0,65.58
2108,Electronic City,1,635.0,1.0,28.0
2109,Electronic City,2,1128.0,2.0,65.4
2112,Electronic City,2,1355.0,2.0,72.9
2116,Electronic City,2,770.0,1.0,35.0
2118,Electronic City,2,865.0,2.0,40.0
2121,Electronic City,2,1108.0,2.0,63.0
2122,Electronic City,1,630.0,1.0,40.5
2125,Electronic City,1,605.0,1.0,22.0
2127,Electronic City,2,1070.0,2.0,48.0
2129,Electronic City,3,1360.0,2.0,70.0
2130,Electronic City,1,635.0,1.0,28.0
2131,Electronic City,2,1128.0,2.0,65.45
2132,Electronic City,2,890.0,2.0,40.0
2137,Electronic City,3,1360.0,2.0,58.0
2140,Electronic City,1,630.0,1.0,33.7
2144,Electronic City,3,1400.0,3.0,90.0
2145,Electronic City,3,1287.0,3.0,55.0
2146,Electronic City,2,1258.0,2.0,85.5
2147,Electronic City,2,1386.0,2.0,85.0
2148,Electronic City,2,1025.0,2.0,50.0
2150,Electronic City,2,1070.0,2.0,55.0
2151,Electronic City,2,1342.0,2.0,72.0
2152,Electronic City,3,1275.0,3.0,70.0
2153,Electronic City,2,770.0,1.0,38.0
2158,Electronic City,3,1644.0,3.0,92.59
2159,Electronic City,2,1250.0,2.0,62.0
2162,Electronic City,1,418.0,1.0,12.0
2163,Electronic City,2,1128.0,2.0,64.8
2166,Electronic City,2,1060.0,2.0,55.0
2167,Electronic City,1,710.0,1.0,40.42
2170,Electronic City,3,1275.0,3.0,63.43
2171,Electronic City,3,1518.0,3.0,75.0
2172,Electronic City,1,1090.0,2.0,31.48
2175,Electronic City,2,1060.0,2.0,55.0
2177,Electronic City,2,1353.0,2.0,75.0
2179,Electronic City,2,1128.0,2.0,67.0
2180,Electronic City,2,1070.0,2.0,57.0
2181,Electronic City,3,1700.0,3.0,90.0
2183,Electronic City,1,750.0,1.0,35.0
2184,Electronic City,2,1210.0,2.0,55.0
2185,Electronic City,2,1070.0,2.0,60.0
2190,Electronic City,3,1615.0,3.0,97.0
2192,Electronic City,2,1221.0,2.0,68.0
2194,Electronic City,3,1500.0,3.0,73.0
2195,Electronic City,2,995.0,2.0,48.0
2196,Electronic City,2,1342.0,2.0,90.0
2198,Electronic City,2,1128.0,2.0,63.5
2199,Electronic City,1,589.0,1.0,29.0
2202,Electronic City,3,1575.0,3.0,94.5
2203,Electronic City,2,1070.0,2.0,48.0
2204,Electronic City,2,1025.0,2.0,54.0
2205,Electronic City,3,1500.0,2.0,70.0
2206,Electronic City,3,1500.0,2.0,64.5
2208,Electronic City,4,2093.0,4.0,134.0
2210,Electronic City,2,1355.0,2.0,73.0
2211,Electronic City,3,1360.0,2.0,64.99
2212,Electronic City,2,1060.0,2.0,52.0
2213,Electronic City Phase II,2,1056.0,2.0,39.07
2214,Electronic City Phase II,2,1020.0,2.0,30.6
2215,Electronic City Phase II,2,1069.0,2.0,45.0
2216,Electronic City Phase II,1,630.0,1.0,28.35
2218,Electronic City Phase II,2,1000.0,2.0,25.0
2219,Electronic City Phase II,2,1090.0,2.0,28.34
2220,Electronic City Phase II,4,2225.0,4.0,98.88
2222,Electronic City Phase II,2,775.0,2.0,38.0
2223,Electronic City Phase II,2,1266.0,2.0,59.0
2224,Electronic City Phase II,2,1000.0,2.0,28.88
2227,Electronic City Phase II,2,972.0,2.0,44.0
2229,Electronic City Phase II,2,1031.0,2.0,55.0
2230,Electronic City Phase II,2,1003.0,2.0,40.6
2231,Electronic City Phase II,2,1031.0,2.0,56.35
2233,Electronic City Phase II,3,1395.0,2.0,62.78
2234,Electronic City Phase II,2,1160.0,2.0,33.5
2235,Electronic City Phase II,2,1065.0,2.0,30.75
2236,Electronic City Phase II,2,1219.0,2.0,61.25
2238,Electronic City Phase II,2,1000.0,2.0,28.88
2239,Electronic City Phase II,3,1790.0,3.0,100.0
2240,Electronic City Phase II,2,769.0,2.0,40.0
2242,Electronic City Phase II,2,900.0,2.0,32.5
2245,Electronic City Phase II,3,993.0,2.0,50.0
2246,Electronic City Phase II,3,1418.0,3.0,52.47
2247,Electronic City Phase II,2,1070.0,2.0,45.0
2250,Electronic City Phase II,2,1140.0,2.0,33.06
2251,Electronic City Phase II,2,1089.0,2.0,32.67
2252,Electronic City Phase II,2,1031.0,2.0,55.0
2253,Electronic City Phase II,2,1253.0,2.0,65.8
2255,Electronic City Phase II,2,1160.0,2.0,33.5
2256,Electronic City Phase II,3,975.0,2.0,45.0
2257,Electronic City Phase II,4,6000.0,4.0,260.0
2258,Electronic City Phase II,2,1116.0,2.0,37.0
2259,Electronic City Phase II,2,1125.0,2.0,29.25
2260,Electronic City Phase II,2,1000.0,2.0,28.88
2261,Electronic City Phase II,2,1000.0,2.0,28.88
2262,Electronic City Phase II,2,1000.0,2.0,28.88
2263,Electronic City Phase II,2,1165.0,2.0,30.29
2264,Electronic City Phase II,4,3550.0,2.0,167.5
2265,Electronic City Phase II,2,1031.0,2.0,53.0
2267,Electronic City Phase II,2,1065.0,2.0,30.88
2269,Electronic City Phase II,3,1549.0,3.0,80.0
2270,Electronic City Phase II,2,1065.0,2.0,56.13
2272,Electronic City Phase II,2,920.0,2.0,26.0
2273,Electronic City Phase II,2,1140.0,2.0,33.84
2274,Electronic City Phase II,2,1219.0,2.0,61.26
2275,Electronic City Phase II,3,1252.0,2.0,65.0
2276,Electronic City Phase II,2,1125.0,2.0,32.49
2278,Electronic City Phase II,2,1286.0,2.0,69.0
2280,Electronic City Phase II,2,1140.0,2.0,32.92
2281,Electronic City Phase II,2,1116.0,2.0,40.0
2282,Electronic City Phase II,3,1150.0,3.0,46.0
2283,Electronic City Phase II,3,1192.0,2.0,47.0
2285,Electronic City Phase II,2,1020.0,2.0,32.0
2286,Electronic City Phase II,4,1900.0,3.0,97.0
2287,Electronic City Phase II,2,1020.0,2.0,27.43
2288,Electronic City Phase II,2,1025.0,2.0,26.65
2289,Electronic City Phase II,2,1020.0,2.0,29.45
2290,Electronic City Phase II,2,1000.0,2.0,28.88
2292,Electronic City Phase II,2,1140.0,2.0,28.5
2293,Electronic City Phase II,2,1125.0,2.0,32.49
2294,Electronic City Phase II,2,1200.0,2.0,34.65
2295,Electronic City Phase II,2,1160.0,2.0,52.2
2296,Electronic City Phase II,2,1244.0,2.0,55.0
2297,Electronic City Phase II,2,1160.0,2.0,33.51
2300,Electronic City Phase II,2,972.0,2.0,40.0
2301,Electronic City Phase II,2,1160.0,2.0,33.51
2303,Electronic City Phase II,2,1090.0,2.0,31.48
2304,Electronic City Phase II,2,1140.0,2.0,32.92
2305,Electronic City Phase II,1,650.0,1.0,35.0
2306,Electronic City Phase II,2,1155.0,2.0,57.0
2307,Electronic City Phase II,3,1800.0,3.0,92.0
2308,Electronic City Phase II,2,1300.0,2.0,28.0
2309,Electronic City Phase II,2,1160.0,2.0,33.5
2310,Electronic City Phase II,2,1025.0,2.0,29.6
2311,Electronic City Phase II,2,829.0,2.0,22.8
2312,Electronic City Phase II,4,2187.5,4.0,105.0
2313,Electronic City Phase II,2,1252.0,2.0,67.0
2315,Electronic City Phase II,2,1125.0,2.0,32.63
2316,Electronic City Phase II,2,1140.0,2.0,34.0
2319,Electronic City Phase II,3,1252.0,2.0,65.0
2320,Electronic City Phase II,2,1135.0,2.0,46.0
2321,Electronic City Phase II,3,1305.0,3.0,65.0
2322,Electronic City Phase II,2,1165.0,2.0,33.64
2324,Electronic City Phase II,3,1336.0,2.0,50.35
2325,Electronic City Phase II,1,575.0,1.0,16.75
2326,Electronic City Phase II,3,925.0,2.0,49.82
2327,Electronic City Phase II,2,1065.0,2.0,30.76
2328,Electronic City Phase II,2,1065.0,2.0,30.75
2329,Electronic City Phase II,2,1140.0,2.0,33.06
2330,Electronic City Phase II,2,911.0,2.0,26.5
2331,Electronic City Phase II,2,1200.0,2.0,34.65
2332,Electronic City Phase II,2,1031.0,2.0,54.48
2336,Electronics City Phase 1,3,1475.0,3.0,78.29
2337,Electronics City Phase 1,3,1490.0,3.0,78.8
2338,Electronics City Phase 1,2,1113.27,2.0,53.0
2339,Electronics City Phase 1,3,1490.0,3.0,84.0
2346,Electronics City Phase 1,2,1015.0,2.0,56.0
2348,Electronics City Phase 1,3,1515.0,2.0,80.91
2349,Electronics City Phase 1,2,995.0,2.0,46.0
2350,Electronics City Phase 1,3,1555.0,2.0,82.0
2351,Electronics City Phase 1,2,1340.0,2.0,75.0
2352,Electronics City Phase 1,3,1124.0,2.0,55.0
2353,Electronics City Phase 1,2,1175.0,2.0,57.0
2354,Electronics City Phase 1,1,755.0,1.0,42.41
2355,Electronics City Phase 1,1,580.0,1.0,27.0
2356,Electronics City Phase 1,2,940.0,2.0,49.0
2357,Electronics City Phase 1,2,1335.0,2.0,67.0
2358,Electronics City Phase 1,2,1113.12,2.0,55.0
2360,Electronics City Phase 1,3,1350.0,3.0,71.0
2362,Electronics City Phase 1,2,995.0,2.0,49.8
2363,Electronics City Phase 1,1,635.0,1.0,26.0
2364,Electronics City Phase 1,2,1190.0,2.0,68.0
2366,Electronics City Phase 1,3,1450.0,3.0,72.54
2367,Electronics City Phase 1,1,360.0,1.0,16.9
2368,Electronics City Phase 1,1,638.0,1.0,32.0
2369,Electronics City Phase 1,2,1175.0,2.0,64.98
2370,Electronics City Phase 1,1,585.0,1.0,21.0
2371,Electronics City Phase 1,2,1200.0,2.0,59.76
2372,Electronics City Phase 1,2,1145.0,2.0,54.0
2373,Electronics City Phase 1,2,1125.0,2.0,65.0
2375,Electronics City Phase 1,3,1550.0,2.0,82.0
2377,Electronics City Phase 1,2,865.0,2.0,40.0
2381,Electronics City Phase 1,3,1800.0,3.0,93.0
2382,Electronics City Phase 1,2,1314.0,2.0,60.0
2383,Electronics City Phase 1,2,1170.0,2.0,62.0
2384,Electronics City Phase 1,3,1450.0,3.0,79.0
2385,Electronics City Phase 1,2,940.0,2.0,48.0
2386,Electronics City Phase 1,2,940.0,2.0,44.0
2387,Electronics City Phase 1,2,1300.0,2.0,67.0
2388,Electronics City Phase 1,2,1028.0,2.0,51.0
2390,Electronics City Phase 1,2,1205.0,2.0,60.0
2392,Electronics City Phase 1,2,1305.0,2.0,67.0
2393,Electronics City Phase 1,1,755.0,1.0,30.12
2394,Electronics City Phase 1,2,1175.0,2.0,60.0
2395,Frazer Town,3,1700.0,3.0,180.0
2396,Frazer Town,3,1305.0,3.0,95.45
2397,Frazer Town,3,1870.0,3.0,185.0
2398,Frazer Town,3,1750.0,3.0,150.0
2400,Frazer Town,3,2000.0,3.0,200.0
2401,Frazer Town,3,3500.0,4.0,330.0
2402,Frazer Town,3,2350.0,4.0,285.0
2403,Frazer Town,2,1550.0,2.0,140.0
2404,Frazer Town,3,1900.0,4.0,145.0
2405,Frazer Town,3,2560.0,3.0,265.0
2406,Frazer Town,3,2400.0,3.0,260.0
2407,Frazer Town,3,2560.0,3.0,288.0
2408,Frazer Town,4,3436.0,5.0,341.0
2410,Frazer Town,2,1315.0,2.0,140.0
2411,Frazer Town,3,1706.0,3.0,154.0
2412,Frazer Town,3,2079.0,3.0,220.0
2413,Frazer Town,4,3435.0,2.0,341.0
2414,Frazer Town,4,3436.0,5.0,345.0
2415,Frazer Town,3,3100.0,3.0,400.0
2416,Frazer Town,3,5400.0,3.0,400.0
2417,Frazer Town,2,1180.0,2.0,105.0
2418,Frazer Town,4,2900.0,4.0,325.0
2419,Frazer Town,3,1870.0,3.0,180.0
2420,Frazer Town,1,896.0,1.0,100.0
2421,Frazer Town,2,1420.0,2.0,120.0
2422,GM Palaya,3,1820.0,2.0,86.0
2423,GM Palaya,2,1225.0,2.0,47.0
2424,GM Palaya,2,1140.0,2.0,48.95
2425,GM Palaya,3,1315.0,2.0,65.0
2426,GM Palaya,3,1315.0,3.0,65.0
2427,GM Palaya,3,1315.0,3.0,64.0
2428,GM Palaya,3,1735.0,3.0,70.0
2429,GM Palaya,3,1643.0,2.0,70.0
2430,Ganga Nagar,1,600.0,1.0,38.0
2431,Ganga Nagar,2,845.0,2.0,55.0
2432,Ganga Nagar,2,1112.0,2.0,68.0
2433,Ganga Nagar,2,998.0,2.0,65.0
2434,Ganga Nagar,2,1250.0,2.0,65.0
2435,Garudachar Palya,3,1325.0,2.0,60.8
2436,Garudachar Palya,2,1060.0,2.0,48.7
2437,Garudachar Palya,2,1150.0,2.0,52.75
2438,Garudachar Palya,3,1295.0,2.0,59.5
2439,Garudachar Palya,3,1320.0,2.0,60.6
2440,Garudachar Palya,3,1295.0,2.0,59.5
2441,Garudachar Palya,2,1150.0,2.0,52.8
2442,Garudachar Palya,2,1150.0,2.0,52.8
2443,Garudachar Palya,2,1060.0,2.0,48.5
2444,Garudachar Palya,2,1150.0,2.0,52.5
2445,Garudachar Palya,3,1325.0,2.0,60.8
2446,Garudachar Palya,2,1060.0,2.0,48.66
2447,Garudachar Palya,2,1150.0,2.0,52.0
2448,Garudachar Palya,2,1154.0,2.0,51.8
2450,Giri Nagar,4,2400.0,4.0,400.0
2451,Giri Nagar,3,1800.0,3.0,252.0
2452,Giri Nagar,3,1350.0,3.0,240.0
2453,Giri Nagar,4,2400.0,4.0,400.0
2454,Giri Nagar,6,3000.0,4.0,375.0
2455,Giri Nagar,6,2400.0,6.0,400.0
2456,Giri Nagar,4,4000.0,3.0,750.0
2457,Gollarapalya Hosahalli,2,861.0,2.0,34.5
2458,Gollarapalya Hosahalli,3,1408.0,3.0,62.0
2459,Gollarapalya Hosahalli,2,861.0,2.0,34.5
2460,Gollarapalya Hosahalli,3,1318.0,3.0,54.0
2461,Gollarapalya Hosahalli,2,861.0,2.0,36.5
2462,Gollarapalya Hosahalli,3,1320.0,3.0,60.0
2463,Gollarapalya Hosahalli,3,1345.0,3.0,60.0
2464,Gollarapalya Hosahalli,4,1905.0,3.0,86.0
2465,Gollarapalya Hosahalli,3,1318.0,3.0,56.0
2466,Gollarapalya Hosahalli,2,1129.0,2.0,50.0
2467,Gottigere,2,1100.0,2.0,40.0
2468,Gottigere,2,967.0,2.0,45.0
2469,Gottigere,3,1618.0,3.0,82.5
2470,Gottigere,2,1222.0,2.0,63.0
2472,Gottigere,3,1300.0,3.0,65.0
2473,Gottigere,2,950.0,2.0,38.0
2474,Gottigere,2,1153.0,2.0,48.5
2475,Gottigere,1,812.0,1.0,26.0
2477,Gottigere,3,1460.0,2.0,65.0
2478,Gottigere,3,1500.0,3.0,70.0
2479,Gottigere,3,1621.0,3.0,72.0
2480,Gottigere,1,812.0,1.0,26.0
2481,Gottigere,2,990.0,2.0,40.0
2482,Gottigere,2,1235.0,2.0,63.0
2483,Gottigere,3,1385.0,3.0,64.0
2484,Gottigere,2,1000.0,2.0,35.0
2485,Gottigere,2,1010.0,2.0,35.0
2488,Gottigere,3,1435.0,2.0,62.0
2489,Gottigere,2,945.0,2.0,45.0
2491,Gottigere,4,2500.0,3.0,120.0
2492,Gottigere,3,1230.0,2.0,52.0
2493,Gottigere,2,1120.0,2.0,50.0
2494,Gottigere,3,1500.0,3.0,63.0
2495,Gottigere,2,1200.0,2.0,40.0
2496,Gottigere,2,1280.0,2.0,61.0
2497,Gottigere,2,1205.0,2.0,56.58
2498,Gottigere,2,1170.0,2.0,40.0
2499,Gottigere,4,3000.0,3.0,132.0
2500,Gottigere,3,1613.0,3.0,72.0
2501,Gottigere,2,1110.0,2.0,36.25
2502,Gottigere,2,1245.0,2.0,59.0
2503,Gottigere,2,1200.0,2.0,50.0
2504,Green Glen Layout,3,1670.0,3.0,120.0
2505,Green Glen Layout,4,3250.0,4.0,230.0
2506,Green Glen Layout,3,1776.42,3.0,105.0
2507,Green Glen Layout,4,3250.0,4.0,230.0
2508,Green Glen Layout,2,940.0,2.0,56.8
2509,Green Glen Layout,2,1075.0,2.0,60.0
2510,Green Glen Layout,3,1715.0,3.0,115.0
2511,Green Glen Layout,3,1751.0,2.0,115.0
2512,Green Glen Layout,3,1750.0,3.0,130.0
2513,Green Glen Layout,3,1530.0,3.0,105.0
2514,Green Glen Layout,3,1752.0,3.0,105.0
2515,Green Glen Layout,3,1680.0,4.0,95.0
2516,Green Glen Layout,3,1728.0,3.0,125.0
2517,Green Glen Layout,3,1645.0,3.0,110.0
2518,Green Glen Layout,3,1517.0,3.0,100.0
2519,Green Glen Layout,4,3150.0,4.0,218.0
2521,Green Glen Layout,3,1750.0,3.0,120.0
2522,Green Glen Layout,3,1751.0,3.0,115.0
2523,Green Glen Layout,3,1750.0,3.0,105.0
2524,Green Glen Layout,3,1885.0,3.0,135.0
2525,Green Glen Layout,3,1715.0,3.0,120.0
2526,Green Glen Layout,3,1623.29,2.0,105.0
2527,Green Glen Layout,3,1715.0,3.0,115.0
2528,Green Glen Layout,3,1715.0,3.0,105.0
2529,Green Glen Layout,3,1600.0,3.0,105.0
2530,Green Glen Layout,3,1717.0,3.0,125.0
2531,Green Glen Layout,2,1250.0,2.0,75.0
2532,Green Glen Layout,3,1715.0,3.0,112.0
2533,Gubbalala,3,1470.0,2.0,82.0
2534,Gubbalala,3,1745.0,3.0,104.0
2535,Gubbalala,3,1745.0,3.0,115.0
2536,Gubbalala,3,1745.0,3.0,110.0
2537,Gubbalala,3,1650.0,3.0,71.0
2538,Gubbalala,5,2570.0,4.0,141.0
2539,Gubbalala,2,1205.0,2.0,70.0
2540,Gubbalala,3,1435.0,2.0,80.0
2541,Gubbalala,2,1475.0,2.0,80.0
2543,Gubbalala,2,1100.0,2.0,49.5
2544,Gubbalala,2,1060.0,2.0,46.0
2545,Gubbalala,3,2000.0,3.0,125.0
2547,Gunjur,2,1140.0,2.0,43.0
2548,Gunjur,3,1356.0,2.0,66.0
2549,Gunjur,3,1600.0,3.0,75.0
2550,Gunjur,4,2000.0,3.0,95.0
2551,Gunjur,2,1140.0,2.0,49.11
2552,Gunjur,2,1195.0,2.0,44.0
2553,Gunjur,2,1190.0,2.0,40.0
2554,Gunjur,2,1457.0,2.0,60.0
2555,Gunjur,2,1080.0,2.0,41.0
2558,Gunjur,2,1175.0,2.0,43.48
2559,Gunjur,3,1362.0,3.0,62.63
2560,Gunjur,2,1071.0,2.0,51.0
2561,Gunjur,2,1063.0,2.0,40.0
2562,Gunjur,2,1235.0,2.0,52.76
2563,Gunjur,3,1362.0,3.0,62.63
2564,Gunjur,3,1362.0,3.0,62.63
2565,Gunjur,3,1588.0,2.0,90.0
2566,Gunjur,2,1235.0,2.0,44.5
2567,Gunjur,2,1457.0,2.0,60.0
2568,Gunjur Palya,2,1050.0,2.0,43.0
2569,Gunjur Palya,3,1033.0,2.0,32.0
2570,Gunjur Palya,3,1400.0,3.0,45.0
2571,Gunjur Palya,2,993.0,2.0,42.0
2572,Gunjur Palya,2,1235.0,2.0,52.76
2573,HAL 2nd Stage,3,1490.0,2.0,300.0
2574,HAL 2nd Stage,2,600.0,3.0,145.0
2575,HAL 2nd Stage,3,2700.0,3.0,500.0
2576,HAL 2nd Stage,5,2040.0,4.0,500.0
2577,HBR Layout,3,2800.0,2.0,200.0
2578,HBR Layout,3,1722.0,3.0,95.0
2579,HBR Layout,4,1200.0,4.0,120.0
2580,HBR Layout,2,1200.0,2.0,60.0
2581,HBR Layout,2,1004.0,2.0,49.0
2582,HBR Layout,3,1783.0,3.0,125.0
2583,HBR Layout,3,1656.0,3.0,90.0
2584,HBR Layout,2,1089.0,2.0,60.0
2585,HBR Layout,3,1700.0,3.0,110.0
2586,HBR Layout,2,1198.0,2.0,65.0
2587,HBR Layout,4,1200.0,4.0,115.0
2588,HBR Layout,2,1200.0,2.0,120.0
2589,HBR Layout,3,1832.0,3.0,160.0
2590,HRBR Layout,2,1374.0,2.0,95.0
2591,HRBR Layout,2,1440.0,2.0,98.0
2593,HRBR Layout,3,2800.0,3.0,250.0
2594,HRBR Layout,2,1210.0,2.0,75.0
2595,HRBR Layout,2,1265.0,2.0,78.0
2596,HRBR Layout,2,1170.0,2.0,75.0
2598,HRBR Layout,4,1900.0,3.0,90.0
2599,HRBR Layout,3,1625.0,3.0,120.0
2600,HRBR Layout,2,1301.0,2.0,120.0
2601,HRBR Layout,2,1145.0,2.0,68.5
2602,HRBR Layout,2,1300.0,2.0,90.0
2604,HSR Layout,2,1372.0,2.0,68.0
2606,HSR Layout,3,1475.0,3.0,75.0
2607,HSR Layout,2,1467.0,2.0,55.0
2608,HSR Layout,2,1140.0,2.0,46.0
2609,HSR Layout,2,1372.0,2.0,61.0
2610,HSR Layout,3,1750.0,3.0,95.0
2612,HSR Layout,2,1027.0,2.0,44.0
2613,HSR Layout,3,1650.0,3.0,110.0
2614,HSR Layout,2,1140.0,2.0,46.0
2615,HSR Layout,2,1372.0,2.0,61.0
2616,HSR Layout,2,1140.0,2.0,46.0
2617,HSR Layout,2,1185.0,2.0,60.0
2618,HSR Layout,2,1127.0,2.0,68.0
2619,HSR Layout,3,1600.0,2.0,115.0
2620,HSR Layout,2,1145.0,2.0,48.0
2621,HSR Layout,2,1009.0,2.0,56.0
2622,HSR Layout,2,1300.0,2.0,98.0
2624,HSR Layout,2,1140.0,2.0,46.0
2625,HSR Layout,2,1126.0,2.0,69.0
2627,HSR Layout,2,1140.0,2.0,46.0
2628,HSR Layout,2,1145.0,2.0,46.0
2629,HSR Layout,2,1142.0,2.0,65.0
2630,HSR Layout,2,1145.0,2.0,46.0
2631,HSR Layout,3,1844.0,3.0,95.0
2632,HSR Layout,2,1203.0,2.0,72.0
2633,HSR Layout,2,1140.0,2.0,46.0
2634,HSR Layout,5,4200.0,5.0,245.0
2635,HSR Layout,2,1140.0,2.0,46.0
2636,HSR Layout,2,1145.0,2.0,46.0
2637,HSR Layout,2,1009.0,2.0,56.0
2638,HSR Layout,2,1145.0,2.0,46.0
2639,HSR Layout,2,1100.0,2.0,44.0
2640,HSR Layout,2,1203.0,2.0,60.0
2641,HSR Layout,2,1120.0,2.0,70.0
2642,HSR Layout,2,1140.0,2.0,46.0
2643,HSR Layout,2,1289.0,2.0,70.0
2644,HSR Layout,3,1844.0,3.0,89.0
2645,HSR Layout,2,1203.0,2.0,60.0
2646,HSR Layout,2,1140.0,2.0,46.0
2647,Haralur Road,2,1240.0,2.0,70.0
2648,Haralur Road,2,1027.0,2.0,44.0
2651,Haralur Road,2,1194.0,2.0,47.0
2652,Haralur Road,2,1202.0,2.0,53.0
2653,Haralur Road,2,1056.0,2.0,61.0
2655,Haralur Road,3,1810.0,3.0,100.0
2656,Haralur Road,2,1194.0,2.0,46.0
2658,Haralur Road,2,1225.0,2.0,67.38
2659,Haralur Road,2,1243.0,2.0,46.0
2660,Haralur Road,2,1027.0,2.0,44.0
2661,Haralur Road,3,1920.0,3.0,115.0
2662,Haralur Road,3,1875.0,3.0,110.0
2663,Haralur Road,2,1194.0,2.0,47.0
2664,Haralur Road,2,1140.0,2.0,43.0
2665,Haralur Road,2,1027.0,2.0,44.0
2666,Haralur Road,2,1194.0,2.0,46.0
2667,Haralur Road,3,2017.0,3.0,125.0
2668,Haralur Road,2,1140.0,2.0,43.0
2669,Haralur Road,3,1875.0,3.0,110.0
2670,Haralur Road,2,1092.0,2.0,44.0
2671,Haralur Road,3,2475.0,4.0,130.0
2672,Haralur Road,2,1300.0,2.0,73.0
2673,Haralur Road,2,1194.0,2.0,47.0
2674,Haralur Road,2,1243.0,2.0,46.0
2675,Haralur Road,3,1850.0,3.0,110.0
2676,Haralur Road,2,1225.0,2.0,67.38
2677,Haralur Road,2,1243.0,2.0,46.0
2678,Haralur Road,4,3400.0,5.0,240.0
2679,Haralur Road,2,1464.0,2.0,56.0
2680,Haralur Road,2,1230.0,2.0,78.0
2681,Haralur Road,2,1000.0,2.0,44.0
2683,Haralur Road,2,1300.0,2.0,79.0
2684,Haralur Road,3,1444.0,2.0,80.0
2685,Haralur Road,2,1088.0,2.0,68.0
2686,Haralur Road,2,1027.0,2.0,44.0
2688,Haralur Road,2,1225.0,2.0,70.0
2690,Haralur Road,2,1194.0,2.0,46.0
2691,Haralur Road,3,1830.0,3.0,101.0
2692,Haralur Road,3,1810.0,3.0,126.0
2693,Haralur Road,2,1464.0,2.0,56.0
2694,Haralur Road,3,1520.0,2.0,96.0
2695,Haralur Road,2,1300.0,2.0,75.0
2696,Haralur Road,3,2017.0,2.0,125.0
2697,Haralur Road,2,1243.0,2.0,46.0
2698,Haralur Road,2,1027.0,2.0,44.0
2699,Haralur Road,4,2805.0,5.0,160.0
2700,Haralur Road,2,1243.0,2.0,46.0
2701,Haralur Road,2,1027.0,2.0,44.0
2702,Haralur Road,3,2017.0,3.0,105.0
2703,Haralur Road,2,1243.0,2.0,46.0
2704,Haralur Road,2,1243.0,2.0,46.0
2705,Haralur Road,3,1520.0,2.0,90.0
2706,Haralur Road,2,1300.0,2.0,60.0
2707,Haralur Road,3,1985.0,3.0,130.0
2708,Haralur Road,3,1255.0,2.0,90.0
2709,Haralur Road,2,1056.0,2.0,60.0
2710,Haralur Road,2,1140.0,2.0,42.0
2711,Haralur Road,2,1245.0,2.0,62.0
2712,Haralur Road,2,1140.0,2.0,58.0
2713,Haralur Road,2,1140.0,2.0,42.0
2714,Haralur Road,2,1027.0,2.0,43.0
2715,Haralur Road,2,1194.0,2.0,47.0
2716,Haralur Road,2,1194.0,2.0,47.0
2717,Haralur Road,3,1560.0,3.0,90.0
2718,Haralur Road,3,1520.0,2.0,85.0
2719,Haralur Road,2,1243.0,2.0,45.0
2720,Haralur Road,2,1027.0,2.0,44.0
2721,Haralur Road,2,1194.0,2.0,46.0
2722,Haralur Road,3,1650.0,3.0,100.0
2723,Haralur Road,3,1580.0,3.0,73.0
2724,Haralur Road,2,1243.0,2.0,46.0
2725,Haralur Road,2,1194.0,2.0,47.0
2727,Haralur Road,3,1520.0,2.0,96.0
2728,Haralur Road,3,1510.0,3.0,83.05
2729,Haralur Road,2,1056.0,2.0,65.0
2730,Haralur Road,3,1810.0,3.0,100.0
2731,Haralur Road,2,1243.0,2.0,46.0
2732,Haralur Road,1,575.0,1.0,38.0
2733,Haralur Road,2,1194.0,2.0,46.0
2734,Haralur Road,2,1243.0,2.0,46.0
2735,Haralur Road,2,1194.0,2.0,46.0
2736,Haralur Road,2,1140.0,2.0,43.0
2737,Haralur Road,3,1850.0,3.0,120.0
2738,Haralur Road,2,1194.0,2.0,47.0
2739,Haralur Road,2,1194.0,2.0,47.0
2741,Haralur Road,2,1243.0,2.0,46.0
2742,Haralur Road,3,1710.0,3.0,85.0
2743,Haralur Road,3,1730.0,3.0,95.0
2744,Haralur Road,2,1243.0,2.0,46.0
2745,Haralur Road,2,1243.0,2.0,46.0
2746,Haralur Road,2,1243.0,2.0,46.0
2747,Haralur Road,3,1817.0,3.0,110.0
2748,Haralur Road,2,1225.0,2.0,77.0
2749,Haralur Road,2,1285.0,2.0,78.0
2750,Haralur Road,2,1225.0,2.0,67.48
2751,Haralur Road,2,1225.0,2.0,69.84
2752,Haralur Road,2,1200.0,2.0,46.0
2753,Haralur Road,2,1315.0,2.0,85.0
2754,Haralur Road,3,1976.0,3.0,92.0
2755,Haralur Road,2,1300.0,2.0,75.0
2756,Haralur Road,2,1309.0,2.0,82.0
2757,Haralur Road,2,1027.0,1.0,44.0
2758,Haralur Road,2,1243.0,2.0,46.0
2759,Haralur Road,2,1243.0,2.0,46.0
2760,Haralur Road,2,1140.0,2.0,43.0
2761,Haralur Road,2,1300.0,2.0,75.0
2762,Haralur Road,2,1243.0,2.0,46.0
2763,Haralur Road,3,1890.0,3.0,84.0
2764,Haralur Road,2,1230.0,2.0,67.65
2765,Haralur Road,2,1194.0,2.0,46.0
2766,Haralur Road,2,1092.0,2.0,44.0
2768,Haralur Road,3,1255.0,3.0,90.0
2769,Haralur Road,3,1735.0,3.0,97.0
2770,Haralur Road,3,1810.0,3.0,97.83
2771,Haralur Road,2,1200.0,2.0,46.0
2772,Haralur Road,2,1243.0,2.0,46.0
2773,Haralur Road,3,1810.0,3.0,112.0
2774,Harlur,2,1508.0,2.0,77.0
2775,Harlur,3,1752.12,3.0,135.0
2778,Harlur,3,1709.0,3.0,150.0
2779,Harlur,2,1174.0,2.0,69.0
2780,Harlur,2,1033.0,2.0,49.0
2781,Harlur,2,1197.0,2.0,84.0
2782,Harlur,3,1757.0,3.0,132.0
2783,Harlur,2,1174.0,2.0,76.0
2784,Harlur,3,1754.0,3.0,125.0
2785,Harlur,2,1290.0,2.0,85.0
2786,Harlur,3,1752.12,3.0,116.0
2787,Harlur,3,1754.0,3.0,135.0
2788,Harlur,3,1754.0,3.0,124.0
2789,Harlur,2,1152.0,2.0,69.0
2790,Harlur,2,1290.0,2.0,87.0
2791,Harlur,3,1749.0,3.0,115.0
2792,Harlur,4,3385.0,4.0,260.0
2793,Harlur,3,2240.0,5.0,155.0
2794,Harlur,3,1758.0,3.0,133.0
2796,Harlur,2,1197.0,2.0,79.0
2797,Harlur,2,1174.0,2.0,78.0
2800,Harlur,2,1200.0,2.0,52.0
2801,Harlur,2,1197.0,2.0,79.0
2802,Harlur,3,1749.0,3.0,112.0
2803,Harlur,2,1174.0,2.0,75.0
2804,Harlur,3,1750.0,3.0,136.0
2805,Harlur,3,1620.0,3.0,110.0
2808,Harlur,3,1762.0,3.0,133.0
2809,Harlur,3,1756.0,3.0,131.0
2810,Harlur,3,1755.0,3.0,130.0
2811,Harlur,3,1864.0,3.0,140.0
2812,Harlur,2,1331.0,2.0,88.0
2813,Harlur,3,1752.12,3.0,133.0
2814,Harlur,2,1133.0,2.0,55.0
2815,Harlur,3,1756.0,3.0,128.0
2816,Harlur,3,1749.0,3.0,120.0
2817,Harlur,2,1197.0,2.0,82.0
2818,Harlur,2,1303.0,2.0,90.0
2819,Harlur,3,1754.0,3.0,132.0
2820,Harlur,2,1174.0,2.0,75.0
2821,Harlur,3,1756.0,3.0,134.0
2822,Harlur,2,1197.0,2.0,78.0
2823,Harlur,2,1290.0,2.0,89.9
2824,Harlur,2,1386.0,2.0,85.0
2825,Harlur,2,1174.0,2.0,74.0
2826,Harlur,2,1174.0,2.0,78.0
2828,Harlur,3,1755.0,3.0,115.0
2830,Harlur,4,2569.0,4.0,175.0
2832,Harlur,2,1197.0,2.0,77.0
2833,Harlur,3,1752.12,3.0,125.0
2834,Harlur,4,2569.0,5.0,180.0
2835,Harlur,2,1225.0,2.0,56.0
2836,Harlur,2,1197.0,2.0,76.0
2838,Harlur,2,1197.0,2.0,75.0
2839,Harlur,3,1755.0,3.0,117.0
2840,Harlur,2,1197.0,2.0,79.9
2841,Harlur,2,936.0,2.0,45.0
2842,Harlur,4,2990.0,4.0,225.0
2843,Harlur,2,1370.0,2.0,88.0
2844,Harlur,2,1335.0,2.0,72.76
2845,Hebbal,3,1760.0,2.0,123.0
2846,Hebbal,4,5611.5,4.0,477.0
2848,Hebbal,2,1349.0,2.0,98.2
2849,Hebbal,4,2483.0,5.0,212.0
2850,Hebbal,3,1760.0,2.0,130.0
2851,Hebbal,3,3450.0,5.0,260.0
2852,Hebbal,3,1920.0,3.0,134.0
2853,Hebbal,2,1337.0,2.0,82.0
2854,Hebbal,2,1349.0,2.0,98.0
2857,Hebbal,3,1790.0,3.0,127.0
2858,Hebbal,2,687.325,2.0,42.72
2860,Hebbal,3,1985.0,4.0,189.0
2861,Hebbal,4,2483.0,5.0,215.0
2862,Hebbal,2,1080.0,2.0,54.0
2863,Hebbal,2,812.0,2.0,55.0
2865,Hebbal,4,3067.0,4.0,230.0
2866,Hebbal,3,2526.0,2.0,250.0
2867,Hebbal,4,3067.0,4.0,230.0
2869,Hebbal,2,823.0,2.0,50.63
2870,Hebbal,2,1420.0,2.0,123.0
2872,Hebbal,2,1420.0,2.0,99.39
2873,Hebbal,4,4235.0,4.0,365.0
2874,Hebbal,3,1700.0,3.0,124.0
2875,Hebbal,4,3960.0,5.0,386.0
2876,Hebbal,2,1420.0,2.0,99.39
2878,Hebbal,2,1440.0,2.0,115.0
2879,Hebbal,2,1100.0,2.0,54.0
2881,Hebbal,3,2400.0,4.0,180.0
2883,Hebbal,2,1420.0,2.0,107.0
2884,Hebbal,2,1320.0,2.0,92.0
2885,Hebbal,2,919.0,2.0,49.0
2886,Hebbal,3,1645.0,3.0,135.0
2887,Hebbal,3,2080.0,3.0,175.0
2889,Hebbal,4,2483.0,5.0,230.0
2890,Hebbal,3,2600.0,3.0,195.0
2891,Hebbal,3,1645.0,3.0,117.0
2892,Hebbal,2,1251.0,2.0,88.73
2893,Hebbal,3,1645.0,3.0,121.0
2894,Hebbal,3,1760.0,3.0,123.0
2896,Hebbal,4,3960.0,5.0,386.0
2897,Hebbal,3,1645.0,3.0,120.0
2898,Hebbal,3,1255.0,2.0,90.0
2899,Hebbal,3,1645.0,3.0,117.0
2902,Hebbal,3,1636.0,3.0,119.0
2903,Hebbal,3,2661.0,2.0,226.5
2904,Hebbal,3,1255.0,2.0,95.0
2907,Hebbal,3,1255.0,2.0,95.0
2908,Hebbal,2,1088.0,2.0,61.45
2909,Hebbal,2,1349.0,2.0,97.8
2911,Hebbal,2,1344.0,2.0,108.0
2912,Hebbal,3,1255.0,2.0,90.0
2914,Hebbal,2,1138.0,2.0,110.0
2915,Hebbal,4,2790.0,5.0,204.0
2916,Hebbal,2,1088.0,2.0,62.0
2917,Hebbal,3,1987.0,4.0,165.0
2919,Hebbal,2,1299.0,2.0,100.0
2920,Hebbal,2,1200.0,2.0,60.0
2921,Hebbal,3,1645.0,3.0,117.0
2922,Hebbal,2,1390.0,2.0,95.0
2923,Hebbal,2,1333.0,2.0,100.0
2925,Hebbal,3,2650.0,4.0,199.0
2926,Hebbal,3,1800.0,3.0,140.0
2928,Hebbal,4,2470.0,4.0,203.0
2929,Hebbal,3,1255.0,2.0,95.0
2930,Hebbal,2,1333.0,2.0,104.0
2931,Hebbal,3,1645.0,3.0,117.0
2932,Hebbal,3,2600.0,3.0,199.0
2933,Hebbal,2,1345.0,2.0,97.0
2935,Hebbal,2,985.0,2.0,62.0
2936,Hebbal,2,1320.0,2.0,91.0
2937,Hebbal,3,2388.0,3.0,195.0
2938,Hebbal,2,1040.0,2.0,55.0
2940,Hebbal,3,2600.0,3.0,195.0
2941,Hebbal,4,2630.0,5.0,188.0
2943,Hebbal,3,1645.0,3.0,113.0
2945,Hebbal,2,1420.0,2.0,99.39
2947,Hebbal,3,3520.0,5.0,320.0
2948,Hebbal,2,1162.0,2.0,69.0
2949,Hebbal,2,1100.0,2.0,60.0
2950,Hebbal,4,4235.0,5.0,364.0
2951,Hebbal,2,1299.0,2.0,97.0
2953,Hebbal,4,2470.0,5.0,192.0
2954,Hebbal,3,1645.0,3.0,117.0
2955,Hebbal,3,1920.0,3.0,134.0
2956,Hebbal,3,3520.0,5.0,240.0
2957,Hebbal,3,1920.0,3.0,150.0
2958,Hebbal,4,2375.0,4.0,189.0
2959,Hebbal,2,1420.0,2.0,99.26
2960,Hebbal,2,1252.0,2.0,92.0
2962,Hebbal,2,1162.0,2.0,59.0
2963,Hebbal,2,1294.0,2.0,115.0
2964,Hebbal,4,4225.0,6.0,359.0
2965,Hebbal,2,1150.0,2.0,57.0
2966,Hebbal,3,1740.0,2.0,137.0
2968,Hebbal,3,1662.0,3.0,155.0
2969,Hebbal,3,2250.0,3.0,219.0
2970,Hebbal,2,1349.0,2.0,98.0
2971,Hebbal,4,4000.0,6.0,370.0
2972,Hebbal,2,1349.0,2.0,96.8
2973,Hebbal Kempapura,3,1700.0,3.0,155.0
2974,Hebbal Kempapura,3,1800.0,3.0,175.0
2975,Hebbal Kempapura,3,2900.0,4.0,300.0
2976,Hebbal Kempapura,3,3522.0,3.0,380.0
2977,Hebbal Kempapura,5,2280.0,5.0,200.0
2978,Hebbal Kempapura,2,1200.0,2.0,125.0
2979,Hebbal Kempapura,3,2900.0,4.0,240.0
2981,Hebbal Kempapura,2,1300.0,2.0,102.0
2982,Hebbal Kempapura,3,1466.0,2.0,140.0
2984,Hebbal Kempapura,3,1725.0,2.0,165.0
2985,Hebbal Kempapura,3,1200.0,3.0,125.0
2986,Hebbal Kempapura,3,3408.0,3.0,260.0
2987,Hebbal Kempapura,2,1485.0,3.0,132.0
2988,Hebbal Kempapura,2,1400.0,2.0,108.0
2989,Hebbal Kempapura,3,1800.0,3.0,150.0
2990,Hebbal Kempapura,5,2400.0,5.0,200.0
2991,Hebbal Kempapura,5,2800.0,5.0,220.0
2992,Hebbal Kempapura,3,1785.0,3.0,165.0
2993,Hebbal Kempapura,4,3729.0,4.0,384.0
2994,Hebbal Kempapura,3,1600.0,3.0,170.0
2995,Hebbal Kempapura,3,1730.0,3.0,175.0
2997,Hegde Nagar,3,1569.0,3.0,101.0
2998,Hegde Nagar,6,3000.0,7.0,210.0
2999,Hegde Nagar,3,2026.0,3.0,132.0
3000,Hegde Nagar,3,1801.0,3.0,115.0
3001,Hegde Nagar,2,1050.0,1.0,56.0
3002,Hegde Nagar,2,1341.0,2.0,97.0
3003,Hegde Nagar,3,2112.95,4.0,145.0
3004,Hegde Nagar,4,1200.0,4.0,83.0
3005,Hegde Nagar,3,1703.0,3.0,113.0
3006,Hegde Nagar,3,1570.0,3.0,105.0
3007,Hegde Nagar,3,1801.0,3.0,140.0
3008,Hegde Nagar,3,1584.01,3.0,103.0
3009,Hegde Nagar,3,1965.0,4.0,125.0
3010,Hegde Nagar,2,1200.0,2.0,75.0
3011,Hegde Nagar,3,1847.0,3.0,135.0
3012,Hegde Nagar,3,1965.0,4.0,132.0
3013,Hegde Nagar,3,1703.0,3.0,125.0
3014,Hegde Nagar,3,1847.0,3.0,125.0
3015,Hegde Nagar,3,2144.6,4.0,145.0
3016,Hegde Nagar,3,1718.0,3.0,119.0
3017,Hegde Nagar,3,1847.0,3.0,123.0
3018,Hegde Nagar,2,1340.0,2.0,72.0
3019,Hegde Nagar,3,2087.01,3.0,115.0
3020,Hegde Nagar,3,1703.0,3.0,130.0
3021,Hegde Nagar,3,2087.01,4.0,135.0
3022,Hegde Nagar,3,1718.0,3.0,130.0
3023,Hegde Nagar,3,1884.0,4.0,118.0
3024,Hegde Nagar,3,1930.0,4.0,122.0
3025,Hegde Nagar,3,1584.01,3.0,104.0
3026,Hegde Nagar,3,1168.0,2.0,68.0
3027,Hegde Nagar,3,2162.03,4.0,129.0
3028,Hegde Nagar,3,2087.01,4.0,160.0
3029,Hegde Nagar,2,1000.0,2.0,66.0
3030,Hegde Nagar,3,1348.0,2.0,80.5
3031,Hennur,2,1075.0,2.0,52.0
3032,Hennur,2,1255.0,2.0,52.32
3033,Hennur,2,1225.0,2.0,57.0
3034,Hennur,2,1255.0,2.0,57.5
3035,Hennur,2,1259.0,2.0,57.0
3036,Hennur,2,1255.0,2.0,53.5
3037,Hennur,2,1285.0,2.0,60.0
3038,Hennur,2,1285.0,2.0,60.0
3039,Hennur,2,1100.0,2.0,60.0
3040,Hennur,2,1231.0,2.0,48.0
3041,Hennur,2,1255.0,2.0,58.0
3042,Hennur,2,1040.0,2.0,42.12
3043,Hennur,2,1255.0,2.0,54.5
3044,Hennur,2,1041.0,2.0,40.6
3046,Hennur,2,1255.0,2.0,55.5
3048,Hennur,2,1231.0,2.0,50.0
3049,Hennur,5,2500.0,5.0,125.0
3050,Hennur,2,1160.0,2.0,49.0
3051,Hennur,3,2400.0,3.0,135.0
3052,Hennur,2,1255.0,2.0,53.5
3053,Hennur,2,1255.0,2.0,55.5
3054,Hennur,2,1100.0,2.0,44.55
3055,Hennur,2,1255.0,2.0,57.5
3056,Hennur,2,960.0,2.0,48.0
3057,Hennur,2,1020.0,2.0,48.0
3058,Hennur,2,1255.0,2.0,52.32
3059,Hennur,2,1295.0,2.0,64.0
3060,Hennur,3,1935.0,3.0,102.0
3062,Hennur,3,1345.0,2.0,69.0
3063,Hennur,2,1255.0,2.0,58.0
3064,Hennur,2,1420.0,2.0,62.0
3065,Hennur,2,1155.0,2.0,54.5
3066,Hennur,2,1255.0,2.0,52.32
3067,Hennur,2,1255.0,2.0,52.35
3070,Hennur,2,1255.0,2.0,54.5
3071,Hennur,3,1830.0,2.0,113.0
3072,Hennur,3,1830.5,3.0,84.205
3073,Hennur,2,1255.0,2.0,55.5
3074,Hennur,2,1255.0,2.0,53.57
3075,Hennur,2,1255.0,2.0,56.5
3076,Hennur,2,1050.0,2.0,42.73
3077,Hennur,2,1295.0,2.0,62.0
3078,Hennur Road,3,2089.0,3.0,140.0
3079,Hennur Road,4,3203.5,2.0,224.5
3080,Hennur Road,8,5000.0,8.0,250.0
3081,Hennur Road,2,1385.0,2.0,83.09
3082,Hennur Road,2,1317.5,2.0,63.77
3084,Hennur Road,3,2264.0,3.0,159.0
3085,Hennur Road,2,1157.0,2.0,84.0
3086,Hennur Road,3,1904.0,3.0,120.0
3087,Hennur Road,3,1891.0,3.0,109.0
3088,Hennur Road,3,1561.0,3.0,95.0
3090,Hennur Road,3,2060.0,3.0,149.0
3091,Hennur Road,3,1482.0,2.0,92.0
3092,Hennur Road,2,1232.0,2.0,89.0
3093,Hennur Road,2,1065.0,2.0,42.6
3095,Hennur Road,3,1482.0,2.0,87.0
3096,Hennur Road,3,1891.0,3.0,139.0
3097,Hennur Road,3,1703.0,3.0,101.0
3098,Hennur Road,2,1232.0,2.0,69.61
3099,Hennur Road,2,987.0,2.0,49.0
3101,Hennur Road,3,2160.0,3.0,160.0
3103,Hennur Road,3,1680.0,3.0,99.27
3104,Hennur Road,2,1065.0,2.0,42.6
3105,Hennur Road,2,1385.0,2.0,83.09
3107,Hennur Road,3,2350.0,3.0,174.0
3108,Hennur Road,3,1586.0,3.0,93.94
3109,Hennur Road,3,1975.0,3.0,123.0
3111,Hennur Road,3,1290.0,2.0,94.5
3112,Hennur Road,2,901.0,2.0,49.5
3113,Hennur Road,3,1445.0,3.0,86.56
3114,Hennur Road,3,1482.0,2.0,97.0
3115,Hennur Road,2,1182.0,2.0,82.5
3117,Hennur Road,2,1036.0,2.0,59.46
3118,Hennur Road,3,1891.0,3.0,109.0
3119,Hennur Road,2,1232.0,2.0,69.61
3121,Hennur Road,3,2320.0,3.0,170.0
3122,Hennur Road,3,1936.0,3.0,118.0
3123,Hennur Road,2,1480.0,2.0,65.0
3124,Hennur Road,3,1590.0,3.0,96.5
3125,Hennur Road,3,1445.0,2.0,105.0
3126,Hennur Road,2,1036.0,2.0,59.45
3127,Hennur Road,3,1832.0,3.0,125.0
3128,Hennur Road,2,1359.0,2.0,104.0
3129,Hennur Road,2,1341.0,2.0,75.76
3130,Hennur Road,2,1040.0,2.0,50.0
3132,Hennur Road,2,1414.0,2.0,84.18
3133,Hennur Road,3,1949.0,3.0,133.0
3134,Hennur Road,2,1232.0,2.0,89.0
3135,Hennur Road,3,1250.0,2.0,77.88
3136,Hennur Road,4,2502.0,4.0,180.0
3137,Hennur Road,3,1831.0,3.0,110.0
3138,Hennur Road,2,1232.0,2.0,87.0
3139,Hennur Road,2,1232.0,2.0,74.0
3140,Hennur Road,2,1232.0,2.0,66.0
3141,Hennur Road,2,1341.0,2.0,95.0
3143,Hennur Road,2,1232.0,2.0,88.0
3144,Hennur Road,3,2365.0,4.0,175.0
3145,Hennur Road,2,1310.0,2.0,66.0
3147,Hennur Road,2,1015.0,2.0,50.0
3149,Hennur Road,3,2264.0,3.0,168.0
3150,Hennur Road,3,2002.0,3.0,120.0
3151,Hennur Road,2,1232.0,2.0,69.6
3152,Hennur Road,2,1195.0,2.0,73.0
3153,Hennur Road,2,1020.0,2.0,47.0
3154,Hennur Road,5,5100.0,6.0,375.0
3155,Hennur Road,2,1061.0,2.0,54.92
3157,Hennur Road,2,1020.0,2.0,45.0
3158,Hennur Road,3,2041.0,3.0,128.0
3159,Hennur Road,2,1232.0,2.0,87.0
3160,Hennur Road,2,1066.0,2.0,52.23
3161,Hennur Road,2,973.0,2.0,56.0
3162,Hennur Road,2,1255.0,2.0,84.0
3163,Hennur Road,2,1232.0,2.0,83.0
3164,Hennur Road,3,1832.0,3.0,116.0
3165,Hennur Road,3,2050.0,3.0,120.0
3166,Hennur Road,3,1445.0,2.0,86.69
3167,Hennur Road,3,1445.0,2.0,83.0
3170,Hennur Road,3,1654.0,3.0,97.8
3171,Hennur Road,3,1480.0,3.0,100.0
3172,Hennur Road,3,1450.0,3.0,88.6
3173,Hennur Road,2,1155.0,2.0,69.18
3174,Hennur Road,2,1053.0,2.0,53.0
3175,Hennur Road,2,1195.0,2.0,59.0
3176,Hennur Road,3,1904.0,3.0,129.0
3177,Hennur Road,3,1981.0,3.0,134.0
3178,Hennur Road,2,1155.0,2.0,69.18
3180,Hennur Road,3,1590.0,3.0,105.0
3181,Hennur Road,3,2041.0,3.0,138.0
3182,Hennur Road,3,1100.0,2.0,78.0
3183,Hennur Road,4,1880.0,4.0,154.0
3184,Hennur Road,2,1232.0,2.0,69.61
3185,Hennur Road,3,1748.0,3.0,103.0
3186,Hennur Road,2,1460.0,2.0,80.3
3188,Hennur Road,3,1933.0,3.0,140.0
3189,Hennur Road,2,1030.0,2.0,46.5
3190,Hennur Road,2,1232.0,2.0,69.61
3192,Hennur Road,3,1445.0,2.0,89.56
3193,Hennur Road,2,973.0,2.0,50.74
3195,Hennur Road,3,1305.0,2.0,77.0
3197,Hennur Road,2,1165.0,2.0,67.0
3198,Hennur Road,2,980.0,2.0,51.0
3199,Hennur Road,2,1232.0,2.0,80.0
3200,Hennur Road,2,1085.0,2.0,43.4
3201,Hennur Road,2,950.0,2.0,55.0
3202,Hennur Road,2,1140.0,2.0,56.0
3203,Hennur Road,3,1891.0,3.0,110.0
3206,Hennur Road,2,1165.0,2.0,52.0
3207,Hennur Road,2,1450.0,2.0,80.0
3208,Hennur Road,2,1155.0,2.0,69.18
3209,Hennur Road,3,1936.0,3.0,131.0
3210,Hoodi,2,985.0,2.0,67.0
3213,Hoodi,2,1425.0,2.0,80.0
3214,Hoodi,2,1420.0,2.0,75.0
3215,Hoodi,3,1639.0,3.0,110.0
3217,Hoodi,3,1639.0,3.0,98.32
3221,Hoodi,2,1026.0,2.0,60.87
3222,Hoodi,2,1050.0,2.0,50.0
3223,Hoodi,2,1400.0,2.0,78.0
3224,Hoodi,5,2400.0,5.0,160.0
3225,Hoodi,2,1196.0,2.0,71.74
3227,Hoodi,2,1500.0,2.0,84.0
3228,Hoodi,2,1055.0,2.0,57.63
3229,Hoodi,3,1925.0,2.0,114.0
3230,Hoodi,2,1400.0,2.0,82.0
3232,Hoodi,1,706.0,1.0,48.24
3233,Hoodi,2,1257.0,2.0,69.0
3234,Hoodi,2,1132.0,2.0,67.9
3235,Hoodi,3,1925.0,3.0,110.0
3237,Hoodi,2,1257.0,2.0,71.03
3238,Hoodi,2,1305.0,2.0,75.0
3240,Hoodi,2,1240.0,2.0,65.0
3242,Hoodi,2,1108.0,2.0,74.23
3243,Hoodi,2,1257.0,2.0,68.5
3244,Hoodi,2,1000.0,2.0,48.0
3245,Hoodi,2,1063.0,2.0,61.17
3246,Hoodi,2,1259.0,2.0,69.45
3247,Hoodi,1,711.0,1.0,42.65
3249,Hoodi,1,863.0,1.0,40.55
3250,Hoodi,3,1715.0,2.0,100.0
3252,Hoodi,2,1447.0,3.0,76.0
3253,Hoodi,3,2144.0,3.0,140.0
3254,Hoodi,2,1108.0,2.0,66.46
3256,Hoodi,3,1837.0,3.0,110.0
3257,Hoodi,4,3385.0,4.0,220.0
3259,Hoodi,2,1181.0,2.0,55.0
3260,Hoodi,3,1490.0,3.0,85.0
3261,Hoodi,2,1258.5,2.0,59.135
3262,Horamavu Agara,2,1200.0,2.0,45.0
3263,Horamavu Agara,3,1560.0,3.0,75.0
3264,Horamavu Agara,2,755.0,2.0,37.49
3265,Horamavu Agara,2,982.0,2.0,47.65
3266,Horamavu Agara,3,1650.0,2.0,75.0
3267,Horamavu Agara,2,950.0,2.0,39.0
3268,Horamavu Agara,3,1756.0,3.0,92.0
3269,Horamavu Agara,2,1106.0,2.0,43.09
3270,Horamavu Agara,2,1079.0,2.0,41.0
3271,Horamavu Agara,3,1265.0,2.0,65.0
3272,Horamavu Agara,2,1060.0,2.0,37.0
3273,Horamavu Agara,2,1107.83,2.0,41.51
3274,Horamavu Agara,2,980.0,2.0,38.19
3275,Horamavu Agara,3,1250.0,3.0,65.0
3276,Horamavu Agara,2,1145.0,2.0,41.21
3277,Horamavu Agara,5,2400.0,3.0,80.0
3278,Horamavu Agara,2,1000.0,2.0,46.0
3279,Horamavu Agara,2,760.0,2.0,37.49
3280,Horamavu Agara,2,1150.0,2.0,42.0
3282,Horamavu Agara,2,750.0,2.0,37.49
3283,Horamavu Agara,1,625.0,1.0,27.0
3284,Horamavu Agara,2,1080.0,2.0,38.0
3285,Horamavu Agara,2,994.0,2.0,42.28
3286,Horamavu Agara,2,1107.83,2.0,41.51
3288,Horamavu Agara,2,1090.0,2.0,46.0
3289,Horamavu Agara,3,1400.0,3.0,63.0
3290,Horamavu Agara,3,1557.0,3.0,70.0
3291,Horamavu Agara,2,1058.0,2.0,47.0
3294,Horamavu Banaswadi,2,1460.0,2.0,80.5
3295,Horamavu Banaswadi,2,1156.0,2.0,46.0
3296,Horamavu Banaswadi,2,1180.0,2.0,58.0
3297,Horamavu Banaswadi,2,1307.0,2.0,51.6
3298,Horamavu Banaswadi,6,3800.0,8.0,200.0
3299,Horamavu Banaswadi,2,1357.0,2.0,54.0
3300,Horamavu Banaswadi,2,925.0,2.0,38.0
3301,Horamavu Banaswadi,2,1272.0,2.0,48.0
3302,Horamavu Banaswadi,2,1225.0,2.0,49.5
3303,Horamavu Banaswadi,2,1272.0,2.0,51.5
3304,Horamavu Banaswadi,2,1272.0,2.0,51.5
3305,Horamavu Banaswadi,2,1156.0,2.0,46.9
3306,Horamavu Banaswadi,2,1200.0,2.0,45.0
3307,Horamavu Banaswadi,2,1254.0,2.0,47.0
3308,Horamavu Banaswadi,3,1610.0,3.0,68.0
3309,Horamavu Banaswadi,2,1210.0,2.0,50.0
3310,Horamavu Banaswadi,2,1357.0,2.0,54.0
3311,Horamavu Banaswadi,2,1272.0,2.0,50.0
3312,Horamavu Banaswadi,2,1200.0,2.0,45.0
3313,Horamavu Banaswadi,2,1025.0,2.0,45.0
3314,Horamavu Banaswadi,2,1081.0,2.0,52.0
3315,Horamavu Banaswadi,2,1000.0,2.0,50.0
3316,Hormavu,2,1500.0,2.0,78.0
3317,Hormavu,2,1150.0,2.0,55.0
3319,Hormavu,2,1180.0,2.0,50.0
3320,Hormavu,2,1200.0,2.0,67.0
3321,Hormavu,2,1200.0,3.0,70.0
3322,Hormavu,2,1175.0,2.0,52.0
3323,Hormavu,1,1351.0,2.0,53.0
3324,Hormavu,2,1141.0,2.0,44.4
3325,Hormavu,2,1130.0,2.0,42.3
3327,Hormavu,3,1725.0,3.0,85.0
3328,Hormavu,2,1153.0,2.0,65.0
3329,Hormavu,2,1150.0,2.0,53.11
3330,Hormavu,2,1123.0,2.0,56.0
3331,Hormavu,3,1385.0,2.0,69.0
3333,Hormavu,2,1030.0,2.0,49.35
3334,Hormavu,2,1018.0,2.0,50.8
3335,Hormavu,3,1555.0,3.0,75.0
3336,Hormavu,2,1143.0,2.0,53.0
3337,Hormavu,2,1100.0,2.0,38.0
3338,Hormavu,2,1000.0,2.0,50.0
3339,Hormavu,2,1200.0,2.0,68.0
3341,Hormavu,2,1200.0,2.0,68.0
3342,Hormavu,2,765.0,2.0,37.49
3344,Hormavu,2,1081.5,2.0,38.665
3345,Hormavu,2,1250.0,2.0,60.0
3346,Hormavu,2,965.0,2.0,37.15
3347,Hormavu,1,583.0,1.0,28.275
3348,Hormavu,2,1129.0,2.0,44.0
3349,Hormavu,3,1385.0,2.0,69.25
3350,Hormavu,2,1165.0,2.0,40.0
3351,Hormavu,2,1065.0,2.0,50.92
3352,Hormavu,2,1046.0,2.0,60.0
3353,Hormavu,2,1400.0,2.0,75.0
3354,Hormavu,3,1365.0,2.0,65.0
3355,Hormavu,2,1196.0,2.0,44.8
3356,Hormavu,2,1263.0,2.0,47.36
3357,Hormavu,2,1015.0,2.0,39.08
3359,Hormavu,2,1200.0,2.0,73.0
3360,Hormavu,2,1250.0,2.0,65.0
3362,Hormavu,2,1075.0,2.0,53.7
3363,Hormavu,2,980.0,2.0,42.0
3364,Hormavu,2,1075.0,2.0,53.7
3365,Hormavu,4,2282.0,4.0,115.0
3366,Hormavu,2,1206.0,2.0,55.0
3367,Hormavu,2,1310.0,2.0,67.0
3368,Hormavu,2,1310.0,2.0,60.0
3369,Hormavu,2,1020.0,2.0,45.75
3370,Hormavu,2,1210.0,2.0,69.0
3371,Hosa Road,3,1652.0,3.0,85.0
3373,Hosa Road,2,1161.0,2.0,55.15
3375,Hosa Road,2,1161.0,2.0,55.15
3376,Hosa Road,2,1365.0,2.0,92.0
3377,Hosa Road,2,1243.0,2.0,48.5
3379,Hosa Road,3,1332.0,2.0,86.12
3380,Hosa Road,1,615.0,1.0,28.29
3381,Hosa Road,3,1318.0,2.0,85.28
3382,Hosa Road,2,1133.0,2.0,52.0
3383,Hosa Road,2,1016.0,2.0,40.0
3384,Hosa Road,2,972.0,2.0,40.0
3385,Hosa Road,2,1161.0,2.0,55.15
3386,Hosa Road,3,1532.0,3.0,98.13
3387,Hosa Road,3,1680.0,3.0,101.0
3388,Hosa Road,2,880.0,2.0,50.0
3389,Hosa Road,3,1533.0,3.0,98.18
3390,Hosa Road,2,1040.0,2.0,68.59
3391,Hosa Road,2,1040.0,2.0,61.0
3393,Hosa Road,2,1245.0,2.0,62.0
3394,Hosa Road,3,1311.0,2.0,84.86
3395,Hosa Road,1,800.0,1.0,39.99
3397,Hosa Road,2,1364.0,2.0,64.79
3398,Hosa Road,2,1016.0,2.0,45.0
3400,Hosa Road,2,1360.0,2.0,77.61
3401,Hosa Road,2,1170.0,2.0,65.0
3402,Hosa Road,2,1161.0,2.0,55.15
3403,Hosa Road,3,1470.0,2.0,84.22
3405,Hosa Road,2,1161.0,2.0,48.75
3407,Hosa Road,2,1016.0,2.0,39.95
3408,Hosakerehalli,3,2378.0,3.0,262.0
3409,Hosakerehalli,3,2376.0,3.0,203.0
3410,Hosakerehalli,4,3205.0,5.0,380.0
3412,Hosakerehalli,4,3024.0,5.0,350.0
3413,Hosakerehalli,5,2400.0,5.0,250.0
3414,Hosakerehalli,3,1817.0,4.0,153.0
3415,Hosakerehalli,2,1304.0,2.0,100.0
3416,Hosakerehalli,3,2480.0,3.0,245.0
3417,Hosakerehalli,2,925.0,2.0,46.5
3418,Hosakerehalli,3,2480.0,4.0,260.0
3419,Hosakerehalli,3,1596.0,3.0,79.8
3420,Hosakerehalli,3,1200.0,2.0,100.0
3421,Hosakerehalli,4,3205.0,4.0,300.0
3422,Hosakerehalli,4,3033.0,4.0,326.0
3423,Hosakerehalli,2,600.0,2.0,65.0
3424,Hosakerehalli,3,2480.0,4.0,265.0
3425,Hosakerehalli,2,925.0,2.0,46.25
3426,Hosakerehalli,3,2376.0,3.0,240.0
3427,Hosakerehalli,5,1500.0,6.0,145.0
3428,Hoskote,3,1250.0,3.0,50.0
3429,Hoskote,3,1225.0,3.0,40.0
3430,Hoskote,3,1740.0,3.0,60.0
3431,Hoskote,2,1170.0,2.0,45.0
3433,Hoskote,3,1200.0,3.0,57.0
3434,Hoskote,3,1069.0,2.0,38.0
3435,Hoskote,2,1095.0,2.0,33.6
3437,Hoskote,2,1065.0,2.0,31.5
3438,Hoskote,3,1395.0,2.0,63.0
3439,Hoskote,2,1065.0,2.0,28.5
3440,Hoskote,2,945.0,2.0,35.0
3441,Hoskote,2,1003.5,2.0,28.095
3442,Hoskote,2,1065.0,2.0,33.75
3443,Hoskote,1,509.0,1.0,23.0
3444,Hosur Road,2,1656.0,2.0,120.0
3445,Hosur Road,2,1194.0,2.0,69.0
3448,Hosur Road,5,3300.0,5.0,240.0
3449,Hosur Road,3,1510.0,2.0,105.0
3450,Hosur Road,3,1427.0,2.0,80.63
3451,Hosur Road,3,1508.0,2.0,110.0
3452,Hosur Road,1,460.0,1.0,21.0
3454,Hosur Road,2,1179.0,2.0,49.0
3455,Hosur Road,2,950.0,2.0,60.0
3456,Hosur Road,2,1194.0,2.0,71.64
3457,Hosur Road,3,1766.0,3.0,130.0
3458,Hosur Road,3,1689.0,3.0,103.0
3459,Hosur Road,5,3600.0,5.0,180.0
3460,Hosur Road,2,1170.0,2.0,48.0
3461,Hosur Road,2,1250.0,2.0,55.0
3462,Hosur Road,3,1689.0,3.0,103.0
3464,Hosur Road,4,2000.0,4.0,130.0
3465,Hosur Road,2,1250.0,2.0,65.0
3466,Hosur Road,3,1689.0,3.0,103.0
3469,Hosur Road,2,1223.0,2.0,93.0
3471,Hosur Road,3,1919.0,3.0,117.0
3472,Hulimavu,2,1125.0,2.0,50.0
3473,Hulimavu,2,1242.0,2.0,51.0
3475,Hulimavu,3,1823.0,3.0,100.0
3476,Hulimavu,2,1300.0,2.0,36.0
3477,Hulimavu,2,1080.0,2.0,43.2
3478,Hulimavu,2,1100.0,2.0,71.5
3480,Hulimavu,1,688.0,1.0,50.0
3481,Hulimavu,2,1255.0,2.0,73.0
3482,Hulimavu,4,1200.0,4.0,75.0
3483,Hulimavu,2,1058.0,2.0,48.0
3484,Hulimavu,2,1375.0,2.0,80.0
3485,Hulimavu,2,1248.0,2.0,69.0
3486,Hulimavu,3,1818.0,3.0,135.0
3487,Hulimavu,2,1225.0,2.0,55.0
3488,Hulimavu,2,1255.0,2.0,74.0
3489,Hulimavu,2,1175.0,2.0,45.0
3490,Hulimavu,2,1255.0,2.0,69.0
3491,Hulimavu,2,1255.0,2.0,66.0
3492,Hulimavu,3,3035.0,5.0,271.0
3493,Hulimavu,3,3035.0,5.0,220.0
3494,Hulimavu,2,1127.0,2.0,65.0
3495,Hulimavu,2,1200.0,2.0,50.0
3497,Hulimavu,2,1200.0,2.0,75.0
3498,Hulimavu,3,1430.0,2.0,90.0
3499,Hulimavu,2,850.0,1.0,39.5
3500,Hulimavu,2,1000.0,2.0,45.0
3503,Hulimavu,4,3560.0,5.0,318.0
3504,Hulimavu,2,1011.0,2.0,38.0
3505,Hulimavu,2,1276.0,2.0,76.0
3506,Hulimavu,2,1500.0,2.0,90.0
3507,Hulimavu,2,1315.0,2.0,60.48
3508,Hulimavu,2,1021.0,2.0,76.0
3509,Hulimavu,1,581.0,1.0,29.0
3510,Hulimavu,2,935.0,2.0,45.0
3511,Hulimavu,2,1050.0,2.0,125.0
3513,Hulimavu,4,1200.0,4.0,75.0
3514,Hulimavu,3,1260.0,2.0,82.0
3515,Hulimavu,1,450.0,1.0,20.0
3516,Hulimavu,2,1231.0,2.0,84.5
3517,Hulimavu,3,1916.0,2.0,150.0
3518,Hulimavu,2,1115.0,2.0,44.6
3519,ISRO Layout,6,4400.0,6.0,250.0
3520,ISRO Layout,2,1000.0,2.0,60.0
3521,ISRO Layout,2,1180.0,2.0,52.0
3522,ISRO Layout,2,1000.0,2.0,60.0
3523,ISRO Layout,3,1310.0,2.0,68.0
3524,ISRO Layout,4,4200.0,4.0,255.0
3525,ISRO Layout,2,1050.0,2.0,51.0
3526,ISRO Layout,3,1370.0,2.0,87.0
3527,ITPL,3,1200.0,3.0,56.12
3528,ITPL,3,1548.0,3.0,89.5
3529,ITPL,3,1200.0,3.0,68.4
3530,ITPL,3,1200.0,3.0,56.12
3531,ITPL,3,1200.0,3.0,56.12
3532,ITPL,3,1500.0,3.0,61.52
3533,ITPL,4,5667.5,5.0,300.0
3534,Iblur Village,3,3235.0,3.0,235.0
3535,Iblur Village,4,3596.0,5.0,290.0
3536,Iblur Village,3,1920.0,3.0,130.0
3537,Iblur Village,3,1995.0,3.0,135.0
3538,Iblur Village,4,3596.0,5.0,282.0
3539,Iblur Village,3,1918.0,3.0,129.0
3541,Iblur Village,3,2100.0,4.0,145.0
3542,Iblur Village,3,1920.0,3.0,150.0
3543,Iblur Village,3,1920.0,3.0,130.0
3544,Iblur Village,3,1920.0,3.0,150.0
3545,Iblur Village,3,2000.0,4.0,138.0
3546,Iblur Village,4,3596.0,5.0,260.0
3547,Iblur Village,4,3596.0,5.0,279.0
3548,Iblur Village,3,2666.0,4.0,200.0
3549,Iblur Village,5,5384.0,5.0,420.0
3550,Iblur Village,4,3596.0,5.0,297.0
3551,Iblur Village,5,5515.0,6.0,425.0
3552,Iblur Village,3,1920.0,3.0,130.0
3553,Iblur Village,4,3596.0,4.0,268.0
3556,Indira Nagar,2,1200.0,2.0,93.0
3557,Indira Nagar,2,1128.0,2.0,105.0
3558,Indira Nagar,3,2800.0,3.0,330.0
3559,Indira Nagar,3,1650.0,3.0,200.0
3561,Indira Nagar,2,1210.0,2.0,102.0
3562,Indira Nagar,2,1224.0,2.0,105.0
3563,Indira Nagar,3,2070.0,3.0,225.0
3564,Indira Nagar,1,500.0,1.0,70.0
3565,Indira Nagar,2,1400.0,2.0,168.0
3566,Indira Nagar,4,2400.0,4.0,525.0
3568,Indira Nagar,2,1145.0,2.0,100.0
3569,Indira Nagar,2,1470.0,2.0,170.0
3570,Indira Nagar,3,2700.0,3.0,324.0
3571,Indira Nagar,1,850.0,1.0,57.0
3572,Indira Nagar,8,3250.0,8.0,600.0
3573,Indira Nagar,3,2601.0,4.0,312.0
3574,Indira Nagar,2,1260.0,2.0,100.0
3575,Indira Nagar,3,1740.0,3.0,191.0
3576,Indira Nagar,3,1650.0,3.0,220.0
3579,Indira Nagar,3,1440.0,3.0,275.0
3580,Indira Nagar,2,1475.0,2.0,171.0
3581,Indira Nagar,4,3200.0,4.0,440.0
3582,Indira Nagar,4,4000.0,4.0,700.0
3583,Indira Nagar,1,850.0,1.0,60.0
3584,Indira Nagar,4,2400.0,4.0,405.0
3585,Indira Nagar,5,1800.0,5.0,350.0
3588,Indira Nagar,3,1650.0,3.0,200.0
3589,Indira Nagar,4,2800.0,4.0,365.0
3590,Indira Nagar,2,1260.0,2.0,120.0
3591,Indira Nagar,2,1149.0,2.0,130.0
3593,Indira Nagar,6,2400.0,6.0,475.0
3594,JP Nagar,3,1850.0,3.0,150.0
3595,JP Nagar,5,5520.0,2.0,375.0
3596,JP Nagar,2,1100.0,2.0,70.0
3597,JP Nagar,2,940.0,2.0,49.0
3599,JP Nagar,4,4624.5,4.0,314.5
3600,JP Nagar,2,1078.0,2.0,45.0
3601,JP Nagar,1,1050.0,1.0,44.0
3602,JP Nagar,2,1352.5,2.0,93.865
3603,JP Nagar,2,1200.0,2.0,62.0
3604,JP Nagar,2,1300.0,2.0,90.87
3605,JP Nagar,3,1315.0,2.0,85.4
3606,JP Nagar,3,1690.0,3.0,112.0
3611,JP Nagar,1,750.0,1.0,52.5
3612,JP Nagar,2,1200.0,2.0,78.0
3613,JP Nagar,3,1850.0,2.0,110.0
3614,JP Nagar,2,1100.0,2.0,45.0
3615,JP Nagar,2,1197.0,2.0,47.88
3616,JP Nagar,7,2700.0,4.0,160.0
3618,JP Nagar,2,820.0,2.0,45.0
3619,JP Nagar,3,1750.0,3.0,123.0
3620,JP Nagar,3,2195.0,2.0,152.0
3621,JP Nagar,3,3496.5,2.0,237.5
3625,JP Nagar,1,745.0,1.0,34.27
3626,JP Nagar,6,1800.0,6.0,68.0
3627,JP Nagar,2,1150.0,2.0,90.0
3629,JP Nagar,3,1960.0,3.0,138.0
3632,JP Nagar,2,1250.0,2.0,60.0
3633,JP Nagar,3,2400.0,3.0,196.0
3634,JP Nagar,2,1300.0,2.0,91.65
3635,JP Nagar,2,1107.0,2.0,57.0
3636,JP Nagar,2,1250.0,2.0,93.0
3637,JP Nagar,3,1500.0,2.0,108.0
3638,JP Nagar,3,1520.0,3.0,125.0
3639,JP Nagar,2,1405.0,2.0,99.0
3640,JP Nagar,2,1157.0,2.0,73.0
3642,JP Nagar,2,1048.0,2.0,44.0
3643,Jakkur,2,1417.0,2.0,75.0
3644,Jakkur,3,1590.0,2.0,125.0
3645,Jakkur,2,1279.0,2.0,77.0
3646,Jakkur,3,1710.0,3.0,107.0
3647,Jakkur,3,1396.0,2.0,86.51
3648,Jakkur,4,3467.86,6.0,249.0
3649,Jakkur,3,1865.0,3.0,124.0
3650,Jakkur,4,3181.0,2.0,260.5
3651,Jakkur,3,1760.0,3.0,139.0
3652,Jakkur,2,1290.0,2.0,100.0
3653,Jakkur,2,1452.19,2.0,100.0
3654,Jakkur,3,1798.0,3.0,120.0
3655,Jakkur,2,1300.0,2.0,85.0
3656,Jakkur,4,3181.0,4.0,260.5
3657,Jakkur,3,1950.0,3.0,131.0
3659,Jakkur,2,1230.0,2.0,76.0
3661,Jakkur,2,1290.0,2.0,80.0
3662,Jakkur,3,1760.0,3.0,110.0
3664,Jakkur,2,1483.0,2.0,98.0
3667,Jakkur,3,1650.0,3.0,111.0
3669,Jakkur,3,2423.0,4.0,160.0
3670,Jakkur,3,2197.0,3.0,136.0
3671,Jakkur,2,1125.0,2.0,65.0
3672,Jakkur,2,1230.0,2.0,79.0
3673,Jakkur,2,1202.0,2.0,79.0
3674,Jakkur,3,1858.0,3.0,123.0
3675,Jakkur,4,3181.0,2.0,229.0
3678,Jakkur,3,1785.0,3.0,130.0
3679,Jakkur,2,1080.0,2.0,60.0
3680,Jakkur,2,1260.0,2.0,71.195
3681,Jakkur,3,1816.0,3.0,119.0
3682,Jakkur,2,1424.0,2.0,80.0
3683,Jakkur,2,1290.0,2.0,85.0
3684,Jakkur,2,1300.0,2.0,80.0
3685,Jakkur,2,1290.0,2.0,80.04
3686,Jakkur,2,1282.0,2.0,72.0
3688,Jakkur,3,1660.0,3.0,104.0
3689,Jakkur,2,1291.0,2.0,75.0
3690,Jakkur,2,1473.0,2.0,85.0
3691,Jakkur,3,1660.0,3.0,104.0
3692,Jakkur,3,1950.0,3.0,131.0
3693,Jakkur,2,1432.0,2.0,85.0
3695,Jakkur,3,1710.0,3.0,110.0
3697,Jalahalli,3,2250.0,3.0,160.0
3698,Jalahalli,2,1694.0,2.0,125.0
3700,Jalahalli,2,1400.0,1.0,80.0
3701,Jalahalli,2,1045.0,2.0,76.77
3703,Jalahalli,3,2113.0,3.0,155.0
3704,Jalahalli,3,1932.0,4.0,135.0
3705,Jalahalli,2,1045.0,2.0,58.0
3706,Jalahalli,4,1200.0,4.0,90.0
3707,Jalahalli,2,1020.0,2.0,52.0
3708,Jalahalli,3,2384.0,4.0,165.0
3709,Jalahalli,2,790.0,2.0,49.5
3712,Jalahalli,3,1569.0,3.0,118.0
3713,Jalahalli,1,600.0,1.0,37.0
3714,Jalahalli,1,615.0,1.0,46.0
3716,Jalahalli,2,905.0,2.0,55.0
3717,Jalahalli,2,1000.0,2.0,70.0
3718,Jalahalli,1,615.0,1.0,46.0
3720,Jalahalli,3,1470.0,2.0,102.0
3721,Jalahalli,2,1244.0,2.0,88.0
3722,Jalahalli,2,1407.0,2.0,98.49
3723,Jalahalli,1,1200.0,2.0,66.0
3725,Jalahalli,2,1045.0,2.0,76.77
3727,Jalahalli,3,2086.0,3.0,160.0
3729,Jalahalli,2,1313.0,2.0,68.0
3732,Jalahalli East,1,750.0,1.0,40.0
3733,Jalahalli East,3,1260.0,2.0,60.0
3734,Jalahalli East,2,1020.0,2.0,58.0
3735,Jalahalli East,3,1300.0,2.0,63.0
3736,Jalahalli East,1,775.0,1.0,34.1
3737,Jalahalli East,2,1010.0,2.0,52.0
3738,Jalahalli East,2,1010.0,2.0,52.0
3740,Jigani,2,918.0,2.0,52.0
3741,Jigani,2,918.0,2.0,48.0
3743,Jigani,2,914.0,2.0,47.0
3744,Jigani,2,927.0,2.0,55.0
3745,Jigani,2,920.0,2.0,46.0
3746,Jigani,3,2400.0,4.0,130.0
3747,Jigani,2,918.0,2.0,45.0
3748,Jigani,2,918.0,2.0,63.2
3749,Jigani,2,933.0,2.0,43.0
3750,Jigani,2,918.0,2.0,55.0
3751,Jigani,3,2400.0,3.0,149.0
3752,Jigani,4,4303.5,2.0,226.0
3753,Jigani,2,937.0,2.0,44.0
3755,Jigani,2,923.0,2.0,50.0
3758,Jigani,3,1221.0,3.0,72.0
3759,Jigani,2,918.0,2.0,49.0
3761,Jigani,2,914.0,2.0,49.0
3762,Jigani,2,918.0,2.0,50.0
3763,Jigani,3,1200.0,3.0,65.0
3764,Jigani,2,914.0,2.0,55.0
3768,Jigani,3,1221.0,3.0,75.0
3769,Jigani,3,1252.0,3.0,70.0
3772,Jigani,2,939.0,2.0,39.0
3773,Jigani,3,1221.0,3.0,70.0
3776,Jigani,2,943.0,2.0,48.0
3777,Jigani,2,918.0,2.0,56.0
3780,Jigani,2,943.0,2.0,49.5
3781,Judicial Layout,3,1300.0,3.0,64.0
3782,Judicial Layout,3,2070.0,3.0,162.0
3783,Judicial Layout,3,1700.0,3.0,155.0
3784,Judicial Layout,3,1100.0,2.0,53.0
3785,Judicial Layout,2,1165.0,2.0,49.61
3786,Judicial Layout,5,5400.0,4.0,700.0
3787,Judicial Layout,4,1500.0,3.0,162.0
3788,Judicial Layout,2,900.0,2.0,40.0
3789,Judicial Layout,3,1989.0,4.0,155.0
3790,KR Puram,2,1277.5,2.0,56.8
3791,KR Puram,2,930.0,2.0,39.0
3792,KR Puram,2,1155.0,2.0,42.74
3793,KR Puram,2,1225.0,2.0,46.55
3794,KR Puram,2,1100.0,2.0,47.0
3795,KR Puram,2,1200.0,2.0,71.0
3797,KR Puram,2,750.0,2.0,25.0
3799,KR Puram,2,1015.0,2.0,43.0
3800,KR Puram,2,1470.0,2.0,86.0
3801,KR Puram,1,714.0,1.0,28.0
3802,KR Puram,2,1142.0,2.0,51.0
3803,KR Puram,2,1115.0,2.0,33.45
3804,KR Puram,2,1021.0,2.0,48.0
3805,KR Puram,3,1559.0,3.0,69.315
3806,KR Puram,2,1035.0,2.0,40.5
3807,KR Puram,2,1550.0,2.0,71.0
3808,KR Puram,2,1192.5,2.0,51.22
3809,KR Puram,2,1100.0,2.0,46.0
3810,KR Puram,2,1290.0,2.0,49.02
3811,KR Puram,2,1100.0,2.0,43.0
3812,KR Puram,2,950.0,2.0,40.0
3813,KR Puram,2,1156.0,2.0,72.0
3814,KR Puram,2,1000.0,2.0,60.0
3817,KR Puram,2,1001.0,2.0,30.0
3818,KR Puram,2,750.0,2.0,40.0
3820,KR Puram,6,2000.0,6.0,85.0
3821,KR Puram,2,1000.0,2.0,44.5
3822,KR Puram,2,1200.0,2.0,47.0
3823,KR Puram,2,1200.0,1.0,65.0
3824,KR Puram,3,1583.0,2.0,70.445
3825,KR Puram,2,1076.0,2.0,67.0
3826,KR Puram,2,1140.0,2.0,43.32
3827,KR Puram,6,4300.0,6.0,175.0
3828,KR Puram,2,1200.0,2.0,42.0
3830,KR Puram,2,1040.0,2.0,50.0
3831,KR Puram,4,1200.0,4.0,83.0
3832,KR Puram,2,734.0,2.0,22.0
3833,KR Puram,2,1120.0,2.0,36.0
3834,KR Puram,2,1150.0,2.0,42.0
3835,KR Puram,9,4600.0,9.0,200.0
3836,KR Puram,2,1050.0,2.0,55.0
3837,KR Puram,2,1057.0,2.0,30.0
3838,KR Puram,2,1085.0,2.0,46.5
3839,KR Puram,3,1700.0,3.0,105.0
3840,KR Puram,2,1200.0,2.0,72.0
3841,KR Puram,4,3628.0,4.0,246.0
3842,KR Puram,2,2000.0,2.0,75.0
3843,KR Puram,2,1100.0,2.0,45.0
3844,KR Puram,2,1035.0,2.0,40.0
3845,KR Puram,2,1116.0,2.0,45.0
3846,KR Puram,2,1290.0,2.0,69.0
3847,KR Puram,3,1300.0,2.0,57.0
3848,KR Puram,2,866.28,2.0,36.38
3849,KR Puram,2,1096.0,2.0,43.0
3850,KR Puram,2,1204.0,2.0,58.0
3851,KR Puram,1,700.0,1.0,21.5
3852,KR Puram,2,1205.0,2.0,45.79
3853,KR Puram,3,1827.0,3.0,97.0
3854,KR Puram,2,1075.0,2.0,32.25
3856,KR Puram,2,1100.0,2.0,39.9
3857,KR Puram,4,2283.0,2.0,121.0
3858,KR Puram,7,2800.0,6.0,110.0
3859,KR Puram,2,1020.0,2.0,39.0
3860,KR Puram,2,1200.0,2.0,75.0
3861,KR Puram,2,1245.0,2.0,60.0
3862,Kadubeesanahalli,3,1665.0,3.0,70.0
3863,Kadubeesanahalli,3,1532.0,3.0,115.0
3864,Kadubeesanahalli,3,1545.0,2.0,66.0
3865,Kadubeesanahalli,3,1424.0,2.0,75.0
3866,Kadubeesanahalli,2,1257.0,2.0,93.0
3867,Kadubeesanahalli,3,1365.0,3.0,80.0
3868,Kadubeesanahalli,2,1257.0,2.0,105.0
3869,Kadubeesanahalli,2,1184.0,2.0,55.0
3870,Kadubeesanahalli,2,1185.0,2.0,55.0
3871,Kadubeesanahalli,2,1140.0,2.0,78.0
3873,Kadugodi,3,1762.0,3.0,91.45
3874,Kadugodi,2,1198.0,2.0,58.0
3876,Kadugodi,3,1890.0,4.0,127.0
3877,Kadugodi,4,3750.0,4.0,210.0
3878,Kadugodi,3,1762.0,3.0,110.0
3879,Kadugodi,3,1900.0,3.0,108.0
3880,Kadugodi,2,1314.0,2.0,68.2
3881,Kadugodi,3,1645.0,2.0,82.0
3882,Kadugodi,2,1100.0,2.0,45.0
3884,Kadugodi,2,1314.0,2.0,78.0
3885,Kadugodi,3,1762.0,3.0,112.0
3886,Kadugodi,2,1314.0,2.0,83.0
3887,Kadugodi,1,925.0,1.0,40.7
3888,Kadugodi,3,1351.0,2.0,78.0
3889,Kadugodi,2,1010.0,2.0,50.0
3890,Kadugodi,3,1890.0,4.0,125.0
3891,Kadugodi,2,1152.0,2.0,61.0
3892,Kadugodi,2,1394.0,2.0,56.0
3893,Kadugodi,3,1762.0,3.0,112.0
3894,Kadugodi,3,1890.0,4.0,125.0
3898,Kadugodi,2,1088.0,2.0,44.0
3899,Kadugodi,3,1875.0,2.0,110.0
3900,Kadugodi,2,1150.0,2.0,42.0
3901,Kadugodi,3,1762.0,3.0,109.0
3902,Kadugodi,2,1314.0,2.0,80.0
3903,Kadugodi,2,1196.0,2.0,60.0
3904,Kaggadasapura,3,1280.0,2.0,56.0
3905,Kaggadasapura,2,1275.0,2.0,52.0
3906,Kaggadasapura,4,2150.0,4.0,100.0
3907,Kaggadasapura,2,1150.0,2.0,42.0
3908,Kaggadasapura,2,1110.0,2.0,53.0
3909,Kaggadasapura,2,1060.0,2.0,48.0
3911,Kaggadasapura,2,1063.0,2.0,42.0
3912,Kaggadasapura,3,1470.0,2.0,75.0
3914,Kaggadasapura,2,1050.0,2.0,48.0
3915,Kaggadasapura,2,1132.0,2.0,42.0
3916,Kaggadasapura,2,1100.0,2.0,58.0
3917,Kaggadasapura,2,1325.0,2.0,50.0
3918,Kaggadasapura,2,1200.0,2.0,53.0
3919,Kaggadasapura,2,1035.0,2.0,45.5
3920,Kaggadasapura,2,1180.0,1.0,50.0
3921,Kaggadasapura,2,1140.0,2.0,46.0
3922,Kaggadasapura,3,1340.0,3.0,66.0
3924,Kaggadasapura,3,1500.0,3.0,75.0
3925,Kaggadasapura,2,1215.0,2.0,43.0
3926,Kaggadasapura,2,1225.0,2.0,48.0
3928,Kaggadasapura,3,1540.0,3.0,75.0
3929,Kaggadasapura,2,1240.0,2.0,45.0
3930,Kaggadasapura,3,1560.0,2.0,72.0
3931,Kaggadasapura,2,1240.0,2.0,58.58
3932,Kaggadasapura,2,1000.0,2.0,43.0
3933,Kaggadasapura,2,1225.0,2.0,48.0
3934,Kaggadasapura,3,2500.0,5.0,120.0
3935,Kaggadasapura,2,960.0,2.0,45.0
3936,Kaggadasapura,2,775.0,2.0,29.5
3938,Kaggadasapura,3,1455.0,3.0,75.0
3939,Kaggadasapura,2,1045.0,2.0,55.0
3941,Kaggadasapura,3,1654.0,3.0,70.0
3943,Kaggadasapura,2,1106.0,2.0,40.0
3944,Kaggadasapura,3,1485.0,2.0,70.0
3945,Kaggadasapura,2,1175.0,2.0,50.0
3948,Kaggadasapura,2,1105.0,2.0,39.5
3949,Kaggadasapura,3,1500.0,2.0,75.0
3950,Kaggadasapura,3,1400.0,2.0,68.0
3951,Kaggadasapura,2,1150.0,2.0,45.0
3953,Kaggalipura,1,700.0,1.0,38.0
3955,Kaggalipura,1,700.0,1.0,36.0
3956,Kaggalipura,2,950.0,2.0,48.0
3957,Kaggalipura,2,1000.0,2.0,60.0
3958,Kaggalipura,2,950.0,2.0,50.0
3959,Kaggalipura,2,950.0,2.0,47.0
3960,Kaggalipura,3,1150.0,2.0,62.0
3961,Kaggalipura,1,700.0,1.0,35.0
3964,Kaggalipura,2,950.0,2.0,45.0
3965,Kaggalipura,2,950.0,2.0,60.0
3966,Kaikondrahalli,3,1645.0,3.0,100.0
3967,Kaikondrahalli,2,1115.0,2.0,50.0
3968,Kaikondrahalli,3,1220.0,3.0,56.0
3969,Kaikondrahalli,2,1300.0,2.0,61.0
3970,Kaikondrahalli,4,1700.0,4.0,108.0
3971,Kaikondrahalli,3,1342.0,3.0,92.0
3972,Kaikondrahalli,3,1605.0,3.0,105.0
3973,Kaikondrahalli,2,1253.0,2.0,81.5
3974,Kaikondrahalli,2,991.0,2.0,64.0
3975,Kaikondrahalli,2,1250.0,2.0,78.0
3976,Kaikondrahalli,6,3381.0,6.0,225.0
3977,Kalena Agrahara,2,1200.0,2.0,50.0
3978,Kalena Agrahara,3,1804.0,3.0,120.0
3979,Kalena Agrahara,3,1425.0,2.0,70.0
3980,Kalena Agrahara,2,1325.0,2.0,76.0
3981,Kalena Agrahara,3,1450.0,2.0,85.0
3982,Kalena Agrahara,2,980.0,2.0,40.0
3983,Kalena Agrahara,2,1187.0,2.0,52.0
3984,Kalena Agrahara,2,800.0,2.0,30.0
3985,Kalena Agrahara,3,1565.0,3.0,78.0
3986,Kalena Agrahara,1,610.0,1.0,39.0
3987,Kalena Agrahara,2,1040.0,2.0,45.0
3988,Kalena Agrahara,3,1450.0,3.0,100.0
3989,Kalena Agrahara,2,1200.0,2.0,45.0
3990,Kalena Agrahara,3,1902.0,3.0,89.0
3991,Kalena Agrahara,2,800.0,2.0,40.0
3992,Kalena Agrahara,2,1222.0,2.0,48.0
3993,Kalena Agrahara,2,900.0,2.0,40.0
3994,Kalena Agrahara,3,1837.0,2.0,95.0
3995,Kalena Agrahara,3,1510.0,3.0,78.0
3996,Kalena Agrahara,2,1354.0,2.0,70.0
3997,Kalena Agrahara,2,1200.0,3.0,70.0
3998,Kalena Agrahara,2,1354.0,2.0,71.0
3999,Kalkere,2,856.0,2.0,40.0
4000,Kalkere,2,925.0,2.0,48.0
4001,Kalkere,2,925.0,2.0,51.0
4002,Kalkere,2,1147.0,2.0,54.0
4003,Kalkere,2,925.0,2.0,42.0
4004,Kalkere,3,1850.0,3.0,95.0
4005,Kalkere,2,925.0,2.0,55.0
4006,Kalyan nagar,3,1375.0,3.0,75.0
4007,Kalyan nagar,2,820.0,2.0,39.0
4008,Kalyan nagar,4,3800.0,5.0,300.0
4009,Kalyan nagar,3,1640.0,3.0,88.0
4011,Kalyan nagar,2,1080.0,2.0,73.0
4012,Kalyan nagar,4,2422.0,3.0,150.0
4013,Kalyan nagar,2,1280.0,2.0,48.0
4015,Kalyan nagar,2,1198.0,2.0,65.0
4016,Kalyan nagar,2,1250.0,2.0,65.0
4017,Kalyan nagar,2,1190.0,2.0,60.0
4018,Kalyan nagar,2,1086.0,2.0,44.5
4019,Kalyan nagar,3,2285.0,4.0,165.0
4020,Kalyan nagar,2,1100.0,2.0,70.0
4021,Kambipura,2,883.0,2.0,45.0
4022,Kambipura,3,1082.0,2.0,56.0
4023,Kambipura,2,883.0,2.0,45.0
4025,Kambipura,2,883.0,2.0,39.0
4026,Kambipura,2,883.0,2.0,45.0
4027,Kambipura,2,883.0,2.0,39.0
4028,Kambipura,3,1082.0,2.0,55.0
4030,Kambipura,2,883.0,2.0,37.0
4031,Kambipura,2,883.0,2.0,44.0
4032,Kambipura,2,883.0,2.0,37.0
4035,Kambipura,2,883.0,2.0,39.0
4036,Kambipura,2,883.0,2.0,37.01
4037,Kambipura,2,883.0,2.0,39.0
4038,Kambipura,2,883.0,2.0,45.0
4039,Kambipura,2,883.0,2.0,39.0
4040,Kambipura,3,1082.0,2.0,55.0
4041,Kammanahalli,5,2845.0,5.0,140.0
4042,Kammanahalli,5,1666.0,4.0,150.0
4043,Kammanahalli,1,700.0,1.0,59.0
4044,Kammanahalli,2,1200.0,2.0,80.0
4045,Kammanahalli,2,1100.0,2.0,60.0
4046,Kammanahalli,2,1200.0,1.0,81.0
4047,Kammanahalli,4,2900.0,4.0,200.0
4048,Kammanahalli,2,1200.0,3.0,80.0
4049,Kammasandra,3,1595.0,3.0,65.0
4050,Kammasandra,2,810.0,2.0,24.5
4051,Kammasandra,1,657.5,1.0,18.41
4052,Kammasandra,2,674.0,2.0,29.0
4053,Kammasandra,3,912.0,2.0,39.0
4054,Kammasandra,2,1156.0,2.0,32.0
4055,Kammasandra,2,870.0,2.0,24.0
4056,Kammasandra,2,990.0,2.0,31.5
4058,Kammasandra,2,930.0,2.0,25.0
4059,Kammasandra,2,992.0,2.0,25.79
4060,Kammasandra,2,1030.0,1.0,25.75
4062,Kammasandra,2,1015.0,2.0,37.0
4064,Kammasandra,2,1080.0,2.0,31.99
4065,Kammasandra,2,1415.0,2.0,60.0
4066,Kammasandra,2,1057.0,2.0,35.0
4067,Kammasandra,2,982.0,2.0,25.53
4068,Kammasandra,3,1500.0,3.0,65.0
4069,Kammasandra,2,985.0,2.0,40.5
4070,Kammasandra,2,940.0,2.0,35.0
4072,Kammasandra,1,610.0,1.0,18.5
4073,Kanakapura,3,1419.0,3.0,75.0
4074,Kanakapura,1,711.0,1.0,36.0
4075,Kanakapura,1,711.0,1.0,38.0
4076,Kanakapura,2,929.0,2.0,46.0
4077,Kanakapura,1,551.0,1.0,30.0
4078,Kanakapura,2,1020.0,2.0,42.83
4079,Kanakapura,3,1699.0,3.0,97.0
4080,Kanakapura,2,1130.0,2.0,45.2
4081,Kanakapura,3,1476.0,3.0,75.0
4082,Kanakapura,2,1295.0,2.0,64.0
4083,Kanakapura,2,1160.0,2.0,46.39
4084,Kanakapura,2,1277.0,2.0,55.0
4085,Kanakapura,2,1151.0,2.0,59.0
4086,Kanakapura,2,945.0,2.0,47.0
4087,Kanakapura,3,1254.0,2.0,70.0
4088,Kanakapura,3,2200.0,3.0,121.0
4089,Kanakapura,2,1340.0,2.0,65.0
4091,Kanakapura,3,1450.0,3.0,75.0
4092,Kanakapura,2,1130.0,2.0,45.2
4093,Kanakapura,2,1283.0,2.0,68.0
4094,Kanakapura,4,2130.0,4.0,120.0
4096,Kanakapura,1,938.0,1.0,50.0
4097,Kanakapura,1,825.0,1.0,35.475
4098,Kanakapura,3,1489.0,2.0,70.0
4099,Kanakapura,3,1477.0,2.0,69.5
4100,Kanakpura Road,2,700.0,2.0,36.0
4101,Kanakpura Road,3,1665.0,3.0,88.0
4102,Kanakpura Road,2,950.0,2.0,57.0
4103,Kanakpura Road,4,2250.0,4.0,110.0
4105,Kanakpura Road,1,525.0,1.0,26.0
4107,Kanakpura Road,1,525.0,2.0,21.53
4110,Kanakpura Road,1,525.0,1.0,27.25
4111,Kanakpura Road,3,1100.0,2.0,58.0
4112,Kanakpura Road,1,525.0,1.0,30.0
4114,Kanakpura Road,2,1339.0,2.0,75.0
4115,Kanakpura Road,3,1100.0,3.0,58.0
4116,Kanakpura Road,1,525.0,1.0,26.0
4118,Kanakpura Road,3,1843.0,3.0,95.84
4119,Kanakpura Road,2,1290.0,2.0,74.0
4121,Kanakpura Road,3,1665.0,3.0,86.58
4123,Kanakpura Road,3,1542.0,2.0,85.0
4124,Kanakpura Road,3,1300.0,2.0,69.0
4125,Kanakpura Road,2,900.0,2.0,46.0
4128,Kanakpura Road,2,900.0,2.0,46.0
4129,Kanakpura Road,2,900.0,2.0,46.0
4130,Kanakpura Road,2,1495.0,2.0,90.0
4133,Kanakpura Road,3,1560.0,3.0,92.0
4134,Kanakpura Road,2,1135.0,2.0,58.0
4135,Kanakpura Road,4,3500.0,6.0,225.0
4136,Kanakpura Road,3,1420.0,2.0,75.0
4138,Kanakpura Road,1,825.0,1.0,36.29
4139,Kanakpura Road,2,983.0,2.0,50.6
4144,Kanakpura Road,3,1843.0,3.0,95.84
4146,Kanakpura Road,2,1366.0,3.0,76.85
4148,Kanakpura Road,1,525.0,1.0,25.0
4150,Kanakpura Road,3,2265.0,3.0,136.0
4156,Kanakpura Road,3,2200.0,3.0,130.0
4157,Kanakpura Road,1,525.0,1.0,30.0
4159,Kanakpura Road,2,1051.0,2.0,56.74
4160,Kanakpura Road,1,525.0,1.0,30.0
4165,Kanakpura Road,3,1300.0,3.0,69.0
4166,Kanakpura Road,2,700.0,2.0,40.0
4167,Kanakpura Road,1,458.0,1.0,19.695
4168,Kanakpura Road,3,1700.0,3.0,88.0
4171,Kanakpura Road,4,2775.0,3.0,165.0
4172,Kanakpura Road,3,1900.0,3.0,99.0
4173,Kanakpura Road,2,1290.0,2.0,80.0
4178,Kanakpura Road,3,1868.0,3.0,113.0
4180,Kanakpura Road,2,1366.0,2.0,83.0
4181,Kanakpura Road,2,700.0,2.0,40.0
4183,Kanakpura Road,2,1339.0,2.0,71.5
4185,Kanakpura Road,1,670.0,1.0,35.0
4192,Kanakpura Road,1,525.0,1.0,30.0
4195,Kanakpura Road,3,1498.0,3.0,95.0
4196,Kanakpura Road,1,525.0,2.0,27.0
4197,Kanakpura Road,3,1665.0,3.0,86.91
4198,Kanakpura Road,3,1665.0,3.0,86.58
4199,Kanakpura Road,1,712.0,1.0,38.44
4203,Kanakpura Road,3,1507.0,2.0,95.0
4207,Kanakpura Road,2,1339.0,2.0,85.0
4208,Kanakpura Road,1,525.0,1.0,27.0
4209,Kanakpura Road,1,525.0,1.0,27.5
4211,Kanakpura Road,1,525.0,1.0,26.25
4213,Kanakpura Road,1,525.0,1.0,26.0
4214,Kanakpura Road,3,1050.0,2.0,59.0
4215,Kanakpura Road,3,1600.0,3.0,90.0
4216,Kanakpura Road,1,525.0,2.0,29.25
4218,Kanakpura Road,2,800.0,2.0,41.145
4221,Kanakpura Road,3,1100.0,3.0,56.57
4224,Kanakpura Road,3,1843.0,3.0,96.2
4228,Kanakpura Road,2,1240.0,2.0,65.0
4232,Kanakpura Road,2,700.0,2.0,41.0
4236,Kanakpura Road,2,700.0,1.0,41.0
4238,Kanakpura Road,3,1100.0,3.0,58.0
4239,Kanakpura Road,2,1140.0,2.0,65.0
4241,Kanakpura Road,2,700.0,2.0,40.0
4244,Kanakpura Road,1,525.0,1.0,26.01
4248,Kanakpura Road,2,1322.0,2.0,70.0
4249,Kanakpura Road,2,1698.0,2.0,105.0
4250,Kanakpura Road,3,1300.0,3.0,69.0
4251,Kanakpura Road,3,1300.0,3.0,69.0
4253,Kanakpura Road,2,1167.0,2.0,63.0
4257,Kanakpura Road,3,1300.0,3.0,69.0
4262,Kanakpura Road,2,1430.0,2.0,78.0
4263,Kanakpura Road,2,700.0,2.0,36.0
4266,Kanakpura Road,1,525.0,2.0,27.0
4268,Kanakpura Road,3,1100.0,3.0,58.0
4273,Kanakpura Road,3,1300.0,2.0,69.0
4274,Kanakpura Road,3,2000.0,3.0,105.0
4275,Kanakpura Road,2,1200.0,2.0,62.0
4277,Kanakpura Road,3,1843.0,3.0,95.0
4280,Kanakpura Road,2,900.0,2.0,46.29
4281,Kanakpura Road,1,850.0,1.0,37.32
4283,Kanakpura Road,1,525.0,1.0,30.0
4284,Kanakpura Road,3,1938.0,3.0,105.0
4285,Kanakpura Road,3,1843.0,3.0,96.2
4286,Kanakpura Road,1,525.0,1.0,26.0
4290,Kanakpura Road,2,700.0,2.0,36.0
4291,Kanakpura Road,3,1622.0,3.0,95.0
4296,Kannamangala,2,957.0,2.0,58.0
4297,Kannamangala,2,957.0,2.0,56.0
4298,Kannamangala,4,3000.0,4.0,200.0
4299,Kannamangala,3,1536.0,3.0,89.0
4300,Kannamangala,4,2400.0,4.0,130.0
4301,Kannamangala,3,1574.0,3.0,93.34
4302,Kannamangala,2,957.0,2.0,52.5
4303,Kannamangala,3,1536.0,3.0,104.0
4304,Kannamangala,2,957.0,2.0,54.5
4305,Kannamangala,4,2422.0,4.0,135.0
4306,Kannamangala,2,957.0,2.0,55.0
4307,Kannamangala,2,957.0,2.0,56.0
4308,Karuna Nagar,3,2500.0,3.0,180.0
4309,Karuna Nagar,3,2500.0,3.0,190.0
4310,Karuna Nagar,3,1962.0,3.0,175.0
4311,Karuna Nagar,2,1057.0,2.0,65.0
4312,Karuna Nagar,3,1354.0,2.0,98.0
4313,Karuna Nagar,3,1945.0,3.0,115.0
4314,Karuna Nagar,3,1960.0,3.0,165.0
4315,Kasavanhalli,2,1060.0,2.0,58.06
4316,Kasavanhalli,3,1563.05,3.0,105.0
4317,Kasavanhalli,3,1717.0,3.0,99.0
4319,Kasavanhalli,4,3260.0,4.0,240.0
4320,Kasavanhalli,2,1349.0,2.0,78.0
4321,Kasavanhalli,2,1121.0,2.0,78.0
4322,Kasavanhalli,2,1100.0,2.0,50.0
4324,Kasavanhalli,2,1200.0,2.0,78.0
4327,Kasavanhalli,3,1476.0,3.0,89.0
4329,Kasavanhalli,2,1200.0,2.0,50.0
4330,Kasavanhalli,3,1719.0,3.0,116.0
4331,Kasavanhalli,2,1115.0,2.0,50.0
4332,Kasavanhalli,2,1125.0,2.0,61.2
4333,Kasavanhalli,3,2170.0,3.0,151.0
4336,Kasavanhalli,3,1476.0,3.0,95.0
4337,Kasavanhalli,2,1200.0,2.0,50.3
4339,Kasavanhalli,3,1787.0,3.0,123.0
4340,Kasavanhalli,2,1090.0,2.0,59.8
4341,Kasavanhalli,3,1691.0,3.0,104.0
4342,Kasavanhalli,4,4260.0,4.0,272.0
4343,Kasavanhalli,3,2111.0,4.0,120.0
4345,Kasavanhalli,2,950.0,2.0,39.0
4350,Kasavanhalli,1,770.0,1.0,43.82
4351,Kasavanhalli,2,1147.0,2.0,60.0
4352,Kasavanhalli,2,1375.0,2.0,72.0
4354,Kasavanhalli,2,1200.0,2.0,60.0
4355,Kasavanhalli,4,4260.0,4.0,333.0
4356,Kasavanhalli,2,1495.0,2.0,83.0
4357,Kasavanhalli,2,5000.0,2.0,400.0
4358,Kasavanhalli,4,4000.0,4.0,325.0
4360,Kasavanhalli,3,1917.0,3.0,132.0
4361,Kasavanhalli,2,1375.0,2.0,78.0
4362,Kasavanhalli,4,4408.0,4.0,344.0
4363,Kasavanhalli,2,1309.0,2.0,95.0
4364,Kasavanhalli,3,1476.0,3.0,105.0
4365,Kasavanhalli,2,1158.0,2.0,67.0
4366,Kasavanhalli,2,1214.0,2.0,67.0
4367,Kasavanhalli,3,2110.0,4.0,120.0
4368,Kasavanhalli,2,1495.0,2.0,110.0
4369,Kasavanhalli,2,1575.0,2.0,85.0
4370,Kasavanhalli,2,1069.0,2.0,55.0
4371,Kasavanhalli,2,1100.0,2.0,68.0
4372,Kasavanhalli,3,1715.0,3.0,112.0
4373,Kasavanhalli,2,1100.0,2.0,65.0
4374,Kasavanhalli,2,1230.0,2.0,66.25
4375,Kasavanhalli,3,1819.0,3.0,150.0
4378,Kasavanhalli,2,1585.0,2.0,90.0
4379,Kasavanhalli,2,1245.0,2.0,80.0
4380,Kasavanhalli,3,2035.0,3.0,142.0
4381,Kasavanhalli,3,1747.0,3.0,110.0
4382,Kasavanhalli,2,1377.0,2.0,80.0
4383,Kasavanhalli,2,1181.0,2.0,61.0
4384,Kasavanhalli,2,1121.0,2.0,75.0
4385,Kasturi Nagar,3,1925.0,3.0,125.0
4386,Kasturi Nagar,2,1567.0,2.0,92.0
4389,Kasturi Nagar,2,1080.0,2.0,80.0
4390,Kasturi Nagar,2,1101.0,2.0,65.0
4392,Kasturi Nagar,4,1896.0,3.0,125.0
4393,Kasturi Nagar,2,1100.0,2.0,58.0
4394,Kasturi Nagar,3,1570.0,3.0,110.0
4395,Kasturi Nagar,2,1000.0,2.0,58.0
4396,Kasturi Nagar,2,1101.0,2.0,66.0
4397,Kasturi Nagar,4,2507.0,4.0,155.0
4398,Kathriguppe,3,1400.0,2.0,77.0
4399,Kathriguppe,3,1250.0,2.0,68.75
4400,Kathriguppe,3,1245.0,2.0,68.48
4401,Kathriguppe,3,1350.0,2.0,87.01
4402,Kathriguppe,3,1350.0,2.0,80.99
4403,Kathriguppe,3,1365.0,2.0,75.08
4404,Kathriguppe,3,1300.0,3.0,77.99
4405,Kathriguppe,3,1350.0,2.0,80.99
4406,Kathriguppe,3,1390.0,2.0,76.45
4407,Kathriguppe,3,1350.0,3.0,78.3
4408,Kathriguppe,3,1250.0,2.0,68.75
4409,Kathriguppe,3,1300.0,3.0,77.99
4410,Kathriguppe,3,1335.0,2.0,73.43
4411,Kathriguppe,3,1300.0,3.0,77.99
4412,Kathriguppe,3,1300.0,3.0,77.99
4413,Kathriguppe,3,1335.0,2.0,73.43
4414,Kathriguppe,3,1350.0,3.0,80.99
4415,Kathriguppe,2,1250.0,2.0,68.75
4416,Kathriguppe,3,1350.0,3.0,80.99
4417,Kaval Byrasandra,2,1200.0,2.0,52.0
4418,Kaval Byrasandra,2,1020.0,2.0,52.0
4419,Kaval Byrasandra,2,1200.0,2.0,49.5
4420,Kaval Byrasandra,2,945.0,2.0,50.0
4421,Kaval Byrasandra,2,1060.0,2.0,45.0
4422,Kaval Byrasandra,2,1100.0,2.0,46.0
4423,Kaval Byrasandra,2,1185.0,2.0,49.0
4424,Kaval Byrasandra,2,997.0,2.0,53.0
4425,Kaval Byrasandra,2,1060.0,2.0,42.0
4426,Kaval Byrasandra,1,480.0,1.0,25.0
4427,Kaval Byrasandra,2,1125.0,2.0,41.5
4428,Kaval Byrasandra,2,1180.0,2.0,60.0
4429,Kaval Byrasandra,3,1450.0,3.0,75.0
4430,Kaval Byrasandra,2,1066.0,2.0,55.0
4431,Kaval Byrasandra,2,1025.0,2.0,60.0
4432,Kaval Byrasandra,3,1400.0,3.0,75.0
4433,Kenchenahalli,2,1015.0,2.0,58.0
4434,Kenchenahalli,1,715.0,1.0,45.0
4435,Kenchenahalli,2,1150.0,2.0,58.0
4436,Kenchenahalli,3,1280.0,2.0,69.0
4438,Kenchenahalli,2,870.0,1.0,45.0
4439,Kenchenahalli,2,1150.0,2.0,60.0
4440,Kenchenahalli,1,700.0,1.0,35.0
4441,Kenchenahalli,2,1060.0,2.0,52.0
4442,Kenchenahalli,2,1150.0,2.0,57.0
4443,Kenchenahalli,3,1720.0,3.0,100.0
4444,Kenchenahalli,2,1015.0,2.0,60.0
4446,Kengeri,2,750.0,2.0,38.0
4448,Kengeri,2,1197.0,2.0,50.0
4449,Kengeri,2,1200.0,2.0,58.0
4451,Kengeri,2,726.0,2.0,31.0
4453,Kengeri,2,1025.0,2.0,57.0
4455,Kengeri,3,1082.0,2.0,49.0
4458,Kengeri,2,750.0,2.0,36.0
4459,Kengeri,2,963.0,2.0,40.0
4461,Kengeri,2,726.0,2.0,35.0
4462,Kengeri,1,416.0,1.0,19.5
4463,Kengeri,2,900.0,2.0,45.0
4466,Kengeri,1,502.0,1.0,25.0
4468,Kengeri,3,1200.0,3.0,67.0
4469,Kengeri,2,725.0,2.0,30.0
4470,Kengeri,1,500.0,1.0,17.0
4471,Kengeri,1,540.0,1.0,22.5
4472,Kengeri,2,750.0,2.0,35.5
4473,Kengeri,3,1741.0,3.0,80.0
4475,Kengeri,2,1200.0,2.0,58.0
4478,Kengeri,2,750.0,2.0,36.5
4480,Kengeri,1,416.0,1.0,18.0
4482,Kengeri,2,883.0,2.0,49.0
4483,Kengeri,2,1052.0,2.0,51.0
4484,Kengeri,2,1220.0,2.0,63.0
4485,Kengeri,1,1150.0,1.0,52.0
4486,Kengeri,2,1192.0,2.0,53.5
4488,Kengeri,2,750.0,2.0,40.0
4489,Kengeri,2,1035.0,2.0,51.5
4490,Kengeri,8,3000.0,5.0,130.0
4491,Kengeri,1,410.0,1.0,15.0
4492,Kengeri,1,416.0,1.0,17.19
4495,Kengeri,5,2500.0,4.0,100.0
4496,Kengeri,1,550.0,1.0,16.75
4497,Kengeri Satellite Town,2,890.0,2.0,35.0
4498,Kengeri Satellite Town,2,883.0,2.0,45.0
4499,Kengeri Satellite Town,3,1415.0,2.0,66.0
4500,Kengeri Satellite Town,1,930.0,1.0,30.0
4501,Kengeri Satellite Town,3,1635.0,2.0,78.0
4502,Kengeri Satellite Town,2,1050.0,2.0,43.0
4503,Kengeri Satellite Town,2,1007.0,2.0,42.0
4504,Kengeri Satellite Town,2,635.0,1.0,22.0
4505,Kengeri Satellite Town,2,818.0,2.0,26.0
4506,Kengeri Satellite Town,2,1030.0,2.0,50.0
4507,Kengeri Satellite Town,2,1200.0,2.0,65.0
4508,Kengeri Satellite Town,2,795.0,2.0,32.0
4509,Kengeri Satellite Town,2,1302.5,2.0,44.285
4510,Kengeri Satellite Town,2,800.0,2.0,40.0
4511,Kengeri Satellite Town,1,654.0,1.0,22.0
4512,Kengeri Satellite Town,2,1060.0,2.0,42.0
4513,Kengeri Satellite Town,2,750.0,2.0,33.0
4514,Kengeri Satellite Town,2,920.0,2.0,39.0
4515,Kengeri Satellite Town,2,985.0,2.0,42.0
4516,Kengeri Satellite Town,1,410.0,1.0,15.0
4517,Kengeri Satellite Town,2,1120.0,2.0,49.0
4519,Kengeri Satellite Town,2,1110.0,2.0,43.0
4520,Kengeri Satellite Town,2,1170.0,2.0,50.0
4521,Kengeri Satellite Town,2,777.4,2.0,25.0
4522,Kengeri Satellite Town,2,800.0,2.0,32.0
4523,Kereguddadahalli,2,950.0,2.0,32.0
4524,Kereguddadahalli,3,1400.0,2.0,48.0
4525,Kereguddadahalli,2,800.0,2.0,28.0
4526,Kereguddadahalli,2,904.0,2.0,30.0
4528,Kereguddadahalli,2,1000.0,2.0,30.0
4529,Kereguddadahalli,3,1240.0,3.0,41.0
4530,Kereguddadahalli,1,600.0,1.0,19.5
4531,Kereguddadahalli,2,1080.0,2.0,32.0
4532,Kereguddadahalli,2,1000.0,2.0,34.0
4535,Kereguddadahalli,2,1015.0,2.0,35.0
4536,Kodichikkanahalli,3,1190.0,2.0,57.0
4537,Kodichikkanahalli,2,995.0,2.0,41.0
4538,Kodichikkanahalli,5,2700.0,7.0,125.0
4539,Kodichikkanahalli,3,1495.0,2.0,75.0
4540,Kodichikkanahalli,2,1125.0,2.0,52.0
4541,Kodichikkanahalli,2,1150.0,2.0,48.0
4542,Kodichikkanahalli,2,1070.0,2.0,43.0
4543,Kodichikkanahalli,3,1620.0,2.0,85.0
4545,Kodichikkanahalli,2,1026.0,2.0,45.0
4546,Kodichikkanahalli,5,2500.0,7.0,125.0
4547,Kodichikkanahalli,1,450.0,1.0,18.0
4548,Kodichikkanahalli,2,907.0,2.0,38.5
4549,Kodichikkanahalli,2,1181.0,2.0,57.0
4550,Kodichikkanahalli,2,900.0,2.0,42.0
4552,Kodichikkanahalli,3,1400.0,3.0,66.0
4553,Kodichikkanahalli,2,976.0,2.0,50.0
4554,Kodichikkanahalli,5,2700.0,4.0,125.0
4555,Kodichikkanahalli,2,1299.0,2.0,58.0
4556,Kodigehaali,2,1166.0,2.0,55.0
4557,Kodigehaali,3,1320.0,3.0,65.0
4558,Kodigehaali,2,1117.0,2.0,56.0
4559,Kodigehaali,2,1200.0,2.0,55.0
4560,Kodigehaali,2,1200.0,2.0,60.0
4561,Kodigehaali,3,2120.0,3.0,177.0
4562,Kodigehaali,2,1013.0,2.0,51.0
4563,Kodigehaali,3,1324.0,3.0,65.0
4564,Kodigehaali,2,965.0,2.0,38.0
4565,Kodigehaali,2,866.0,2.0,32.0
4566,Kodigehaali,3,1442.0,3.0,80.0
4567,Kodigehalli,2,1270.0,2.0,98.0
4568,Kodigehalli,2,1200.0,2.0,48.0
4569,Kodigehalli,1,655.0,1.0,53.0
4570,Kodigehalli,3,1820.0,3.0,150.0
4571,Kodigehalli,2,635.0,1.0,28.0
4572,Kodigehalli,3,1200.0,4.0,156.0
4573,Kodihalli,4,3252.0,5.0,335.0
4574,Kodihalli,3,2700.0,4.0,270.0
4575,Kodihalli,3,2392.0,4.0,260.0
4576,Kodihalli,3,2408.0,4.0,260.0
4577,Kodihalli,3,2500.0,4.0,260.0
4578,Kodihalli,3,1620.0,3.0,130.0
4579,Kodihalli,4,3260.0,5.0,388.0
4580,Kodihalli,4,3197.0,5.0,335.0
4581,Kodihalli,2,1490.0,2.0,150.0
4582,Kogilu,3,1909.0,3.0,88.0
4584,Kogilu,2,1170.0,2.0,51.99
4585,Kogilu,2,650.0,2.0,28.0
4586,Kogilu,2,1140.0,2.0,50.66
4587,Kogilu,2,1200.0,2.0,53.33
4588,Kogilu,3,1934.0,3.0,150.0
4589,Kogilu,1,540.0,1.0,36.0
4590,Kogilu,3,1559.0,3.0,127.0
4591,Kogilu,2,1190.0,2.0,50.66
4592,Kogilu,2,1140.0,2.0,50.66
4593,Kogilu,3,1559.0,3.0,120.0
4594,Kogilu,1,700.0,1.0,30.84
4595,Kogilu,2,1250.0,2.0,55.55
4596,Kogilu,2,1200.0,2.0,53.33
4597,Kogilu,2,952.0,2.0,49.0
4598,Kogilu,1,700.0,1.0,30.84
4599,Kogilu,2,1250.0,2.0,55.55
4600,Kogilu,7,2456.0,7.0,85.0
4601,Kogilu,2,1140.0,2.0,50.66
4602,Kogilu,2,1140.0,2.0,50.66
4603,Konanakunte,3,2791.0,3.0,223.0
4604,Konanakunte,2,884.0,1.0,58.0
4605,Konanakunte,4,1200.0,4.0,125.0
4606,Konanakunte,4,1200.0,2.0,130.0
4607,Konanakunte,3,2400.0,2.0,180.0
4608,Konanakunte,4,3746.0,6.0,375.0
4609,Konanakunte,3,1423.0,2.0,85.0
4610,Koramangala,2,1320.0,2.0,165.0
4611,Koramangala,2,1253.0,2.0,102.0
4612,Koramangala,3,1580.0,3.0,160.0
4614,Koramangala,4,3500.0,5.0,425.0
4615,Koramangala,2,1005.0,1.0,110.0
4616,Koramangala,3,2292.0,4.0,275.0
4618,Koramangala,2,1290.0,2.0,100.0
4619,Koramangala,2,1300.0,2.0,110.0
4621,Koramangala,2,1325.0,2.0,119.0
4622,Koramangala,2,1140.0,2.0,75.2
4623,Koramangala,2,1260.0,2.0,100.0
4624,Koramangala,3,1975.0,3.0,210.0
4625,Koramangala,2,1900.0,2.0,200.0
4627,Koramangala,3,2292.0,3.0,286.0
4628,Koramangala,3,2300.0,3.0,290.0
4631,Koramangala,4,2503.0,6.0,325.0
4633,Koramangala,2,1320.0,2.0,150.0
4634,Koramangala,2,1320.0,2.0,110.0
4635,Koramangala,4,5985.0,4.0,775.0
4636,Koramangala,4,2461.0,6.0,353.0
4638,Koramangala,3,2246.0,3.0,300.0
4641,Koramangala,2,1083.0,2.0,100.0
4642,Koramangala,3,1744.0,3.0,200.0
4643,Koramangala,2,1180.0,2.0,128.0
4644,Koramangala,2,1320.0,2.0,160.0
4645,Koramangala,2,1370.0,2.0,125.0
4646,Koramangala,2,1100.0,2.0,85.0
4647,Koramangala,2,1249.0,2.0,165.0
4648,Koramangala,2,1200.0,2.0,100.0
4650,Koramangala,3,2223.0,3.0,300.0
4651,Koramangala,3,1744.0,4.0,210.0
4652,Koramangala,3,1866.0,4.0,245.0
4653,Koramangala,2,1320.0,2.0,160.0
4654,Koramangala,2,1350.0,2.0,103.0
4655,Koramangala,4,6000.0,4.0,625.0
4657,Koramangala,2,1320.0,2.0,160.0
4658,Koramangala,3,1710.0,3.0,210.0
4659,Koramangala,2,1355.0,2.0,95.0
4660,Koramangala,3,1600.0,3.0,170.0
4661,Koramangala,2,1260.0,2.0,100.0
4664,Kothannur,2,1206.0,2.0,48.23
4666,Kothannur,2,1100.0,2.0,40.0
4667,Kothannur,2,1197.0,2.0,47.88
4668,Kothannur,2,1197.0,2.0,47.8
4669,Kothannur,2,1070.0,2.0,42.79
4672,Kothannur,2,1070.0,2.0,38.6
4673,Kothannur,3,1485.0,2.0,59.4
4674,Kothannur,3,1215.0,2.0,48.6
4675,Kothannur,3,1404.0,2.0,56.15
4676,Kothanur,2,1200.0,2.0,51.0
4677,Kothanur,3,2400.0,2.0,150.0
4678,Kothanur,3,1828.0,3.0,110.0
4679,Kothanur,2,1186.0,2.0,58.0
4681,Kothanur,3,1847.0,3.0,105.0
4683,Kothanur,5,9600.0,5.0,550.0
4684,Kothanur,3,1435.0,3.0,70.0
4685,Kothanur,2,1187.0,2.0,58.0
4686,Kothanur,3,1847.0,3.0,110.0
4687,Kothanur,3,1460.0,3.0,71.0
4688,Kothanur,2,1185.0,2.0,59.0
4689,Kothanur,3,1436.0,3.0,70.0
4690,Kothanur,3,1462.0,3.0,71.0
4691,Kothanur,3,1790.0,3.0,105.0
4693,Kothanur,2,1070.0,2.0,45.5
4695,Kothanur,2,1145.0,2.0,56.0
4696,Kothanur,4,3401.0,5.0,230.0
4697,Kothanur,2,1455.0,2.0,69.0
4698,Kothanur,1,627.0,1.0,30.0
4699,Kothanur,2,1302.0,2.0,68.5
4700,Kothanur,3,1760.0,3.0,111.0
4701,Kothanur,2,1185.0,2.0,58.0
4702,Kothanur,1,1500.0,1.0,75.0
4703,Kothanur,2,1075.0,2.0,53.0
4704,Kothanur,3,1790.0,3.0,97.0
4705,Kothanur,4,2700.0,4.0,175.0
4706,Kothanur,3,1786.0,2.0,106.0
4707,Kothanur,3,1787.0,3.0,107.0
4708,Kothanur,2,1141.0,2.0,54.0
4709,Kothanur,3,1760.0,3.0,110.0
4711,Kothanur,2,1160.0,2.0,57.0
4712,Kothanur,2,1095.0,2.0,55.0
4713,Kothanur,2,1142.0,2.0,56.0
4714,Kothanur,2,1074.0,2.0,54.0
4715,Kothanur,2,1285.0,2.0,60.0
4716,Kothanur,2,1075.0,2.0,53.0
4717,Kothanur,2,1140.0,2.0,56.0
4718,Kothanur,2,1400.0,2.0,70.0
4721,Kothanur,2,1140.0,2.0,56.0
4722,Kothanur,3,1787.0,3.0,120.0
4723,Kothanur,2,1185.0,2.0,59.0
4725,Kothanur,3,1790.0,3.0,105.0
4726,Kothanur,2,1130.0,2.0,55.0
4727,Kothanur,2,1094.0,2.0,54.0
4728,Kothanur,3,1170.0,3.0,80.0
4729,Kothanur,2,1400.0,2.0,65.0
4730,Kothanur,2,1195.0,2.0,59.0
4731,Kothanur,3,1790.0,3.0,120.0
4732,Kothanur,3,1454.0,3.0,71.5
4733,Kudlu,2,1152.0,2.0,53.5
4734,Kudlu,2,1027.0,2.0,43.0
4735,Kudlu,2,1092.0,2.0,44.0
4736,Kudlu,2,1027.0,2.0,43.0
4737,Kudlu,2,1092.0,2.0,44.0
4738,Kudlu,2,1143.0,2.0,55.0
4740,Kudlu,2,1024.0,2.0,44.0
4742,Kudlu,3,1600.0,3.0,79.0
4743,Kudlu,2,1027.0,2.0,42.0
4744,Kudlu,2,1076.0,2.0,50.0
4745,Kudlu,2,1027.0,2.0,44.0
4746,Kudlu,2,1084.0,2.0,53.0
4747,Kudlu,2,1300.0,2.0,56.0
4748,Kudlu,2,1027.0,2.0,44.0
4749,Kudlu,3,1245.0,2.0,60.0
4750,Kudlu,2,1027.0,2.0,44.0
4751,Kudlu,2,1110.0,2.0,46.0
4752,Kudlu,4,2100.0,3.0,114.0
4753,Kudlu,2,1027.0,2.0,44.0
4754,Kudlu,1,720.0,1.0,33.0
4755,Kudlu,2,1027.0,2.0,44.0
4756,Kudlu,2,1162.0,2.0,52.0
4757,Kudlu,2,1041.0,2.0,53.0
4758,Kudlu Gate,3,1535.0,3.0,83.0
4759,Kudlu Gate,3,1535.0,3.0,85.0
4761,Kudlu Gate,3,1535.0,3.0,86.0
4762,Kudlu Gate,3,1564.0,2.0,92.0
4764,Kudlu Gate,2,1238.0,2.0,55.0
4765,Kudlu Gate,3,1707.0,2.0,99.745
4766,Kudlu Gate,3,1335.0,3.0,89.0
4767,Kudlu Gate,1,703.0,1.0,52.0
4768,Kudlu Gate,3,1535.0,3.0,86.0
4769,Kudlu Gate,3,1532.0,3.0,83.0
4770,Kudlu Gate,2,1113.0,2.0,50.0
4772,Kudlu Gate,2,1185.0,2.0,50.0
4776,Kudlu Gate,2,1215.0,2.0,45.0
4777,Kudlu Gate,2,812.0,2.0,38.25
4778,Kudlu Gate,2,1547.0,2.0,103.0
4779,Kudlu Gate,2,1336.0,2.0,86.0
4780,Kudlu Gate,3,1919.0,3.0,121.0
4781,Kudlu Gate,2,1464.0,3.0,56.0
4782,Kudlu Gate,3,1535.0,3.0,85.0
4783,Kudlu Gate,3,1850.0,3.0,120.0
4784,Kudlu Gate,2,940.0,2.0,69.57
4785,Kudlu Gate,2,1215.0,2.0,44.96
4786,Kudlu Gate,2,1164.0,2.0,75.0
4787,Kudlu Gate,4,3850.0,6.0,205.0
4788,Kudlu Gate,2,1183.0,2.0,79.54
4789,Kudlu Gate,3,1850.0,3.0,110.0
4791,Kudlu Gate,2,1183.0,2.0,79.54
4792,Kudlu Gate,2,1200.0,2.0,44.4
4794,Kudlu Gate,2,1310.0,2.0,53.0
4795,Kumaraswami Layout,4,2000.0,4.0,139.0
4796,Kumaraswami Layout,2,1000.0,2.0,48.5
4797,Kumaraswami Layout,2,1000.0,2.0,58.0
4798,Kumaraswami Layout,7,2400.0,7.0,125.0
4799,Kumaraswami Layout,3,2400.0,2.0,125.0
4800,Kumaraswami Layout,3,1310.0,2.0,70.0
4801,Kumaraswami Layout,1,850.0,1.0,78.0
4802,Kumaraswami Layout,7,3200.0,7.0,150.0
4803,Kumaraswami Layout,3,1310.0,2.0,85.0
4804,Kumaraswami Layout,4,2450.0,3.0,110.0
4805,Kumaraswami Layout,7,3100.0,7.0,145.0
4806,Kumaraswami Layout,3,1200.0,3.0,75.0
4807,Kumaraswami Layout,2,1081.0,2.0,60.0
4808,Kundalahalli,3,1724.0,3.0,125.0
4809,Kundalahalli,2,1030.0,2.0,49.0
4810,Kundalahalli,2,735.0,2.0,57.99
4811,Kundalahalli,2,1047.0,2.0,82.0
4812,Kundalahalli,3,1397.0,3.0,105.0
4813,Kundalahalli,3,1724.0,3.0,127.0
4814,Kundalahalli,2,1010.0,2.0,49.27
4815,Kundalahalli,3,1397.0,3.0,110.0
4816,Kundalahalli,3,1397.0,3.0,104.0
4817,Kundalahalli,3,1397.0,3.0,108.0
4818,Kundalahalli,3,1920.0,3.0,150.0
4819,Kundalahalli,3,1397.0,3.0,105.0
4821,Kundalahalli,3,1724.0,3.0,124.0
4822,Kundalahalli,2,1047.0,2.0,84.0
4823,Kundalahalli,2,1047.0,2.0,83.0
4824,Kundalahalli,4,7000.0,4.0,550.0
4826,Kundalahalli,2,1120.0,2.0,53.76
4827,Kundalahalli,2,1047.0,2.0,82.62
4828,Kundalahalli,2,1047.0,2.0,91.0
4829,Kundalahalli,3,1724.0,3.0,146.0
4830,Kundalahalli,3,1600.0,3.0,170.0
4832,Kundalahalli,3,1724.0,3.0,125.0
4833,Kundalahalli,2,1010.0,2.0,48.27
4834,Kundalahalli,2,1047.0,2.0,89.0
4835,Kundalahalli,4,2500.0,5.0,245.0
4836,Kundalahalli,3,1397.0,3.0,105.0
4838,Kundalahalli,2,1047.0,2.0,72.0
4839,Kundalahalli,2,1260.0,2.0,58.0
4840,Kundalahalli,4,3092.0,4.0,230.0
4841,Kundalahalli,2,1065.0,2.0,70.0
4842,Kundalahalli,3,1724.0,3.0,146.0
4843,Kundalahalli,2,1047.0,2.0,91.0
4844,Kundalahalli,3,1724.0,3.0,128.0
4845,Kundalahalli,2,1315.0,2.0,74.0
4846,Kundalahalli,3,2100.0,3.0,150.0
4847,Kundalahalli,3,1724.0,3.0,125.0
4848,Kundalahalli,3,1724.0,3.0,140.0
4849,Kundalahalli,2,1175.0,2.0,65.0
4851,LB Shastri Nagar,2,1043.0,2.0,55.0
4852,LB Shastri Nagar,2,1184.0,2.0,69.0
4853,LB Shastri Nagar,1,665.0,1.0,32.0
4854,LB Shastri Nagar,2,1250.0,2.0,48.5
4855,LB Shastri Nagar,3,1400.0,2.0,80.0
4856,LB Shastri Nagar,2,1184.0,2.0,62.0
4857,LB Shastri Nagar,2,1200.0,2.0,47.0
4858,LB Shastri Nagar,2,1200.0,2.0,75.0
4859,LB Shastri Nagar,2,1000.0,2.0,49.5
4860,Laggere,5,2800.0,5.0,125.0
4861,Laggere,3,1200.0,3.0,130.0
4862,Laggere,1,1200.0,1.0,125.0
4863,Laggere,2,1200.0,2.0,75.0
4864,Laggere,1,620.0,2.0,48.0
4865,Lakshminarayana Pura,2,1185.0,2.0,75.0
4866,Lakshminarayana Pura,3,1600.0,2.0,108.0
4867,Lakshminarayana Pura,2,1180.0,2.0,75.0
4868,Lakshminarayana Pura,2,1172.0,2.0,82.0
4869,Lakshminarayana Pura,2,1179.0,2.0,75.0
4870,Lakshminarayana Pura,2,1149.0,2.0,75.0
4871,Lakshminarayana Pura,2,1336.0,2.0,100.0
4872,Lakshminarayana Pura,2,1175.0,2.0,75.0
4873,Lakshminarayana Pura,2,1190.0,2.0,75.0
4874,Lakshminarayana Pura,2,1200.0,2.0,75.0
4875,Lakshminarayana Pura,2,1200.0,2.0,75.0
4876,Lakshminarayana Pura,2,1165.0,2.0,75.0
4877,Lakshminarayana Pura,2,1145.0,2.0,75.0
4878,Lakshminarayana Pura,3,1500.0,3.0,104.0
4879,Lakshminarayana Pura,2,1210.0,2.0,75.0
4880,Lakshminarayana Pura,2,1169.0,2.0,75.0
4881,Lakshminarayana Pura,2,1200.0,2.0,75.0
4882,Lakshminarayana Pura,2,1172.0,2.0,75.0
4883,Lakshminarayana Pura,2,1172.0,2.0,75.0
4884,Lakshminarayana Pura,2,1180.0,2.0,75.0
4885,Lakshminarayana Pura,2,1200.0,2.0,83.0
4886,Lakshminarayana Pura,2,1200.0,2.0,80.0
4887,Lakshminarayana Pura,2,1195.0,2.0,75.0
4888,Lakshminarayana Pura,2,1200.0,2.0,80.0
4889,Lingadheeranahalli,3,1521.0,3.0,95.0
4890,Lingadheeranahalli,3,1511.0,3.0,95.0
4891,Lingadheeranahalli,3,1683.0,3.0,109.0
4892,Lingadheeranahalli,3,1519.0,3.0,93.0
4893,Lingadheeranahalli,3,1521.0,3.0,94.99
4894,Lingadheeranahalli,3,1682.0,3.0,120.0
4895,Lingadheeranahalli,3,1521.0,3.0,94.71
4896,Lingadheeranahalli,3,1893.0,3.0,130.0
4897,Lingadheeranahalli,3,1705.0,3.0,110.0
4898,Lingadheeranahalli,4,2245.0,4.0,154.0
4899,Lingadheeranahalli,3,1682.0,3.0,113.0
4900,Lingadheeranahalli,3,1682.0,3.0,114.0
4901,Lingadheeranahalli,3,1506.0,3.0,95.0
4902,Lingadheeranahalli,3,1683.0,3.0,110.0
4903,Lingadheeranahalli,3,1684.0,3.0,120.0
4904,Lingadheeranahalli,4,2236.0,4.0,153.0
4905,Lingadheeranahalli,3,1894.0,4.0,114.0
4906,Lingadheeranahalli,4,2240.0,4.0,160.0
4907,Magadi Road,6,3600.0,6.0,141.0
4908,Magadi Road,2,1116.0,2.0,50.0
4910,Magadi Road,2,884.0,2.0,41.1
4911,Magadi Road,2,1005.0,2.0,55.78
4912,Magadi Road,2,1000.0,2.0,46.5
4913,Magadi Road,4,1500.0,2.0,93.0
4915,Magadi Road,2,1345.0,2.0,55.0
4917,Magadi Road,5,5000.0,6.0,360.0
4918,Magadi Road,2,1116.0,2.0,51.89
4919,Magadi Road,3,1052.0,2.0,60.0
4920,Magadi Road,2,940.0,2.0,50.0
4921,Magadi Road,3,1318.0,2.0,68.0
4923,Magadi Road,2,884.0,2.0,48.0
4925,Mahadevpura,2,1150.0,2.0,52.0
4926,Mahadevpura,2,1250.0,2.0,52.0
4927,Mahadevpura,2,1260.0,2.0,57.6
4928,Mahadevpura,1,730.0,1.0,35.0
4929,Mahadevpura,3,1434.0,2.0,67.39
4930,Mahadevpura,2,1146.0,2.0,53.8
4931,Mahadevpura,2,1532.0,2.0,62.0
4932,Mahadevpura,3,1620.0,2.0,76.0
4933,Mahadevpura,2,1136.0,2.0,64.5
4934,Mahadevpura,3,1400.0,2.0,65.8
4935,Mahadevpura,2,1137.0,2.0,53.4
4936,Mahadevpura,3,1601.0,3.0,95.0
4937,Mahadevpura,3,1450.0,3.0,75.0
4938,Mahadevpura,2,1152.0,2.0,54.0
4939,Mahadevpura,2,1212.0,2.0,56.9
4941,Mahadevpura,3,1505.0,3.0,78.0
4942,Mahadevpura,3,1500.0,2.0,70.0
4943,Mahadevpura,2,1236.0,2.0,58.0
4944,Mahadevpura,2,1236.0,2.0,58.0
4945,Mahadevpura,2,1120.0,2.0,53.0
4946,Mahalakshmi Layout,4,1575.0,5.0,158.0
4947,Mahalakshmi Layout,2,1105.0,2.0,80.0
4948,Mahalakshmi Layout,4,1200.0,3.0,160.0
4949,Mahalakshmi Layout,3,1200.0,2.0,110.0
4950,Mahalakshmi Layout,3,1876.0,3.0,150.0
4951,Mallasandra,3,1665.0,3.0,95.0
4952,Mallasandra,3,1665.0,3.0,86.58
4953,Mallasandra,2,1340.0,2.0,61.0
4954,Mallasandra,2,1325.0,2.0,70.0
4955,Mallasandra,3,1665.0,3.0,86.91
4956,Mallasandra,2,1325.0,2.0,70.0
4957,Mallasandra,2,905.0,2.0,40.0
4958,Mallasandra,2,1325.0,2.0,65.0
4959,Mallasandra,2,1325.0,2.0,73.0
4960,Mallasandra,2,1565.0,2.0,69.0
4961,Mallasandra,2,905.0,2.0,35.0
4963,Mallasandra,3,1100.0,2.0,76.3
4964,Malleshpalya,2,1140.0,2.0,46.5
4965,Malleshpalya,2,1225.0,2.0,46.86
4967,Malleshpalya,2,1052.0,2.0,50.0
4968,Malleshpalya,3,1405.0,2.0,77.0
4969,Malleshpalya,2,1065.0,2.0,50.0
4970,Malleshpalya,2,1210.0,2.0,55.0
4972,Malleshpalya,2,1060.0,2.0,40.0
4973,Malleshpalya,3,1430.0,2.0,69.5
4974,Malleshpalya,2,1421.0,2.0,90.0
4975,Malleshpalya,2,1245.0,2.0,55.0
4976,Malleshpalya,2,1200.0,2.0,46.0
4977,Malleshpalya,2,1225.0,2.0,52.0
4978,Malleshwaram,1,705.0,1.0,67.0
4979,Malleshwaram,7,12000.0,7.0,2200.0
4980,Malleshwaram,4,2500.0,5.0,325.0
4981,Malleshwaram,3,2006.0,3.0,297.0
4982,Malleshwaram,1,686.0,1.0,62.5
4983,Malleshwaram,3,2475.0,4.0,332.0
4984,Malleshwaram,3,2610.0,3.0,399.0
4985,Malleshwaram,3,2475.0,4.0,320.0
4986,Malleshwaram,2,900.0,2.0,95.0
4987,Malleshwaram,2,1420.0,2.0,158.0
4988,Malleshwaram,3,2000.0,3.0,250.0
4989,Malleshwaram,3,2215.0,3.0,275.0
4991,Malleshwaram,3,2475.0,4.0,300.0
4992,Malleshwaram,3,2345.0,2.0,293.0
4994,Malleshwaram,3,2215.0,4.0,310.0
4995,Malleshwaram,1,480.0,1.0,60.0
4996,Malleshwaram,2,1290.0,2.0,120.0
4997,Malleshwaram,3,2475.0,4.0,326.0
4998,Malleshwaram,3,2476.0,3.0,337.0
4999,Malleshwaram,2,900.0,2.0,90.0
5001,Malleshwaram,3,2050.0,4.0,270.0
5002,Malleshwaram,2,900.0,2.0,72.0
5003,Malleshwaram,1,620.0,1.0,86.8
5004,Malleshwaram,2,600.0,1.0,68.0
5005,Malleshwaram,3,2475.0,4.0,337.0
5006,Malleshwaram,3,2215.0,3.0,275.0
5007,Malleshwaram,3,2215.0,3.0,330.0
5009,Malleshwaram,2,1020.0,2.0,80.0
5010,Malleshwaram,2,600.0,1.0,90.0
5011,Malleshwaram,3,2200.0,3.0,275.0
5012,Malleshwaram,3,2475.0,4.0,326.0
5013,Malleshwaram,2,1500.0,2.0,140.0
5014,Malleshwaram,3,2475.0,4.0,340.0
5015,Malleshwaram,2,1400.0,2.0,190.0
5016,Malleshwaram,3,2475.0,4.0,300.0
5017,Malleshwaram,3,2400.0,3.0,380.0
5018,Malleshwaram,1,580.0,1.0,45.0
5019,Malleshwaram,2,1410.0,2.0,125.0
5022,Marathahalli,2,1220.0,2.0,57.0
5023,Marathahalli,2,1200.0,2.0,52.0
5024,Marathahalli,2,1200.0,2.0,60.0
5025,Marathahalli,3,1933.0,3.0,140.0
5026,Marathahalli,2,950.0,2.0,46.96
5027,Marathahalli,2,1230.0,2.0,80.0
5028,Marathahalli,4,3800.0,4.0,250.0
5029,Marathahalli,2,1019.0,2.0,49.85
5030,Marathahalli,2,1215.0,2.0,67.0
5031,Marathahalli,4,2181.0,3.0,152.0
5032,Marathahalli,2,1170.0,2.0,53.0
5033,Marathahalli,2,1019.0,2.0,49.86
5034,Marathahalli,2,1325.0,2.0,71.55
5035,Marathahalli,2,1220.0,2.0,56.5
5037,Marathahalli,2,1152.0,2.0,56.0
5038,Marathahalli,3,1610.0,3.0,90.0
5039,Marathahalli,2,1146.0,2.0,70.0
5041,Marathahalli,3,1469.0,3.0,89.0
5046,Marathahalli,4,2519.0,5.0,185.0
5048,Marathahalli,2,957.0,2.0,46.9
5049,Marathahalli,3,1583.0,3.0,105.0
5050,Marathahalli,4,2524.0,5.0,190.0
5054,Marathahalli,2,1071.0,2.0,52.25
5055,Marathahalli,2,1215.0,2.0,58.86
5056,Marathahalli,2,1102.0,2.0,53.67
5057,Marathahalli,3,1900.0,3.0,123.0
5058,Marathahalli,2,1045.0,2.0,60.0
5060,Marathahalli,2,1215.0,2.0,58.86
5061,Marathahalli,2,1365.0,2.0,73.0
5066,Marathahalli,2,1208.0,2.0,70.0
5067,Marathahalli,2,1325.0,1.0,92.0
5068,Marathahalli,3,1525.0,3.0,90.0
5069,Marathahalli,3,1937.0,3.0,140.0
5070,Marathahalli,3,1550.0,3.0,83.0
5071,Marathahalli,2,1350.0,2.0,86.0
5072,Marathahalli,2,957.0,2.0,47.0
5074,Marathahalli,2,1230.0,2.0,57.0
5075,Marathahalli,2,1200.0,2.0,58.0
5077,Marathahalli,1,607.0,1.0,35.0
5078,Marathahalli,3,1583.0,3.0,109.0
5079,Marathahalli,2,1075.0,2.0,52.43
5080,Marathahalli,2,1360.0,2.0,103.0
5081,Marathahalli,2,1220.0,2.0,58.5
5082,Marathahalli,2,950.0,2.0,45.68
5083,Marathahalli,1,615.0,1.0,44.0
5084,Marathahalli,3,1595.0,3.0,90.0
5085,Marathahalli,2,1350.0,2.0,89.0
5086,Marathahalli,2,1020.0,2.0,57.0
5087,Marathahalli,2,1600.0,3.0,88.0
5088,Marathahalli,1,780.0,1.0,55.0
5089,Marathahalli,3,1710.0,3.0,100.0
5091,Marathahalli,2,1358.0,2.0,81.0
5092,Marathahalli,2,1205.0,2.0,75.0
5093,Marathahalli,3,1730.0,3.0,110.0
5094,Marathahalli,3,1583.0,3.0,115.0
5095,Marathahalli,2,1200.0,2.0,67.0
5096,Marathahalli,2,1095.0,2.0,60.0
5097,Marathahalli,2,1060.0,2.0,48.0
5098,Marathahalli,2,1050.0,2.0,65.0
5099,Marathahalli,2,1102.0,2.0,53.67
5100,Marathahalli,2,1026.0,2.0,49.95
5103,Marathahalli,2,1220.0,2.0,59.0
5104,Marathahalli,2,881.0,2.0,48.06
5106,Marathahalli,3,1710.0,3.0,100.0
5107,Marathahalli,3,1680.0,3.0,105.0
5108,Marathahalli,3,1910.0,3.0,119.0
5109,Marathahalli,2,1602.0,2.0,104.0
5110,Marathahalli,1,700.0,1.0,38.0
5111,Marathahalli,3,1469.0,3.0,89.0
5113,Marathahalli,3,1690.0,3.0,116.0
5114,Marathahalli,2,1065.0,2.0,55.0
5115,Marathahalli,3,1693.0,3.0,125.0
5116,Marathahalli,3,1693.0,3.0,125.0
5117,Marathahalli,2,1196.0,2.0,57.9
5118,Marathahalli,3,1595.0,3.0,88.0
5119,Marathahalli,3,2122.0,3.0,125.0
5120,Marathahalli,3,1730.0,3.0,115.0
5123,Marathahalli,2,1125.0,2.0,55.0
5124,Marathahalli,3,1950.0,3.0,115.0
5125,Marathahalli,2,1250.0,2.0,68.0
5126,Marathahalli,2,1125.0,2.0,56.8
5127,Marathahalli,2,1350.0,2.0,90.0
5128,Marathahalli,2,1200.0,2.0,53.0
5129,Marathahalli,4,2500.0,5.0,175.0
5130,Marathahalli,2,957.0,2.0,47.0
5133,Marathahalli,2,1350.0,2.0,60.0
5134,Marathahalli,4,3400.0,4.0,235.0
5135,Marathahalli,2,1350.0,2.0,99.0
5137,Marathahalli,2,1285.0,2.0,55.0
5138,Marathahalli,4,2500.0,5.0,181.0
5139,Marathahalli,4,3800.0,4.0,235.0
5140,Marathahalli,4,3951.0,4.0,230.0
5141,Marathahalli,2,1125.0,2.0,54.8
5142,Marathahalli,3,1700.0,3.0,126.0
5144,Marathahalli,2,1270.0,2.0,73.0
5146,Marathahalli,2,950.0,2.0,46.7
5147,Marathahalli,3,1550.0,3.0,85.0
5148,Marathahalli,2,1019.0,2.0,49.86
5149,Marathahalli,2,1144.0,2.0,65.0
5150,Marathahalli,2,1240.0,2.0,55.0
5151,Marathahalli,1,1100.0,2.0,75.0
5152,Marathahalli,2,1156.0,2.0,52.0
5153,Marathahalli,4,2524.0,5.0,180.0
5154,Marathahalli,2,1135.0,2.0,60.0
5155,Marathahalli,3,1839.0,3.0,130.0
5156,Marathahalli,2,1170.0,2.0,85.0
5157,Marathahalli,2,1102.0,2.0,53.67
5158,Marathahalli,3,1108.0,2.0,60.0
5159,Marathahalli,3,1449.0,3.0,110.0
5160,Marathahalli,2,1360.0,2.0,101.0
5161,Marathahalli,2,1026.0,2.0,50.18
5164,Marathahalli,2,1270.0,2.0,80.0
5165,Marathahalli,2,1100.0,2.0,50.0
5166,Marathahalli,2,1196.0,2.0,57.95
5168,Marathahalli,3,1485.0,2.0,90.0
5169,Marathahalli,2,1146.0,2.0,69.0
5170,Margondanahalli,2,1090.0,2.0,58.0
5171,Margondanahalli,2,1200.0,2.0,58.5
5172,Margondanahalli,2,1200.0,2.0,67.0
5174,Margondanahalli,2,1000.0,2.0,57.0
5176,Margondanahalli,2,600.0,2.0,35.0
5177,Margondanahalli,2,1200.0,2.0,69.0
5178,Margondanahalli,2,900.0,2.0,49.0
5179,Margondanahalli,2,1140.0,2.0,60.0
5180,Margondanahalli,2,1100.0,2.0,55.0
5181,Margondanahalli,2,1152.0,1.0,66.0
5183,Margondanahalli,2,1200.0,2.0,65.0
5184,Margondanahalli,2,1050.0,2.0,58.0
5185,Margondanahalli,2,1160.0,2.0,65.0
5186,Margondanahalli,2,1334.0,2.0,67.76
5187,Marsur,4,1800.0,4.0,145.0
5188,Marsur,3,1200.0,3.0,90.0
5189,Marsur,3,1200.0,3.0,120.0
5190,Mico Layout,9,5000.0,9.0,210.0
5191,Mico Layout,3,1550.0,2.0,65.0
5192,Mico Layout,2,1125.0,2.0,40.0
5193,Mico Layout,2,1190.0,2.0,39.25
5194,Mico Layout,1,800.0,1.0,29.5
5195,Mico Layout,3,1250.0,2.0,44.0
5196,Mico Layout,2,1171.0,2.0,39.0
5197,Mico Layout,2,1200.0,2.0,53.5
5198,Mico Layout,3,1670.0,3.0,59.0
5199,Mico Layout,2,1140.0,2.0,43.0
5200,Munnekollal,2,1170.0,2.0,52.0
5201,Munnekollal,2,1102.0,2.0,53.67
5202,Munnekollal,3,1390.0,3.0,68.0
5203,Munnekollal,2,1200.0,2.0,49.5
5204,Munnekollal,2,950.0,2.0,46.5
5205,Munnekollal,3,1560.0,3.0,75.0
5206,Munnekollal,3,1750.0,3.0,86.5
5207,Munnekollal,3,1385.0,2.0,66.5
5208,Munnekollal,2,1080.0,2.0,45.0
5209,Munnekollal,2,1170.0,2.0,59.0
5211,Munnekollal,3,1200.0,2.0,57.9
5212,Munnekollal,2,1030.0,2.0,50.36
5213,Murugeshpalya,2,1296.0,2.0,81.0
5214,Murugeshpalya,3,1550.0,3.0,74.0
5215,Murugeshpalya,3,1845.0,3.0,91.0
5216,Murugeshpalya,2,1185.0,2.0,85.0
5217,Murugeshpalya,2,1225.0,2.0,48.0
5218,Murugeshpalya,3,1930.0,3.0,75.0
5219,Murugeshpalya,3,1600.0,2.0,65.0
5220,Murugeshpalya,3,1344.0,2.0,56.0
5221,Murugeshpalya,3,1500.0,2.0,70.0
5222,Murugeshpalya,3,1855.0,3.0,96.0
5223,Murugeshpalya,2,1175.0,2.0,75.0
5224,Mysore Road,2,1175.0,2.0,73.5
5225,Mysore Road,3,1710.0,4.0,91.31
5226,Mysore Road,2,1020.0,2.0,48.95
5227,Mysore Road,2,1175.0,2.0,73.5
5228,Mysore Road,2,1070.0,2.0,45.0
5229,Mysore Road,2,1239.0,2.0,53.0
5230,Mysore Road,2,1060.0,2.0,62.0
5231,Mysore Road,2,980.0,2.0,45.47
5232,Mysore Road,2,883.0,2.0,40.0
5233,Mysore Road,3,1525.0,3.0,96.0
5234,Mysore Road,2,1200.0,2.0,65.0
5238,Mysore Road,2,883.0,2.0,40.95
5239,Mysore Road,2,1070.0,2.0,49.65
5241,Mysore Road,2,883.0,2.0,50.0
5242,Mysore Road,2,1155.0,2.0,51.0
5243,Mysore Road,2,1003.0,2.0,43.0
5244,Mysore Road,2,1237.0,2.0,73.0
5245,Mysore Road,2,883.0,2.0,45.0
5246,Mysore Road,2,1170.0,2.0,65.0
5247,Mysore Road,2,1029.5,2.0,50.855
5248,Mysore Road,2,940.0,2.0,43.61
5250,Mysore Road,2,1020.0,2.0,48.95
5251,Mysore Road,3,1568.0,2.0,100.0
5253,Mysore Road,3,1560.0,2.0,83.3
5254,Mysore Road,2,1175.0,2.0,70.5
5255,Mysore Road,3,1080.0,2.0,60.0
5257,Mysore Road,2,883.0,2.0,37.0
5259,NGR Layout,2,1020.0,2.0,45.9
5260,NGR Layout,2,1105.0,2.0,49.73
5261,NGR Layout,2,1022.0,2.0,45.9
5262,NGR Layout,2,1020.0,2.0,45.0
5263,NGR Layout,2,1019.0,2.0,45.9
5264,NGR Layout,2,1020.0,2.0,46.0
5265,NGR Layout,2,1021.0,2.0,46.0
5266,NGR Layout,2,1021.0,2.0,45.9
5267,NRI Layout,3,1565.0,2.0,75.0
5268,NRI Layout,5,2500.0,5.0,130.0
5269,NRI Layout,2,1125.0,2.0,45.56
5270,NRI Layout,4,2150.0,4.0,115.0
5271,NRI Layout,2,1250.0,2.0,75.0
5272,NRI Layout,3,1789.0,3.0,75.0
5273,NRI Layout,3,1731.0,3.0,64.11
5274,NRI Layout,2,2400.0,2.0,125.0
5275,Nagadevanahalli,2,1080.0,2.0,39.0
5276,Nagadevanahalli,2,1090.0,2.0,36.0
5277,Nagadevanahalli,3,1250.0,2.0,65.0
5278,Nagadevanahalli,2,2400.0,2.0,135.0
5279,Nagadevanahalli,3,1240.0,2.0,65.0
5280,Nagadevanahalli,3,1240.0,2.0,65.0
5281,Naganathapura,2,1001.0,2.0,33.03
5282,Naganathapura,2,1103.0,2.0,55.0
5283,Naganathapura,2,1143.0,2.0,62.0
5284,Naganathapura,2,2260.0,3.0,80.0
5285,Naganathapura,1,600.0,1.0,33.0
5286,Naganathapura,3,1451.0,3.0,68.0
5287,Naganathapura,1,1200.0,1.0,39.82
5288,Nagappa Reddy Layout,2,1209.0,2.0,50.0
5289,Nagappa Reddy Layout,2,1100.0,2.0,43.5
5290,Nagappa Reddy Layout,3,1495.0,2.0,65.0
5291,Nagappa Reddy Layout,3,1820.0,3.0,79.5
5292,Nagappa Reddy Layout,3,1350.0,3.0,60.0
5293,Nagappa Reddy Layout,3,1495.0,2.0,70.0
5295,Nagarbhavi,3,1350.0,3.0,150.0
5296,Nagarbhavi,2,1200.0,2.0,150.0
5298,Nagarbhavi,3,2400.0,3.0,160.0
5299,Nagarbhavi,1,884.0,2.0,36.0
5300,Nagarbhavi,2,1055.0,2.0,55.0
5302,Nagarbhavi,2,1223.0,2.0,60.0
5303,Nagarbhavi,2,956.0,2.0,49.0
5305,Nagarbhavi,2,1200.0,2.0,150.0
5308,Nagarbhavi,2,1145.0,2.0,40.0
5309,Nagarbhavi,1,300.0,1.0,20.0
5310,Nagarbhavi,4,1250.0,3.0,175.0
5311,Nagarbhavi,1,710.0,2.0,40.0
5313,Nagarbhavi,2,1212.0,2.0,50.0
5314,Nagarbhavi,2,1020.0,2.0,55.0
5316,Nagarbhavi,2,1120.0,2.0,53.0
5318,Nagarbhavi,2,1146.0,2.0,50.0
5320,Nagarbhavi,2,1190.0,2.0,63.0
5322,Nagarbhavi,2,1050.0,2.0,80.0
5323,Nagarbhavi,5,2500.0,3.0,180.0
5325,Nagarbhavi,2,1250.0,3.0,170.0
5327,Nagarbhavi,3,1400.0,2.0,135.0
5329,Nagarbhavi,2,1100.0,2.0,46.2
5330,Nagarbhavi,2,1080.0,2.0,49.0
5331,Nagarbhavi,4,1800.0,3.0,180.0
5332,Nagarbhavi,2,1225.0,2.0,58.0
5333,Nagasandra,2,980.0,2.0,48.0
5334,Nagasandra,4,2400.0,4.0,145.0
5335,Nagasandra,4,7000.0,8.0,450.0
5336,Nagasandra,3,1650.0,3.0,95.0
5337,Nagasandra,2,1500.0,2.0,91.0
5338,Nagavara,1,400.0,1.0,14.0
5339,Nagavara,4,2172.65,3.0,120.0
5341,Nagavara,3,2319.0,3.0,180.0
5342,Nagavara,3,2430.0,4.0,180.0
5343,Nagavara,2,936.0,2.0,40.2
5344,Nagavara,2,1125.0,2.0,44.5
5345,Nagavara,2,1315.0,2.0,70.0
5346,Nagavara,2,1077.0,2.0,50.0
5347,Nagavara,4,2496.0,4.0,125.0
5348,Nagavara,2,1110.0,2.0,44.95
5349,Nagavara,2,1247.0,2.0,58.56
5350,Nagavarapalya,2,1392.0,2.0,99.0
5351,Nagavarapalya,1,705.0,1.0,52.5
5352,Nagavarapalya,3,1300.0,3.0,80.0
5353,Nagavarapalya,1,705.0,1.0,57.0
5354,Nagavarapalya,1,705.0,1.0,55.0
5355,Nagavarapalya,1,705.0,1.0,57.0
5356,Nagavarapalya,2,1335.0,2.0,110.0
5357,Nagavarapalya,2,1260.0,2.0,85.5
5358,Narayanapura,2,1308.0,2.0,89.04
5359,Narayanapura,3,1566.0,3.0,83.3
5360,Narayanapura,3,1485.0,3.0,85.0
5361,Narayanapura,2,1302.0,2.0,69.1
5362,Narayanapura,2,1308.0,2.0,89.04
5363,Narayanapura,3,2357.0,3.0,135.0
5364,Narayanapura,3,2357.0,3.0,135.0
5365,Narayanapura,2,1469.0,2.0,99.14
5366,Neeladri Nagar,2,1053.0,2.0,45.0
5367,Neeladri Nagar,2,1363.0,2.0,68.0
5368,Neeladri Nagar,3,2556.0,3.0,133.0
5369,Neeladri Nagar,1,674.0,1.0,21.0
5370,Neeladri Nagar,1,527.0,1.0,26.0
5371,Neeladri Nagar,3,1167.0,2.0,38.0
5372,Neeladri Nagar,2,1060.0,2.0,35.0
5373,Neeladri Nagar,1,640.0,1.0,20.5
5374,Neeladri Nagar,10,4000.0,12.0,160.0
5375,Neeladri Nagar,2,1105.0,2.0,30.0
5376,Neeladri Nagar,2,1100.0,2.0,30.0
5377,Neeladri Nagar,3,2111.0,3.0,103.0
5378,Nehru Nagar,3,1775.0,3.0,110.0
5379,Nehru Nagar,4,2363.0,5.0,120.0
5380,Nehru Nagar,4,2342.0,3.0,115.0
5381,Nehru Nagar,2,967.0,2.0,41.1
5382,Nehru Nagar,3,1374.0,3.0,72.0
5383,Nehru Nagar,3,1674.0,3.0,90.0
5384,Nehru Nagar,3,1269.0,2.0,63.0
5385,Nehru Nagar,2,1100.0,2.0,50.0
5386,Nehru Nagar,3,1674.0,3.0,81.0
5387,OMBR Layout,3,2420.0,3.0,185.0
5388,OMBR Layout,2,1078.0,2.0,65.0
5389,OMBR Layout,2,1101.0,2.0,65.5
5390,OMBR Layout,2,1041.0,2.0,65.5
5391,OMBR Layout,2,1300.0,2.0,80.0
5392,OMBR Layout,2,1085.0,2.0,64.0
5393,OMBR Layout,3,1855.0,3.0,145.0
5394,OMBR Layout,2,1050.0,2.0,48.0
5396,OMBR Layout,2,1165.0,2.0,88.5
5397,OMBR Layout,2,1101.0,2.0,66.0
5398,OMBR Layout,4,3400.0,4.0,275.0
5400,Old Airport Road,4,2732.0,4.0,204.0
5402,Old Airport Road,4,3356.0,4.0,251.0
5403,Old Airport Road,2,1206.0,2.0,75.0
5404,Old Airport Road,4,2774.0,4.0,207.0
5405,Old Airport Road,4,2690.0,4.0,191.0
5406,Old Airport Road,4,2690.0,4.0,199.0
5407,Old Airport Road,2,1655.0,2.0,97.65
5408,Old Airport Road,2,1075.0,2.0,60.0
5409,Old Airport Road,3,1858.0,2.0,167.0
5410,Old Airport Road,2,1150.0,2.0,90.0
5411,Old Airport Road,4,2690.0,4.0,191.0
5412,Old Airport Road,4,2658.0,5.0,187.0
5413,Old Airport Road,2,946.0,2.0,58.0
5414,Old Airport Road,4,2774.0,4.0,208.0
5415,Old Airport Road,4,2774.0,4.0,208.0
5416,Old Airport Road,4,3200.0,4.0,280.0
5417,Old Airport Road,4,2690.0,4.0,201.0
5418,Old Airport Road,2,1145.0,2.0,75.0
5419,Old Airport Road,4,2732.0,4.0,194.0
5420,Old Airport Road,4,2658.0,5.0,189.0
5421,Old Airport Road,4,2774.0,4.0,197.0
5422,Old Airport Road,4,3496.0,4.0,262.0
5423,Old Airport Road,4,2774.0,4.0,197.0
5424,Old Airport Road,4,2732.0,4.0,204.0
5425,Old Airport Road,3,1798.0,3.0,150.0
5426,Old Airport Road,4,2774.0,4.0,208.0
5427,Old Airport Road,2,1184.0,2.0,78.0
5428,Old Airport Road,4,3504.0,4.0,262.0
5429,Old Airport Road,2,1055.0,2.0,75.0
5430,Old Madras Road,3,1425.0,2.0,94.0
5431,Old Madras Road,4,3715.0,6.0,224.5
5434,Old Madras Road,2,935.0,2.0,45.0
5436,Old Madras Road,3,1720.0,3.0,100.0
5437,Old Madras Road,2,1200.0,2.0,72.0
5438,Old Madras Road,2,1225.0,2.0,53.55
5439,Old Madras Road,2,1100.0,2.0,70.0
5440,Old Madras Road,3,2760.0,5.0,157.0
5441,Old Madras Road,2,1171.0,2.0,75.0
5442,Old Madras Road,2,935.0,2.0,45.0
5443,Old Madras Road,5,4500.0,7.0,294.0
5445,Old Madras Road,2,1065.0,2.0,47.86
5446,Old Madras Road,4,2010.0,3.0,125.0
5448,Old Madras Road,3,1480.0,2.0,84.0
5449,Old Madras Road,3,2990.0,5.0,210.0
5450,Old Madras Road,2,1210.0,2.0,74.0
5451,Old Madras Road,2,1171.0,2.0,72.0
5453,Old Madras Road,3,1480.0,3.0,95.0
5455,Old Madras Road,2,1210.0,2.0,80.0
5456,Old Madras Road,3,1859.0,3.0,121.0
5457,Old Madras Road,3,2990.0,5.0,173.0
5460,Old Madras Road,3,2300.0,3.0,142.0
5462,Old Madras Road,2,1210.0,2.0,80.0
5463,Old Madras Road,2,1210.0,2.0,77.0
5464,Old Madras Road,5,5020.0,7.0,287.0
5466,Old Madras Road,2,1330.0,2.0,74.0
5467,Old Madras Road,3,1720.0,3.0,106.0
5468,Old Madras Road,3,2640.0,5.0,150.0
5469,Old Madras Road,3,2990.0,3.0,170.0
5471,Old Madras Road,2,1171.0,2.0,73.0
5472,Old Madras Road,3,1630.0,3.0,110.0
5473,Old Madras Road,2,1165.0,2.0,52.0
5474,Old Madras Road,2,2640.0,2.0,170.0
5475,Old Madras Road,2,1165.0,2.0,51.42
5476,Padmanabhanagar,2,1020.0,2.0,63.0
5477,Padmanabhanagar,2,1176.0,2.0,62.0
5478,Padmanabhanagar,2,1258.0,2.0,115.0
5480,Padmanabhanagar,2,1100.0,2.0,65.0
5481,Padmanabhanagar,4,3400.0,3.0,210.0
5485,Padmanabhanagar,3,4500.0,4.0,360.0
5486,Padmanabhanagar,2,1200.0,2.0,60.0
5488,Padmanabhanagar,2,1000.0,1.0,90.0
5489,Padmanabhanagar,2,1067.0,2.0,52.0
5493,Padmanabhanagar,2,1100.0,2.0,60.0
5494,Padmanabhanagar,3,2051.0,3.0,180.0
5495,Padmanabhanagar,3,2051.0,3.0,170.0
5496,Pai Layout,2,1006.0,2.0,35.0
5497,Pai Layout,3,1550.0,2.0,90.0
5498,Pai Layout,2,1050.0,2.0,40.0
5499,Pai Layout,3,1400.0,2.0,67.0
5500,Pai Layout,2,1100.0,2.0,50.0
5501,Pai Layout,2,1255.0,2.0,80.0
5502,Pai Layout,2,1075.0,2.0,35.0
5503,Pai Layout,2,1400.0,2.0,57.5
5504,Pai Layout,2,1175.0,2.0,60.0
5505,Pai Layout,2,810.0,2.0,34.5
5506,Pai Layout,2,1000.0,2.0,34.0
5507,Pai Layout,2,1000.0,2.0,42.0
5508,Pai Layout,6,3800.0,6.0,175.0
5509,Pai Layout,2,1068.0,2.0,48.0
5510,Pai Layout,3,1510.0,2.0,65.0
5513,Panathur,2,1359.0,2.0,87.0
5514,Panathur,2,1438.0,2.0,100.0
5515,Panathur,3,1688.0,3.0,118.0
5517,Panathur,2,1198.0,2.0,77.0
5518,Panathur,2,1180.0,2.0,70.0
5519,Panathur,3,1546.0,3.0,99.0
5521,Panathur,2,1000.0,2.0,65.3
5522,Panathur,2,1109.0,2.0,63.0
5523,Panathur,2,1000.0,2.0,68.0
5524,Panathur,2,1255.0,2.0,79.0
5525,Panathur,2,1205.0,2.0,62.9
5526,Panathur,2,1198.0,2.0,82.0
5527,Panathur,2,1235.0,2.0,65.0
5528,Panathur,2,1210.0,2.0,80.0
5529,Panathur,2,1210.0,2.0,77.0
5530,Panathur,1,661.0,1.0,40.0
5531,Panathur,2,1210.0,2.0,78.0
5533,Panathur,2,1050.0,2.0,60.0
5534,Panathur,2,1398.0,2.0,97.0
5535,Panathur,2,1065.0,2.0,58.0
5536,Panathur,2,1007.0,2.0,64.0
5537,Panathur,2,1210.0,2.0,77.93
5538,Panathur,2,1230.0,2.0,80.0
5539,Panathur,2,980.0,2.0,57.0
5540,Panathur,2,1075.0,2.0,60.0
5541,Panathur,2,1210.0,2.0,69.0
5542,Panathur,2,1343.0,2.0,76.0
5543,Parappana Agrahara,2,1194.0,2.0,47.0
5544,Parappana Agrahara,2,1194.0,2.0,47.0
5545,Parappana Agrahara,2,1194.0,2.0,46.0
5546,Parappana Agrahara,2,1194.0,2.0,47.0
5547,Parappana Agrahara,2,1194.0,2.0,46.0
5548,Parappana Agrahara,2,1194.0,2.0,47.0
5549,Parappana Agrahara,2,1194.0,2.0,47.0
5550,Parappana Agrahara,2,1092.0,2.0,43.0
5551,Parappana Agrahara,2,1194.0,2.0,45.0
5552,Parappana Agrahara,1,1200.0,1.0,45.0
5553,Parappana Agrahara,2,1194.0,2.0,46.0
5554,Parappana Agrahara,2,1194.0,2.0,47.0
5555,Parappana Agrahara,2,1194.0,2.0,47.0
5556,Parappana Agrahara,2,1194.0,2.0,46.0
5557,Parappana Agrahara,2,1194.0,2.0,46.0
5558,Pattandur Agrahara,3,1550.0,2.0,80.0
5559,Pattandur Agrahara,2,1025.0,2.0,44.5
5560,Pattandur Agrahara,2,1247.0,2.0,59.8
5561,Pattandur Agrahara,2,900.0,2.0,42.0
5562,Pattandur Agrahara,2,1302.0,2.0,66.0
5563,Pattandur Agrahara,3,1550.0,2.0,80.0
5564,Pattandur Agrahara,2,1247.0,2.0,62.35
5565,Pattandur Agrahara,2,1350.0,2.0,68.0
5566,Poorna Pragna Layout,2,920.0,2.0,39.55
5569,Poorna Pragna Layout,2,1160.0,2.0,46.39
5572,Poorna Pragna Layout,2,965.0,2.0,48.0
5577,Poorna Pragna Layout,2,1160.0,2.0,46.39
5579,Poorna Pragna Layout,2,1160.0,2.0,46.39
5582,Poorna Pragna Layout,2,960.0,2.0,50.0
5584,Prithvi Layout,4,2028.0,4.0,162.0
5585,Prithvi Layout,2,1352.0,2.0,87.5
5586,Prithvi Layout,2,1190.0,2.0,68.0
5587,Prithvi Layout,2,1352.0,2.0,85.0
5588,Prithvi Layout,2,1352.0,2.0,75.0
5589,Prithvi Layout,3,2273.0,4.0,220.0
5590,Prithvi Layout,2,1352.0,3.0,93.0
5591,Prithvi Layout,3,2273.0,4.0,192.0
5592,Prithvi Layout,2,1352.0,2.0,72.0
5595,R.T. Nagar,2,1200.0,2.0,120.0
5597,R.T. Nagar,2,1040.0,2.0,46.0
5598,R.T. Nagar,2,1200.0,2.0,45.0
5599,R.T. Nagar,2,1235.0,2.0,65.0
5600,R.T. Nagar,3,1140.0,3.0,130.0
5601,R.T. Nagar,2,970.0,2.0,55.0
5602,R.T. Nagar,3,1560.0,3.0,125.0
5603,R.T. Nagar,2,1200.0,2.0,60.0
5606,R.T. Nagar,3,1200.0,3.0,140.0
5607,R.T. Nagar,2,1100.0,3.0,125.0
5608,R.T. Nagar,2,1150.0,2.0,72.0
5609,R.T. Nagar,4,1500.0,4.0,185.0
5610,R.T. Nagar,9,3600.0,8.0,165.0
5611,R.T. Nagar,2,1080.0,2.0,48.0
5612,R.T. Nagar,2,1325.0,2.0,52.0
5614,R.T. Nagar,3,1300.0,3.0,145.0
5616,R.T. Nagar,2,1100.0,2.0,85.0
5617,R.T. Nagar,3,1667.0,3.0,130.0
5618,Rachenahalli,2,1050.0,2.0,52.07
5620,Rachenahalli,2,1050.0,2.0,55.5
5622,Rachenahalli,2,1050.0,2.0,53.5
5624,Rachenahalli,2,1220.0,2.0,59.5
5625,Rachenahalli,2,1050.0,2.0,52.5
5627,Rachenahalli,2,1050.0,2.0,52.1
5628,Rachenahalli,2,1050.0,2.0,53.5
5629,Rachenahalli,2,1113.0,2.0,55.0
5630,Rachenahalli,4,3657.0,5.0,220.0
5634,Rachenahalli,1,680.0,1.0,32.64
5635,Rachenahalli,2,1050.0,2.0,52.5
5638,Rachenahalli,1,690.0,1.0,39.8
5639,Rachenahalli,2,1200.0,2.0,50.0
5640,Rachenahalli,2,1050.0,2.0,47.25
5641,Rachenahalli,2,1050.0,2.0,55.5
5642,Rachenahalli,2,985.0,2.0,49.97
5643,Rachenahalli,2,1050.0,2.0,52.5
5644,Rachenahalli,2,1050.0,2.0,52.08
5646,Rachenahalli,2,1050.0,2.0,52.07
5648,Rachenahalli,2,1050.0,2.0,52.08
5649,Rachenahalli,2,985.0,2.0,49.97
5650,Rachenahalli,3,1856.0,3.0,106.0
5651,Rachenahalli,2,1050.0,2.0,52.5
5652,Rachenahalli,2,985.0,2.0,50.17
5653,Rachenahalli,3,2600.0,3.0,160.0
5656,Rachenahalli,2,985.0,2.0,50.17
5657,Rachenahalli,2,1050.0,2.0,52.71
5660,Raja Rajeshwari Nagar,2,1295.0,2.0,43.9
5661,Raja Rajeshwari Nagar,2,1145.0,2.0,45.79
5662,Raja Rajeshwari Nagar,2,1419.0,2.0,48.1
5663,Raja Rajeshwari Nagar,2,1295.0,2.0,55.47
5664,Raja Rajeshwari Nagar,2,1133.0,2.0,49.07
5665,Raja Rajeshwari Nagar,2,1090.0,2.0,42.0
5666,Raja Rajeshwari Nagar,2,1260.0,2.0,67.39
5667,Raja Rajeshwari Nagar,2,1141.0,2.0,38.55
5668,Raja Rajeshwari Nagar,2,1140.0,2.0,49.39
5669,Raja Rajeshwari Nagar,2,1303.0,2.0,55.79
5670,Raja Rajeshwari Nagar,1,600.0,1.0,22.0
5671,Raja Rajeshwari Nagar,3,1278.0,2.0,53.76
5672,Raja Rajeshwari Nagar,1,500.0,1.0,25.0
5673,Raja Rajeshwari Nagar,2,1143.0,2.0,38.65
5674,Raja Rajeshwari Nagar,3,1610.0,3.0,74.0
5675,Raja Rajeshwari Nagar,2,1105.0,2.0,65.0
5677,Raja Rajeshwari Nagar,2,1258.0,2.0,63.53
5678,Raja Rajeshwari Nagar,2,1128.0,2.0,38.24
5679,Raja Rajeshwari Nagar,2,1157.0,2.0,53.8
5680,Raja Rajeshwari Nagar,2,1185.0,2.0,47.39
5683,Raja Rajeshwari Nagar,2,1030.0,2.0,50.0
5684,Raja Rajeshwari Nagar,2,1144.0,2.0,38.55
5685,Raja Rajeshwari Nagar,2,1196.0,2.0,51.51
5686,Raja Rajeshwari Nagar,3,1570.0,3.0,88.0
5687,Raja Rajeshwari Nagar,2,1168.0,2.0,61.0
5688,Raja Rajeshwari Nagar,2,1306.0,2.0,55.91
5689,Raja Rajeshwari Nagar,3,1608.0,3.0,67.98
5691,Raja Rajeshwari Nagar,3,1575.0,2.0,78.0
5692,Raja Rajeshwari Nagar,2,1200.0,2.0,35.0
5693,Raja Rajeshwari Nagar,2,1151.0,2.0,39.02
5694,Raja Rajeshwari Nagar,3,1570.0,2.0,65.0
5696,Raja Rajeshwari Nagar,2,1196.0,2.0,51.15
5697,Raja Rajeshwari Nagar,2,1419.0,2.0,48.0
5699,Raja Rajeshwari Nagar,2,1295.0,2.0,70.0
5700,Raja Rajeshwari Nagar,1,648.0,1.0,31.75
5701,Raja Rajeshwari Nagar,2,1100.0,2.0,55.0
5702,Raja Rajeshwari Nagar,2,1140.0,2.0,38.55
5703,Raja Rajeshwari Nagar,2,1090.0,2.0,43.59
5705,Raja Rajeshwari Nagar,2,1023.0,2.0,42.0
5706,Raja Rajeshwari Nagar,2,1070.0,2.0,50.0
5708,Raja Rajeshwari Nagar,8,4800.0,8.0,225.0
5709,Raja Rajeshwari Nagar,2,1128.0,2.0,48.79
5710,Raja Rajeshwari Nagar,2,1267.0,2.0,42.85
5711,Raja Rajeshwari Nagar,1,550.0,1.0,21.0
5712,Raja Rajeshwari Nagar,2,1120.0,2.0,37.95
5713,Raja Rajeshwari Nagar,2,1608.0,2.0,85.0
5714,Raja Rajeshwari Nagar,2,1210.0,2.0,45.0
5715,Raja Rajeshwari Nagar,2,1240.0,2.0,53.27
5716,Raja Rajeshwari Nagar,3,1395.0,2.0,72.0
5717,Raja Rajeshwari Nagar,2,1165.0,2.0,45.0
5718,Raja Rajeshwari Nagar,3,1288.0,2.0,70.0
5719,Raja Rajeshwari Nagar,2,1120.0,2.0,37.97
5720,Raja Rajeshwari Nagar,2,1140.0,2.0,38.65
5721,Raja Rajeshwari Nagar,2,1095.0,2.0,38.33
5722,Raja Rajeshwari Nagar,3,1420.0,2.0,60.0
5723,Raja Rajeshwari Nagar,2,1303.0,2.0,44.17
5725,Raja Rajeshwari Nagar,2,1185.0,2.0,40.17
5726,Raja Rajeshwari Nagar,2,1140.0,2.0,49.27
5728,Raja Rajeshwari Nagar,2,1095.0,2.0,38.33
5729,Raja Rajeshwari Nagar,2,1235.0,2.0,75.0
5730,Raja Rajeshwari Nagar,3,1280.0,3.0,57.6
5731,Raja Rajeshwari Nagar,2,1303.0,2.0,55.79
5732,Raja Rajeshwari Nagar,2,1162.0,2.0,65.0
5733,Raja Rajeshwari Nagar,2,1133.0,2.0,38.41
5734,Raja Rajeshwari Nagar,2,1151.0,2.0,49.0
5735,Raja Rajeshwari Nagar,2,1267.0,2.0,54.35
5737,Raja Rajeshwari Nagar,2,1100.0,2.0,50.0
5738,Raja Rajeshwari Nagar,2,1185.0,2.0,40.17
5740,Raja Rajeshwari Nagar,2,1306.0,2.0,44.17
5741,Raja Rajeshwari Nagar,2,1196.0,2.0,40.44
5742,Raja Rajeshwari Nagar,2,1178.0,2.0,75.0
5743,Raja Rajeshwari Nagar,2,1128.0,2.0,40.0
5744,Raja Rajeshwari Nagar,2,1151.0,2.0,39.0
5746,Raja Rajeshwari Nagar,3,1525.0,2.0,99.13
5747,Raja Rajeshwari Nagar,2,1060.0,2.0,48.0
5748,Raja Rajeshwari Nagar,6,3900.0,6.0,195.0
5749,Raja Rajeshwari Nagar,2,1128.0,2.0,48.79
5751,Raja Rajeshwari Nagar,2,1170.0,2.0,50.0
5753,Raja Rajeshwari Nagar,2,1185.0,2.0,51.15
5754,Raja Rajeshwari Nagar,2,1255.0,2.0,53.87
5755,Raja Rajeshwari Nagar,2,1419.0,2.0,60.42
5756,Raja Rajeshwari Nagar,3,1693.0,3.0,71.38
5757,Raja Rajeshwari Nagar,9,3600.0,9.0,240.0
5758,Raja Rajeshwari Nagar,2,1196.0,2.0,40.54
5759,Raja Rajeshwari Nagar,2,1196.0,2.0,40.54
5762,Raja Rajeshwari Nagar,2,1160.0,2.0,70.0
5763,Raja Rajeshwari Nagar,2,1133.0,2.0,38.37
5764,Raja Rajeshwari Nagar,2,1140.0,2.0,48.7
5765,Raja Rajeshwari Nagar,2,1140.0,2.0,38.65
5766,Raja Rajeshwari Nagar,2,1140.0,2.0,38.55
5767,Raja Rajeshwari Nagar,2,1295.0,2.0,55.47
5768,Raja Rajeshwari Nagar,2,1133.0,2.0,40.0
5770,Raja Rajeshwari Nagar,3,1550.0,3.0,86.8
5771,Raja Rajeshwari Nagar,2,1400.0,2.0,45.0
5772,Raja Rajeshwari Nagar,2,1110.0,2.0,52.0
5773,Raja Rajeshwari Nagar,3,1580.0,3.0,83.74
5775,Raja Rajeshwari Nagar,3,1640.0,3.0,86.8
5777,Raja Rajeshwari Nagar,2,1185.0,2.0,51.15
5778,Raja Rajeshwari Nagar,2,1295.0,2.0,43.9
5779,Raja Rajeshwari Nagar,3,1279.0,2.0,53.76
5780,Raja Rajeshwari Nagar,2,1196.0,2.0,40.54
5781,Raja Rajeshwari Nagar,2,1240.0,2.0,40.54
5782,Raja Rajeshwari Nagar,2,1090.0,2.0,57.0
5783,Raja Rajeshwari Nagar,2,1240.0,2.0,42.04
5784,Raja Rajeshwari Nagar,3,1757.0,3.0,98.0
5785,Raja Rajeshwari Nagar,3,1530.0,3.0,64.0
5786,Raja Rajeshwari Nagar,3,1587.0,3.0,73.8
5788,Raja Rajeshwari Nagar,2,1295.0,2.0,55.47
5789,Raja Rajeshwari Nagar,3,1450.0,2.0,67.0
5790,Raja Rajeshwari Nagar,2,1090.0,2.0,57.0
5791,Raja Rajeshwari Nagar,2,945.0,2.0,45.0
5792,Raja Rajeshwari Nagar,2,1303.0,2.0,55.78
5793,Raja Rajeshwari Nagar,8,3450.0,7.0,225.0
5794,Raja Rajeshwari Nagar,2,1419.0,2.0,48.1
5795,Raja Rajeshwari Nagar,3,1700.0,2.0,86.0
5796,Raja Rajeshwari Nagar,2,1270.0,2.0,62.0
5797,Raja Rajeshwari Nagar,2,1250.0,2.0,68.0
5798,Raja Rajeshwari Nagar,3,1260.0,2.0,62.0
5799,Raja Rajeshwari Nagar,2,1196.0,2.0,40.54
5800,Raja Rajeshwari Nagar,3,1580.0,2.0,66.85
5801,Raja Rajeshwari Nagar,2,1050.0,2.0,37.0
5802,Raja Rajeshwari Nagar,3,1021.0,3.0,59.0
5803,Raja Rajeshwari Nagar,2,1196.0,2.0,40.54
5804,Raja Rajeshwari Nagar,3,1500.0,3.0,88.0
5805,Raja Rajeshwari Nagar,2,1168.0,2.0,66.0
5806,Raja Rajeshwari Nagar,3,1400.0,2.0,86.0
5807,Raja Rajeshwari Nagar,2,1157.0,2.0,65.0
5808,Raja Rajeshwari Nagar,2,1206.0,2.0,40.7
5809,Raja Rajeshwari Nagar,2,1000.0,2.0,50.0
5810,Raja Rajeshwari Nagar,3,1485.0,2.0,63.0
5811,Raja Rajeshwari Nagar,3,1335.0,2.0,56.0
5813,Raja Rajeshwari Nagar,2,1255.0,2.0,42.54
5814,Raja Rajeshwari Nagar,3,1530.0,3.0,64.86
5815,Raja Rajeshwari Nagar,3,1850.0,3.0,98.0
5816,Raja Rajeshwari Nagar,2,1140.0,2.0,44.0
5817,Raja Rajeshwari Nagar,8,6000.0,8.0,215.0
5818,Raja Rajeshwari Nagar,2,1140.0,2.0,39.0
5819,Raja Rajeshwari Nagar,1,510.0,1.0,22.0
5820,Raja Rajeshwari Nagar,2,1187.0,2.0,40.14
5821,Raja Rajeshwari Nagar,2,1141.0,2.0,60.0
5822,Rajaji Nagar,3,1640.0,3.0,229.0
5823,Rajaji Nagar,3,2390.0,3.0,415.0
5824,Rajaji Nagar,3,2390.0,3.0,410.0
5826,Rajaji Nagar,4,3516.0,4.0,540.0
5827,Rajaji Nagar,3,1640.0,3.0,223.0
5829,Rajaji Nagar,6,1800.0,4.0,324.0
5830,Rajaji Nagar,4,3526.0,4.0,558.0
5833,Rajaji Nagar,3,1800.0,3.0,260.0
5834,Rajaji Nagar,3,1640.0,3.0,241.0
5835,Rajaji Nagar,2,1370.0,2.0,170.0
5836,Rajaji Nagar,3,2409.0,3.0,360.0
5838,Rajaji Nagar,2,1718.0,3.0,288.0
5839,Rajaji Nagar,3,2386.0,3.0,334.0
5840,Rajaji Nagar,4,3436.0,6.0,500.0
5841,Rajaji Nagar,2,1200.0,2.0,150.0
5842,Rajaji Nagar,2,1160.0,1.0,163.0
5843,Rajaji Nagar,1,660.0,1.0,75.0
5844,Rajaji Nagar,2,1440.0,2.0,170.0
5845,Rajaji Nagar,3,2448.0,3.0,400.0
5846,Rajaji Nagar,2,1440.0,2.0,185.0
5847,Rajaji Nagar,3,1640.0,3.0,230.0
5850,Rajaji Nagar,3,1800.0,2.0,250.0
5851,Rajaji Nagar,4,3100.0,4.0,550.0
5852,Rajaji Nagar,4,3526.0,4.0,598.0
5853,Rajaji Nagar,2,1357.0,2.0,130.0
5854,Rajaji Nagar,3,2300.0,3.0,369.0
5856,Rajaji Nagar,3,2500.0,3.0,350.0
5859,Rajaji Nagar,3,2559.0,3.0,403.0
5860,Rajaji Nagar,2,1763.0,3.0,262.0
5866,Rajaji Nagar,3,2533.0,3.0,425.0
5867,Rajaji Nagar,2,1268.0,2.0,127.0
5869,Rajaji Nagar,3,1640.0,3.0,262.0
5870,Rajaji Nagar,2,1200.0,1.0,200.0
5871,Rajaji Nagar,3,2367.0,3.0,375.0
5872,Rajaji Nagar,4,2440.0,2.0,415.0
5873,Rajaji Nagar,3,1640.0,3.0,251.0
5875,Rajaji Nagar,3,1640.0,3.0,268.0
5876,Rajaji Nagar,3,2367.0,4.0,340.0
5878,Rajaji Nagar,5,3600.0,5.0,510.0
5879,Rajaji Nagar,4,1350.0,4.0,230.0
5882,Rajaji Nagar,5,2400.0,5.0,408.0
5883,Rajaji Nagar,3,2500.0,3.0,340.0
5884,Rajaji Nagar,3,2390.0,3.0,372.0
5885,Rajaji Nagar,3,2415.0,3.0,399.0
5886,Rajaji Nagar,2,1718.0,3.0,275.0
5887,Rajaji Nagar,2,1763.0,3.0,240.0
5889,Rajaji Nagar,3,2409.0,3.0,395.0
5890,Rajaji Nagar,2,1314.0,2.0,225.0
5891,Rajaji Nagar,2,1440.0,2.0,165.0
5892,Rajaji Nagar,3,1640.0,3.0,245.0
5893,Rajiv Nagar,3,1690.0,3.0,125.0
5894,Rajiv Nagar,2,1263.0,2.0,93.32
5895,Rajiv Nagar,4,2340.0,4.0,148.0
5896,Rajiv Nagar,4,2340.0,5.0,129.0
5897,Rajiv Nagar,2,1330.0,2.0,93.0
5898,Rajiv Nagar,4,2340.0,5.0,129.0
5899,Rajiv Nagar,2,1309.0,2.0,80.0
5900,Rajiv Nagar,4,2340.0,4.0,145.0
5901,Rajiv Nagar,4,2330.0,5.0,175.0
5902,Rajiv Nagar,4,2340.0,5.0,160.0
5903,Ramagondanahalli,2,1151.0,2.0,48.77
5904,Ramagondanahalli,2,1251.0,2.0,47.0
5905,Ramagondanahalli,2,1235.0,2.0,52.04
5906,Ramagondanahalli,3,1610.0,2.0,111.0
5907,Ramagondanahalli,1,540.0,1.0,30.0
5909,Ramagondanahalli,2,1235.0,2.0,46.8
5910,Ramagondanahalli,2,1215.0,2.0,51.26
5911,Ramagondanahalli,3,2257.0,4.0,157.0
5912,Ramagondanahalli,2,1251.0,2.0,47.4
5913,Ramagondanahalli,3,1610.0,2.0,115.0
5914,Ramagondanahalli,2,920.0,2.0,65.0
5915,Ramagondanahalli,2,1215.0,2.0,45.5
5917,Ramagondanahalli,2,1253.0,2.0,52.66
5918,Ramagondanahalli,2,1295.0,2.0,95.0
5919,Ramagondanahalli,2,1151.0,2.0,50.5
5920,Ramagondanahalli,2,1235.0,2.0,49.3
5921,Ramagondanahalli,3,2257.0,3.0,159.0
5922,Ramagondanahalli,2,1295.0,2.0,95.0
5924,Ramagondanahalli,3,1910.0,3.0,142.0
5925,Ramagondanahalli,2,1215.0,2.0,46.1
5927,Ramagondanahalli,2,1251.0,2.0,50.0
5928,Ramagondanahalli,3,1610.0,2.0,115.0
5929,Ramagondanahalli,2,1151.0,2.0,43.6
5931,Ramagondanahalli,2,1251.0,2.0,53.0
5932,Ramagondanahalli,2,845.0,2.0,45.82
5933,Ramagondanahalli,3,1910.0,3.0,150.0
5935,Ramagondanahalli,3,2040.0,3.0,114.0
5937,Ramagondanahalli,2,1251.0,2.0,46.0
5939,Ramagondanahalli,2,1151.0,2.0,46.0
5940,Ramagondanahalli,3,1610.0,2.0,112.0
5941,Ramagondanahalli,3,1610.0,2.0,115.0
5942,Ramagondanahalli,3,1200.0,3.0,56.1
5943,Ramagondanahalli,4,2787.0,5.0,220.0
5945,Ramagondanahalli,2,1125.0,2.0,75.0
5946,Ramagondanahalli,2,1151.0,2.0,42.5
5947,Ramagondanahalli,3,2257.0,3.0,155.0
5948,Ramagondanahalli,3,1500.0,3.0,100.0
5950,Ramagondanahalli,3,1910.0,3.0,131.0
5951,Ramamurthy Nagar,4,3700.0,4.0,225.0
5952,Ramamurthy Nagar,5,3500.0,5.0,150.0
5953,Ramamurthy Nagar,2,1050.0,2.0,37.0
5954,Ramamurthy Nagar,2,1040.0,2.0,50.0
5956,Ramamurthy Nagar,2,1200.0,3.0,72.0
5957,Ramamurthy Nagar,1,360.0,1.0,26.0
5958,Ramamurthy Nagar,2,950.0,2.0,50.79
5959,Ramamurthy Nagar,3,1200.0,2.0,66.0
5960,Ramamurthy Nagar,3,1525.0,3.0,100.0
5961,Ramamurthy Nagar,2,1200.0,2.0,80.0
5962,Ramamurthy Nagar,2,1200.0,2.0,42.0
5964,Ramamurthy Nagar,2,1100.0,2.0,68.0
5965,Ramamurthy Nagar,2,1185.0,2.0,45.5
5966,Ramamurthy Nagar,2,1170.0,2.0,46.8
5967,Ramamurthy Nagar,2,1150.0,2.0,51.0
5968,Ramamurthy Nagar,2,1200.0,2.0,48.0
5970,Ramamurthy Nagar,2,600.0,3.0,45.0
5971,Ramamurthy Nagar,2,1110.0,2.0,65.0
5973,Ramamurthy Nagar,2,1200.0,2.0,78.0
5975,Ramamurthy Nagar,1,600.0,1.0,43.0
5976,Ramamurthy Nagar,2,1006.0,2.0,57.0
5977,Ramamurthy Nagar,2,1200.0,2.0,76.0
5980,Ramamurthy Nagar,2,700.0,2.0,33.0
5981,Ramamurthy Nagar,2,1125.0,2.0,47.0
5982,Ramamurthy Nagar,2,1000.0,2.0,62.0
5983,Ramamurthy Nagar,2,1334.0,2.0,67.0
5984,Ramamurthy Nagar,2,1200.0,2.0,46.0
5985,Ramamurthy Nagar,2,1200.0,2.0,57.9
5987,Ramamurthy Nagar,2,1360.0,2.0,45.0
5988,Ramamurthy Nagar,2,1170.0,2.0,44.0
5989,Ramamurthy Nagar,4,2200.0,4.0,130.0
5990,Ramamurthy Nagar,2,1050.0,2.0,51.66
5991,Ramamurthy Nagar,4,2916.0,5.0,230.0
5992,Ramamurthy Nagar,3,2316.0,3.0,125.0
5993,Ramamurthy Nagar,2,1101.0,2.0,50.0
5994,Ramamurthy Nagar,2,1150.0,2.0,40.0
5996,Ramamurthy Nagar,2,1050.0,2.0,37.8
5997,Ramamurthy Nagar,2,935.0,2.0,39.0
5998,Ramamurthy Nagar,2,1200.0,2.0,68.0
5999,Ramamurthy Nagar,1,540.0,1.0,35.0
6000,Ramamurthy Nagar,2,960.0,2.0,35.0
6001,Rayasandra,3,1314.0,2.0,63.0
6002,Rayasandra,2,1065.0,2.0,44.95
6003,Rayasandra,3,1708.0,3.0,75.0
6004,Rayasandra,3,1199.0,2.0,48.5
6005,Rayasandra,3,1577.0,3.0,67.0
6006,Rayasandra,2,1253.0,2.0,57.0
6007,Rayasandra,1,583.0,1.0,26.9
6008,Rayasandra,2,1198.0,2.0,54.0
6009,Rayasandra,3,1555.0,3.0,75.17
6010,Rayasandra,3,1458.0,3.0,60.0
6011,Rayasandra,3,1179.0,2.0,55.0
6012,Rayasandra,3,1601.0,3.0,70.0
6013,Rayasandra,4,1708.0,3.0,76.0
6014,Rayasandra,1,470.0,1.0,21.0
6015,Rayasandra,5,3600.0,5.0,145.0
6016,Rayasandra,3,1357.0,2.0,59.0
6017,Sadashiva Nagar,3,3761.0,3.0,660.0
6018,Sadashiva Nagar,4,2780.0,5.0,480.0
6019,Sadashiva Nagar,4,2720.0,4.0,485.0
6020,Sadashiva Nagar,3,3761.0,3.0,650.0
6021,Sadashiva Nagar,3,3850.0,3.0,650.0
6022,Sadashiva Nagar,4,3500.0,4.0,700.0
6023,Sadashiva Nagar,5,7500.0,5.0,1500.0
6025,Sahakara Nagar,3,1500.0,2.0,95.0
6026,Sahakara Nagar,2,1100.0,2.0,56.0
6027,Sahakara Nagar,2,1219.0,2.0,48.0
6028,Sahakara Nagar,3,1100.0,2.0,75.0
6029,Sahakara Nagar,3,1655.0,3.0,115.0
6030,Sahakara Nagar,2,1150.0,2.0,54.0
6031,Sahakara Nagar,2,1270.0,2.0,69.85
6032,Sahakara Nagar,2,960.0,2.0,56.0
6033,Sahakara Nagar,2,1048.0,2.0,50.0
6034,Sahakara Nagar,2,1160.0,2.0,55.0
6035,Sahakara Nagar,3,1200.0,2.0,75.0
6036,Sahakara Nagar,4,2500.0,4.0,200.0
6037,Sahakara Nagar,3,1914.0,3.0,179.0
6038,Sahakara Nagar,3,1500.0,3.0,125.0
6039,Sahakara Nagar,2,1100.0,2.0,55.0
6040,Sahakara Nagar,3,1914.0,3.0,149.0
6041,Sahakara Nagar,2,1000.0,2.0,60.0
6043,Sahakara Nagar,2,1175.0,2.0,49.0
6044,Sahakara Nagar,3,1370.0,2.0,90.0
6045,Sahakara Nagar,2,1100.0,2.0,55.0
6046,Sahakara Nagar,3,1100.0,2.0,75.0
6047,Sahakara Nagar,2,1180.0,2.0,72.0
6048,Sahakara Nagar,2,1200.0,2.0,60.0
6049,Sahakara Nagar,2,1032.0,2.0,45.0
6050,Sahakara Nagar,2,1200.0,2.0,46.0
6051,Sahakara Nagar,2,1270.0,2.0,96.0
6052,Sahakara Nagar,2,1201.0,2.0,80.0
6053,Sahakara Nagar,2,1200.0,2.0,54.0
6054,Sahakara Nagar,2,1291.0,2.0,72.3
6055,Sanjay nagar,2,1000.0,2.0,70.0
6056,Sanjay nagar,2,1100.0,2.0,98.0
6057,Sanjay nagar,2,1150.0,2.0,72.2
6058,Sanjay nagar,3,1800.0,3.0,180.0
6059,Sanjay nagar,2,630.0,1.0,35.0
6060,Sanjay nagar,5,3300.0,3.0,250.0
6061,Sanjay nagar,3,1900.0,2.0,180.0
6062,Sanjay nagar,2,1575.0,2.0,90.0
6065,Sanjay nagar,2,960.0,2.0,55.0
6066,Sanjay nagar,2,1050.0,2.0,59.0
6067,Sanjay nagar,2,1150.0,2.0,70.0
6068,Sanjay nagar,3,1500.0,3.0,150.0
6069,Sanjay nagar,2,1180.0,2.0,80.0
6070,Sarakki Nagar,3,2121.0,4.0,253.0
6071,Sarakki Nagar,3,2289.0,3.0,260.0
6072,Sarakki Nagar,3,2500.0,4.0,325.0
6073,Sarakki Nagar,3,2145.0,4.0,270.0
6074,Sarakki Nagar,3,1200.0,3.0,128.0
6075,Sarakki Nagar,3,2663.0,4.0,338.0
6076,Sarakki Nagar,3,1840.0,4.0,175.0
6080,Sarjapur,3,2250.0,3.0,148.0
6081,Sarjapur,3,1600.0,3.0,75.0
6082,Sarjapur,2,1242.5,2.0,43.49
6083,Sarjapur,2,913.0,2.0,32.0
6084,Sarjapur,2,1128.0,2.0,60.0
6085,Sarjapur,2,1185.0,2.0,47.0
6086,Sarjapur,3,900.0,2.0,42.0
6087,Sarjapur,1,649.5,1.0,17.535
6088,Sarjapur,2,1020.0,2.0,35.0
6089,Sarjapur,2,1195.0,2.0,42.0
6090,Sarjapur,2,1240.0,2.0,44.0
6092,Sarjapur,2,950.0,2.0,32.5
6093,Sarjapur,3,1285.0,2.0,68.0
6095,Sarjapur,2,925.0,2.0,25.0
6096,Sarjapur,4,3190.0,3.0,160.0
6097,Sarjapur,2,1215.0,2.0,40.0
6099,Sarjapur,3,1200.0,3.0,78.0
6100,Sarjapur,2,1000.0,2.0,30.0
6101,Sarjapur,2,1157.0,2.0,40.0
6102,Sarjapur,3,2238.0,3.0,140.0
6103,Sarjapur,3,2020.0,3.0,85.0
6104,Sarjapur,4,2885.0,3.0,185.0
6106,Sarjapur,2,1240.0,2.0,44.3
6107,Sarjapur,1,625.0,1.0,19.0
6108,Sarjapur,4,2585.5,4.0,139.5
6109,Sarjapur,2,940.0,2.0,25.38
6110,Sarjapur,4,2100.0,3.0,125.0
6111,Sarjapur,2,913.0,2.0,36.0
6112,Sarjapur,3,1404.0,2.0,53.35
6113,Sarjapur,3,1830.0,3.0,88.0
6114,Sarjapur,3,1364.0,2.0,56.0
6115,Sarjapur,2,1124.0,2.0,30.35
6116,Sarjapur,2,1044.0,2.0,32.0
6117,Sarjapur,1,650.0,1.0,19.87
6118,Sarjapur,2,1175.0,2.0,42.0
6119,Sarjapur,2,1240.0,2.0,43.1
6121,Sarjapur,2,1032.0,2.0,42.0
6123,Sarjapur,2,1044.0,2.0,34.0
6124,Sarjapur,3,1200.0,3.0,76.13
6125,Sarjapur,2,1200.0,2.0,62.0
6126,Sarjapur,2,900.0,2.0,27.98
6128,Sarjapur,2,1205.0,2.0,29.0
6129,Sarjapur,2,850.0,2.0,32.0
6130,Sarjapur,2,1175.0,2.0,41.68
6132,Sarjapur,2,920.0,2.0,33.0
6134,Sarjapur,2,1150.0,2.0,41.0
6135,Sarjapur,2,1200.0,2.0,42.6
6136,Sarjapur,3,1333.0,3.0,50.0
6137,Sarjapur,2,1044.0,2.0,36.0
6138,Sarjapur,2,950.0,2.0,35.0
6140,Sarjapur,3,2172.0,3.0,100.0
6141,Sarjapur,1,633.0,1.0,17.09
6142,Sarjapur,3,1500.0,5.0,95.0
6143,Sarjapur,2,1451.0,2.0,87.0
6144,Sarjapur,4,2400.0,3.0,140.0
6145,Sarjapur,3,1525.0,2.0,68.0
6146,Sarjapur,2,1095.0,2.0,45.0
6147,Sarjapur,3,1425.0,3.0,57.0
6148,Sarjapur  Road,3,2497.0,3.0,140.0
6149,Sarjapur  Road,3,1787.0,3.0,98.29
6150,Sarjapur  Road,3,1787.0,3.0,125.0
6154,Sarjapur  Road,2,1000.0,2.0,67.0
6155,Sarjapur  Road,2,1346.0,2.0,74.03
6156,Sarjapur  Road,2,1195.0,2.0,70.0
6157,Sarjapur  Road,3,1550.0,3.0,100.0
6158,Sarjapur  Road,3,2100.0,3.0,125.0
6160,Sarjapur  Road,3,1691.0,3.0,113.0
6161,Sarjapur  Road,2,1278.0,2.0,95.0
6162,Sarjapur  Road,3,2238.0,3.0,140.0
6163,Sarjapur  Road,3,1800.0,3.0,110.0
6167,Sarjapur  Road,3,1984.0,4.0,146.0
6169,Sarjapur  Road,2,1128.0,2.0,59.0
6171,Sarjapur  Road,3,1700.0,3.0,110.0
6172,Sarjapur  Road,3,1157.0,2.0,75.0
6173,Sarjapur  Road,2,1282.0,2.0,72.0
6174,Sarjapur  Road,4,4111.0,4.0,310.0
6175,Sarjapur  Road,4,3430.0,6.0,228.5
6176,Sarjapur  Road,4,3900.0,4.0,300.0
6179,Sarjapur  Road,2,1050.0,2.0,62.0
6180,Sarjapur  Road,3,1700.0,3.0,135.0
6181,Sarjapur  Road,3,1691.0,3.0,119.0
6182,Sarjapur  Road,3,1846.0,3.0,140.0
6183,Sarjapur  Road,3,1200.0,3.0,95.0
6186,Sarjapur  Road,3,1819.0,3.0,100.0
6187,Sarjapur  Road,3,1845.0,4.0,110.0
6188,Sarjapur  Road,2,1233.0,2.0,77.65
6192,Sarjapur  Road,4,3750.0,6.0,290.0
6194,Sarjapur  Road,3,1680.0,3.0,112.0
6195,Sarjapur  Road,2,1255.0,2.0,92.0
6197,Sarjapur  Road,2,1311.0,2.0,78.0
6199,Sarjapur  Road,3,1157.0,2.0,75.0
6200,Sarjapur  Road,2,1145.0,2.0,75.0
6201,Sarjapur  Road,3,1300.0,2.0,70.0
6204,Sarjapur  Road,3,1476.0,2.0,98.94
6205,Sarjapur  Road,3,2180.0,3.0,170.0
6208,Sarjapur  Road,3,1750.0,3.0,110.0
6211,Sarjapur  Road,3,1200.0,3.0,70.0
6212,Sarjapur  Road,3,2600.0,3.0,200.0
6214,Sarjapur  Road,1,685.0,1.0,40.0
6216,Sarjapur  Road,3,2720.0,5.0,210.0
6217,Sarjapur  Road,2,1241.0,2.0,82.0
6220,Sarjapur  Road,4,3785.0,6.0,280.0
6221,Sarjapur  Road,1,835.0,1.0,46.95
6222,Sarjapur  Road,2,1280.0,2.0,76.0
6225,Sarjapur  Road,2,1263.0,2.0,78.0
6226,Sarjapur  Road,3,1691.0,3.0,98.0
6228,Sarjapur  Road,2,1308.0,2.0,83.0
6229,Sarjapur  Road,3,1592.0,3.0,91.0
6231,Sarjapur  Road,2,1150.0,2.0,77.0
6232,Sarjapur  Road,3,1965.0,3.0,120.0
6233,Sarjapur  Road,3,2275.0,4.0,180.0
6235,Sarjapur  Road,2,1418.0,2.0,78.0
6236,Sarjapur  Road,2,1200.0,2.0,93.0
6239,Sarjapur  Road,2,1115.0,2.0,60.0
6240,Sarjapur  Road,3,1525.0,2.0,87.0
6241,Sarjapur  Road,2,1346.0,2.0,71.32
6242,Sarjapur  Road,5,3905.0,7.0,290.0
6244,Sarjapur  Road,1,715.0,1.0,29.0
6245,Sarjapur  Road,2,1230.0,2.0,94.5
6246,Sarjapur  Road,3,1750.0,3.0,99.0
6247,Sarjapur  Road,2,1145.0,2.0,62.0
6248,Sarjapur  Road,3,1500.0,3.0,88.0
6250,Sarjapur  Road,3,1846.0,3.0,145.0
6251,Sarjapur  Road,2,1067.0,2.0,60.0
6253,Sarjapur  Road,3,1700.0,3.0,95.0
6254,Sarjapur  Road,2,1230.0,2.0,65.0
6256,Sarjapur  Road,4,3785.0,5.0,280.0
6257,Sarjapur  Road,3,2556.0,3.0,169.0
6258,Sarjapur  Road,2,1278.0,2.0,90.0
6260,Sarjapur  Road,2,1305.0,2.0,99.0
6261,Sarjapur  Road,3,1755.0,3.0,122.0
6262,Sarjapur  Road,4,4334.0,2.0,338.0
6265,Sarjapur  Road,3,1700.0,3.0,93.5
6267,Sarjapur  Road,2,1060.0,2.0,55.0
6268,Sarjapur  Road,3,1455.0,2.0,98.0
6269,Sarjapur  Road,3,1850.0,3.0,140.0
6270,Sarjapur  Road,1,950.0,1.0,39.9
6271,Sarjapur  Road,3,1826.0,3.0,130.0
6274,Sarjapur  Road,3,1660.0,2.0,116.0
6275,Sarjapur  Road,3,1700.0,3.0,108.0
6276,Sarjapur  Road,3,1539.0,3.0,85.0
6277,Sarjapur  Road,3,1489.0,2.0,82.0
6279,Sarjapur  Road,2,1200.0,2.0,75.0
6283,Sarjapur  Road,3,3044.0,3.0,183.0
6286,Sarjapur  Road,3,1877.0,4.0,150.0
6288,Sarjapur  Road,2,1229.0,2.0,70.0
6289,Sarjapur  Road,2,1342.0,2.0,70.0
6290,Sarjapur  Road,3,1711.0,3.0,110.0
6294,Sarjapur  Road,2,1050.0,2.0,63.5
6295,Sarjapur  Road,2,1350.0,2.0,102.0
6296,Sarjapur  Road,4,2990.0,4.0,240.0
6298,Sarjapur  Road,3,1457.0,3.0,85.0
6299,Sarjapur  Road,3,1685.0,3.0,135.0
6301,Sarjapur  Road,3,1200.0,3.0,70.0
6305,Sarjapur  Road,2,984.0,2.0,55.0
6309,Sarjapur  Road,2,1320.0,2.0,100.0
6310,Sarjapur  Road,3,1984.0,4.0,145.0
6314,Sarjapur  Road,3,1550.0,2.0,89.0
6315,Sarjapur  Road,4,2425.0,5.0,201.0
6316,Sarjapur  Road,3,1691.0,3.0,113.0
6318,Sarjapur  Road,3,2070.0,4.0,160.0
6320,Sarjapur  Road,3,1435.0,3.0,90.0
6322,Sarjapur  Road,2,1262.0,2.0,67.0
6323,Sarjapur  Road,3,1693.0,3.0,125.0
6324,Sarjapur  Road,3,1826.0,3.0,125.0
6325,Sarjapur  Road,3,1660.0,3.0,116.0
6327,Sarjapur  Road,3,1830.0,3.0,119.0
6331,Sarjapur  Road,4,2900.0,4.0,240.0
6332,Sarjapur  Road,2,1059.0,2.0,68.0
6334,Sarjapur  Road,3,1157.0,2.0,74.0
6335,Sarjapur  Road,3,1700.0,3.0,118.0
6336,Sarjapur  Road,3,1691.0,3.0,120.0
6338,Sarjapur  Road,2,1308.0,2.0,75.0
6339,Sarjapur  Road,3,1580.0,3.0,125.0
6341,Sarjapur  Road,3,1763.25,3.0,98.0
6342,Sarjapur  Road,3,1826.0,3.0,130.0
6343,Sarjapur  Road,3,1550.0,2.0,98.0
6346,Sarjapur  Road,3,1819.0,3.0,100.0
6347,Sarjapur  Road,2,984.0,2.0,59.0
6348,Sarjapur  Road,3,1489.0,3.0,88.0
6349,Sarjapur  Road,1,702.0,1.0,52.0
6350,Sarjapur  Road,2,1242.0,2.0,75.0
6351,Sarjapur  Road,3,2275.0,4.0,185.0
6352,Sarjapur  Road,3,2100.0,3.0,135.0
6353,Sarjapur  Road,3,1700.0,3.0,93.5
6354,Sarjapur  Road,3,1862.0,4.0,110.0
6355,Sarjapur  Road,3,2275.0,4.0,175.0
6356,Sarjapur  Road,3,1787.0,3.0,116.0
6357,Sarjapur  Road,3,1691.0,3.0,93.01
6358,Sarjapur  Road,2,1028.0,2.0,56.0
6360,Sarjapur  Road,3,1181.0,2.0,65.0
6361,Sarjapur  Road,3,1691.0,3.0,100.0
6362,Sarjapur  Road,2,1026.0,2.0,60.55
6363,Sarjapur  Road,2,1350.0,2.0,85.0
6364,Sarjapur  Road,3,1157.0,2.0,72.0
6365,Sarjapur  Road,2,1019.0,2.0,62.0
6366,Sarjapur  Road,4,3418.0,3.0,235.0
6367,Sarjapur  Road,1,691.0,1.0,31.1
6371,Sarjapur  Road,3,1881.0,3.0,145.0
6372,Sarjapur  Road,3,2275.0,4.0,182.0
6375,Sarjapur  Road,3,1881.0,3.0,145.0
6377,Sarjapur  Road,4,2880.0,3.0,211.0
6378,Sarjapur  Road,4,3418.0,2.0,222.0
6380,Sarjapur  Road,1,675.0,1.0,27.0
6381,Sarjapur  Road,3,1773.5,2.0,102.92
6382,Sarjapur  Road,2,1346.0,2.0,74.03
6383,Sarjapur  Road,3,1691.0,3.0,119.0
6384,Sarjapur  Road,2,1335.0,2.0,95.0
6386,Sarjapur  Road,3,1680.0,3.0,126.0
6387,Sarjapur  Road,3,1222.0,2.0,68.0
6388,Sarjapur  Road,4,3420.0,4.0,225.0
6389,Sarjapur  Road,3,1510.0,2.0,110.0
6390,Sarjapur  Road,2,1242.0,2.0,78.0
6392,Sarjapur  Road,2,1129.0,2.0,69.0
6393,Sarjapur  Road,3,1850.0,3.0,140.0
6395,Sarjapur  Road,3,1879.0,3.0,155.0
6396,Sarjapur  Road,3,1157.0,2.0,75.0
6397,Sarjapur  Road,4,2425.0,5.0,175.0
6398,Sarjapur  Road,2,1323.0,2.0,74.0
6399,Sarjapur  Road,3,2289.0,3.0,178.0
6402,Sarjapur  Road,3,2100.0,3.0,130.0
6403,Sarjapur  Road,1,702.0,1.0,35.8
6405,Sarjapur  Road,3,1800.0,3.0,128.0
6406,Sarjapur  Road,3,2275.0,4.0,187.0
6408,Sarjapur  Road,2,1026.0,2.0,60.8
6410,Sarjapur  Road,2,1216.0,2.0,70.0
6411,Sarjapur  Road,2,1112.0,2.0,62.0
6413,Sarjapur  Road,3,1157.0,2.0,69.0
6415,Sarjapur  Road,2,1026.0,2.0,60.8
6417,Sarjapur  Road,3,1600.0,3.0,120.0
6419,Sarjapur  Road,2,1346.0,2.0,74.03
6420,Sarjapur  Road,1,475.0,1.0,26.0
6423,Sarjapur  Road,3,1660.0,2.0,116.0
6426,Sarjapur  Road,2,1346.0,2.0,69.61
6427,Sarjapur  Road,3,2089.0,3.0,148.0
6428,Sarjapur  Road,3,1612.0,3.0,98.38
6429,Sarjapur  Road,2,1290.0,2.0,88.0
6430,Sarjapur  Road,2,1371.0,2.0,86.0
6431,Sarjapur  Road,3,2140.0,3.0,139.0
6432,Sarjapur  Road,2,1044.0,2.0,55.0
6434,Sarjapur  Road,3,2180.0,4.0,180.0
6435,Sarjapur  Road,3,1691.0,3.0,119.0
6436,Sarjapur  Road,3,2206.0,4.0,180.0
6437,Sarjapur  Road,2,1309.0,2.0,69.5
6438,Sarjapur  Road,3,1691.0,3.0,100.0
6439,Sarjapur  Road,2,1367.0,2.0,80.0
6442,Sarjapur  Road,3,1984.0,4.0,148.0
6444,Sarjapur  Road,2,1346.0,2.0,74.03
6446,Sarjapur  Road,2,1112.0,2.0,58.0
6447,Sarjapur  Road,2,1340.0,2.0,75.0
6448,Sarjapur  Road,3,3500.0,3.0,275.0
6450,Sarjapur  Road,2,1132.0,2.0,70.0
6452,Sarjapur  Road,4,2425.0,5.0,195.0
6453,Sarjapura - Attibele Road,3,1330.0,2.0,48.0
6454,Sarjapura - Attibele Road,3,1329.0,2.0,45.95
6455,Sarjapura - Attibele Road,2,829.0,2.0,22.8
6456,Sarjapura - Attibele Road,3,2400.0,3.0,85.0
6457,Sarjapura - Attibele Road,2,1033.0,2.0,28.41
6458,Sarjapura - Attibele Road,3,1676.0,3.0,52.0
6459,Sarjapura - Attibele Road,3,1800.0,3.0,90.0
6460,Sarjapura - Attibele Road,2,1308.0,2.0,37.0
6461,Sarjapura - Attibele Road,2,1073.0,2.0,31.77
6462,Sarjapura - Attibele Road,3,1330.0,2.0,49.0
6463,Sarjapura - Attibele Road,2,1090.0,2.0,37.0
6464,Sarjapura - Attibele Road,2,1126.0,2.0,36.0
6465,Sarjapura - Attibele Road,1,740.0,1.0,23.65
6466,Sarjapura - Attibele Road,3,1555.0,3.0,52.0
6467,Sector 2 HSR Layout,2,1296.0,2.0,75.0
6468,Sector 2 HSR Layout,1,794.0,1.0,60.0
6469,Sector 2 HSR Layout,2,1143.0,2.0,65.0
6470,Sector 2 HSR Layout,3,1665.0,3.0,110.0
6471,Sector 2 HSR Layout,3,1512.0,3.0,80.0
6472,Sector 2 HSR Layout,2,1332.0,2.0,101.0
6473,Sector 2 HSR Layout,3,1600.0,3.0,90.0
6474,Sector 2 HSR Layout,2,1231.0,2.0,66.0
6475,Sector 7 HSR Layout,4,3000.0,5.0,275.0
6476,Sector 7 HSR Layout,2,1163.0,2.0,98.86
6477,Sector 7 HSR Layout,3,1760.0,3.0,145.0
6478,Sector 7 HSR Layout,3,3900.0,3.0,300.0
6479,Sector 7 HSR Layout,2,1163.0,2.0,98.86
6480,Sector 7 HSR Layout,2,1342.0,2.0,115.0
6481,Sector 7 HSR Layout,3,1760.0,3.0,160.0
6482,Sector 7 HSR Layout,3,1760.0,3.0,142.0
6483,Sector 7 HSR Layout,3,2400.0,2.0,195.0
6484,Sector 7 HSR Layout,3,1760.0,3.0,185.0
6485,Sector 7 HSR Layout,2,1162.0,2.0,98.77
6486,Seegehalli,2,901.0,2.0,35.14
6488,Seegehalli,2,800.0,1.0,50.0
6490,Seegehalli,2,1118.0,2.0,37.5
6491,Seegehalli,3,1200.0,2.0,62.0
6492,Seegehalli,2,1155.0,2.0,72.0
6493,Seegehalli,3,1830.0,4.0,82.0
6494,Seegehalli,3,4000.0,3.0,235.0
6497,Seegehalli,2,1096.0,2.0,41.0
6499,Seegehalli,2,920.0,2.0,27.0
6500,Seegehalli,3,1553.0,3.0,68.0
6501,Seegehalli,3,1639.0,3.0,120.0
6502,Seegehalli,3,3000.0,4.0,235.0
6503,Seegehalli,2,1134.0,2.0,45.0
6504,Seegehalli,3,1683.0,3.0,80.0
6505,Seegehalli,2,1176.0,2.0,50.0
6506,Seegehalli,3,3000.0,4.0,240.0
6507,Shampura,4,2650.0,4.0,150.0
6508,Shampura,2,1200.0,2.0,53.0
6509,Shampura,2,700.0,1.0,35.0
6510,Shampura,3,1400.0,3.0,70.0
6511,Shampura,3,1475.0,3.0,78.0
6512,Shampura,3,1700.0,3.0,75.0
6513,Shivaji Nagar,2,850.0,2.0,55.0
6514,Shivaji Nagar,2,1554.0,3.0,130.0
6515,Shivaji Nagar,1,3820.0,1.0,306.0
6516,Shivaji Nagar,2,703.0,2.0,49.5
6517,Shivaji Nagar,3,1460.0,2.0,90.0
6518,Shivaji Nagar,2,600.0,1.0,65.0
6520,Singasandra,2,1030.0,2.0,55.0
6521,Singasandra,4,3850.0,6.0,195.0
6522,Singasandra,2,1100.0,2.0,52.0
6524,Singasandra,2,1300.0,2.0,65.0
6527,Singasandra,2,1010.0,2.0,40.0
6528,Singasandra,2,1375.0,2.0,58.0
6529,Singasandra,2,1120.0,2.0,60.0
6530,Singasandra,3,1510.0,3.0,75.0
6531,Singasandra,2,1179.0,2.0,56.0
6532,Singasandra,2,1416.0,2.0,67.0
6533,Singasandra,3,1476.0,2.0,73.0
6534,Singasandra,2,1139.7,2.0,45.0
6535,Singasandra,2,1465.0,2.0,60.0
6537,Singasandra,3,1653.0,3.0,85.0
6538,Somasundara Palya,2,1255.0,2.0,67.0
6539,Somasundara Palya,2,1448.0,2.0,68.0
6541,Somasundara Palya,2,1178.0,2.0,73.0
6542,Somasundara Palya,2,1260.0,2.0,60.0
6543,Somasundara Palya,2,1033.0,2.0,48.0
6544,Somasundara Palya,2,1329.0,2.0,70.0
6545,Somasundara Palya,3,2372.0,3.0,140.0
6546,Somasundara Palya,2,1185.0,2.0,70.0
6550,Somasundara Palya,4,2400.0,3.0,140.0
6551,Somasundara Palya,3,1650.0,3.0,95.0
6552,Somasundara Palya,2,1186.0,2.0,72.0
6554,Sompura,2,825.0,2.0,33.0
6555,Sompura,3,1025.0,2.0,37.0
6556,Sompura,2,1020.0,2.0,41.0
6557,Sompura,2,1126.0,2.0,39.0
6558,Sompura,2,825.0,2.0,32.0
6559,Sompura,3,1360.0,2.0,45.0
6560,Sompura,3,1350.0,2.0,47.0
6561,Sompura,4,2150.0,3.0,85.0
6563,Sonnenahalli,2,896.0,2.0,43.75
6564,Sonnenahalli,2,1120.0,2.0,43.0
6565,Sonnenahalli,2,1100.0,2.0,44.0
6566,Sonnenahalli,2,1011.0,2.0,50.53
6567,Sonnenahalli,1,614.5,1.0,30.715
6568,Sonnenahalli,3,1484.0,3.0,74.18
6569,Sonnenahalli,3,1610.0,3.0,80.48
6570,Sonnenahalli,3,1415.0,2.0,65.0
6571,Sonnenahalli,2,1268.0,2.0,58.0
6572,Sonnenahalli,2,1268.0,2.0,56.0
6573,Sonnenahalli,1,605.0,1.0,30.24
6574,Sonnenahalli,3,1484.0,3.0,75.0
6575,Subramanyapura,2,929.0,2.0,50.17
6576,Subramanyapura,2,1200.0,2.0,52.0
6577,Subramanyapura,2,975.0,2.0,58.0
6578,Subramanyapura,2,1277.0,2.0,55.0
6579,Subramanyapura,2,985.0,2.0,58.0
6580,Subramanyapura,3,1245.0,2.0,68.0
6581,Subramanyapura,2,1313.0,2.0,73.0
6582,Subramanyapura,2,1313.0,2.0,66.5
6583,Subramanyapura,3,1255.0,2.0,79.0
6584,Subramanyapura,3,1330.0,3.0,72.0
6585,Subramanyapura,2,929.0,2.0,48.0
6586,Subramanyapura,2,950.0,2.0,55.0
6587,Subramanyapura,2,929.0,2.0,56.0
6589,Subramanyapura,3,1260.0,2.0,76.0
6591,Subramanyapura,2,960.0,2.0,55.0
6592,Subramanyapura,3,1260.0,2.0,73.0
6594,Subramanyapura,3,1278.0,3.0,70.0
6595,Subramanyapura,2,929.0,2.0,49.0
6596,Subramanyapura,3,1260.0,2.0,75.0
6597,Subramanyapura,2,1000.0,2.0,45.0
6599,Subramanyapura,2,929.0,1.0,51.0
6600,Subramanyapura,3,1880.0,3.0,110.0
6602,Sultan Palaya,3,1700.0,3.0,120.0
6603,Sultan Palaya,2,1100.0,2.0,45.0
6604,Sultan Palaya,2,900.0,2.0,45.0
6605,Sultan Palaya,2,870.0,2.0,65.0
6606,Sultan Palaya,3,1765.0,3.0,80.0
6607,Sultan Palaya,3,1713.0,3.0,125.0
6608,Sultan Palaya,2,1009.0,2.0,65.0
6609,Sultan Palaya,4,5000.0,5.0,325.0
6610,Sultan Palaya,2,1070.0,2.0,49.0
6611,TC Palaya,3,1475.0,3.0,98.0
6612,TC Palaya,2,1200.0,2.0,60.0
6617,TC Palaya,2,1240.0,2.0,60.0
6618,TC Palaya,3,1500.0,2.0,100.0
6619,TC Palaya,2,1200.0,2.0,65.0
6620,TC Palaya,2,1200.0,2.0,70.0
6621,TC Palaya,2,900.0,2.0,55.0
6624,TC Palaya,4,4800.0,3.0,302.0
6625,TC Palaya,2,1000.0,2.0,64.0
6627,TC Palaya,2,900.0,2.0,55.0
6628,TC Palaya,2,1200.0,2.0,66.0
6631,TC Palaya,2,900.0,2.0,55.0
6633,TC Palaya,2,900.0,2.0,55.0
6636,TC Palaya,2,1200.0,2.0,65.0
6637,TC Palaya,2,1500.0,2.0,75.0
6639,TC Palaya,2,1000.0,2.0,70.0
6640,TC Palaya,2,1100.0,2.0,65.0
6644,TC Palaya,2,1800.0,2.0,80.0
6646,TC Palaya,2,1200.0,2.0,70.0
6647,TC Palaya,1,1350.0,1.0,55.0
6648,TC Palaya,2,900.0,2.0,55.0
6649,TC Palaya,2,900.0,2.0,55.0
6650,TC Palaya,2,1082.0,2.0,64.0
6654,TC Palaya,2,1152.0,2.0,55.0
6658,Talaghattapura,3,1868.0,3.0,131.0
6659,Talaghattapura,3,2038.5,3.0,120.0
6660,Talaghattapura,3,2106.0,3.0,126.0
6661,Talaghattapura,3,1868.0,3.0,121.0
6662,Talaghattapura,3,2106.0,3.0,126.0
6663,Talaghattapura,3,1868.0,3.0,135.0
6664,Talaghattapura,3,1856.0,3.0,135.0
6665,Talaghattapura,3,1868.0,3.0,120.0
6666,Talaghattapura,3,1804.0,3.0,115.0
6667,Talaghattapura,3,1856.0,3.0,135.0
6668,Talaghattapura,3,2254.0,3.0,153.0
6669,Talaghattapura,3,2106.0,3.0,148.0
6670,Talaghattapura,3,1856.0,3.0,135.0
6671,Talaghattapura,3,2273.0,3.0,159.0
6672,Talaghattapura,3,2099.0,3.0,147.0
6673,Talaghattapura,2,1100.0,2.0,50.0
6674,Talaghattapura,2,1100.0,2.0,49.49
6675,Talaghattapura,3,1575.0,3.0,80.0
6676,Talaghattapura,3,2273.0,3.0,145.0
6677,Talaghattapura,2,1175.0,2.0,62.0
6678,Talaghattapura,3,1804.0,3.0,127.0
6679,Talaghattapura,2,1062.0,2.0,42.48
6680,Talaghattapura,3,2038.5,3.0,122.0
6681,Talaghattapura,3,1800.0,3.0,84.0
6682,Talaghattapura,3,2265.0,3.0,159.0
6683,Talaghattapura,3,2099.0,3.0,134.0
6684,Thanisandra,2,1296.0,2.0,80.0
6686,Thanisandra,3,2144.0,3.0,145.0
6688,Thanisandra,2,1296.0,2.0,83.0
6690,Thanisandra,3,2144.0,3.0,135.0
6692,Thanisandra,2,1093.0,2.0,70.0
6693,Thanisandra,3,1265.0,2.0,79.0
6694,Thanisandra,3,1651.0,3.0,97.38
6695,Thanisandra,2,1265.0,2.0,85.0
6696,Thanisandra,1,776.5,2.0,48.145
6697,Thanisandra,3,1564.0,3.0,101.0
6699,Thanisandra,3,1847.0,3.0,123.0
6701,Thanisandra,3,1697.0,3.0,114.0
6703,Thanisandra,6,3500.0,5.0,160.0
6704,Thanisandra,3,1573.0,3.0,95.0
6705,Thanisandra,3,1917.0,3.0,122.0
6706,Thanisandra,1,693.0,1.0,34.3
6707,Thanisandra,2,1098.0,2.0,68.0
6708,Thanisandra,1,760.0,1.0,50.3
6711,Thanisandra,3,2002.0,3.0,112.0
6716,Thanisandra,3,1697.0,3.0,115.0
6717,Thanisandra,1,1380.0,1.0,62.1
6718,Thanisandra,1,923.0,1.0,60.84
6720,Thanisandra,1,923.0,1.0,45.69
6724,Thanisandra,3,1698.0,3.0,102.0
6725,Thanisandra,3,1411.0,3.0,93.04
6726,Thanisandra,3,1996.0,3.0,135.0
6727,Thanisandra,3,1801.0,3.0,115.0
6728,Thanisandra,2,1265.0,2.0,82.0
6730,Thanisandra,3,1917.0,4.0,113.0
6731,Thanisandra,1,662.0,1.0,42.0
6733,Thanisandra,3,1948.0,3.0,130.0
6735,Thanisandra,2,1098.0,2.0,74.0
6737,Thanisandra,3,1564.0,3.0,104.0
6743,Thanisandra,3,2127.0,3.0,135.0
6745,Thanisandra,2,1276.0,2.0,75.0
6746,Thanisandra,1,693.0,1.0,34.3
6747,Thanisandra,4,2259.0,5.0,135.0
6748,Thanisandra,2,1265.0,2.0,78.0
6750,Thanisandra,2,934.0,2.0,55.0
6751,Thanisandra,2,1056.0,2.0,68.0
6752,Thanisandra,3,1595.0,3.0,110.0
6753,Thanisandra,3,1411.0,3.0,93.15
6754,Thanisandra,2,1093.0,2.0,68.1
6756,Thanisandra,2,1093.0,2.0,72.0
6758,Thanisandra,3,1698.0,3.0,107.0
6759,Thanisandra,3,1564.0,3.0,105.0
6760,Thanisandra,2,1265.0,2.0,83.0
6761,Thanisandra,1,784.0,1.0,35.285
6762,Thanisandra,2,965.0,2.0,56.0
6763,Thanisandra,3,1546.0,3.0,95.0
6764,Thanisandra,1,777.0,1.0,38.535
6765,Thanisandra,3,1697.0,3.0,110.0
6766,Thanisandra,3,1492.0,3.0,88.0
6767,Thanisandra,3,2072.0,3.0,122.0
6768,Thanisandra,3,1880.0,3.0,120.0
6769,Thanisandra,1,760.0,1.0,50.0
6771,Thanisandra,1,933.0,2.0,58.0
6772,Thanisandra,3,1917.0,3.0,110.0
6773,Thanisandra,3,1996.0,4.0,123.0
6774,Thanisandra,2,1183.0,2.0,77.25
6775,Thanisandra,3,1491.0,3.0,88.0
6777,Thanisandra,1,662.0,1.0,29.0
6779,Thanisandra,3,1564.0,3.0,100.0
6780,Thanisandra,1,662.0,1.0,45.0
6781,Thanisandra,3,1573.0,3.0,98.0
6782,Thanisandra,3,1262.0,2.0,83.0
6783,Thanisandra,2,1056.0,2.0,65.0
6785,Thanisandra,3,1702.0,3.0,115.0
6786,Thanisandra,2,1343.0,2.0,75.0
6787,Thanisandra,3,1935.0,4.0,122.0
6788,Thanisandra,2,933.0,2.0,55.0
6789,Thanisandra,2,1183.0,2.0,77.3
6790,Thanisandra,1,662.0,1.0,38.0
6791,Thanisandra,2,1265.0,2.0,72.0
6792,Thanisandra,3,1595.0,3.0,105.0
6794,Thanisandra,1,580.0,1.0,27.5
6795,Thanisandra,3,2087.0,4.0,139.0
6797,Thanisandra,2,1098.0,2.0,71.0
6798,Thanisandra,3,1411.0,3.0,93.25
6801,Thanisandra,3,1732.0,3.0,112.0
6802,Thanisandra,1,933.0,1.0,61.0
6803,Thanisandra,3,1702.0,3.0,107.0
6804,Thanisandra,1,747.0,1.0,34.355
6805,Thanisandra,3,2030.0,4.0,125.0
6807,Thanisandra,4,1948.0,4.0,129.0
6808,Thanisandra,3,1573.0,3.0,90.0
6809,Thanisandra,2,1056.0,2.0,70.0
6810,Thanisandra,3,1595.0,3.0,96.0
6813,Thanisandra,2,1245.0,2.0,83.05
6814,Thanisandra,3,1261.0,2.0,80.0
6815,Thanisandra,3,1884.0,4.0,117.0
6816,Thanisandra,2,965.0,2.0,54.0
6817,Thanisandra,3,1930.0,4.0,122.0
6818,Thanisandra,1,777.0,1.0,38.46
6820,Thanisandra,3,1930.0,4.0,120.0
6821,Thanisandra,1,760.0,1.0,50.4
6822,Thanisandra,1,663.0,1.0,32.82
6823,Thanisandra,3,1801.0,3.0,115.0
6824,Thanisandra,3,1806.0,6.0,116.0
6825,Thanisandra,4,3671.0,4.0,220.0
6827,Thanisandra,2,1305.0,2.0,90.0
6828,Thanisandra,3,1965.0,4.0,125.0
6829,Thanisandra,3,1573.0,3.0,100.0
6832,Thanisandra,4,1917.0,4.0,130.0
6834,Thigalarapalya,4,3122.0,6.0,230.0
6836,Thigalarapalya,2,1297.0,2.0,103.0
6837,Thigalarapalya,2,1418.0,2.0,95.0
6838,Thigalarapalya,4,3122.0,6.0,235.0
6839,Thigalarapalya,4,3122.0,6.0,245.0
6841,Thigalarapalya,2,1418.0,2.0,103.0
6842,Thigalarapalya,2,1418.0,2.0,101.0
6843,Thigalarapalya,2,1418.0,2.0,104.0
6845,Thigalarapalya,4,3122.0,5.0,225.0
6846,Thigalarapalya,4,2912.0,6.0,210.0
6847,Thigalarapalya,2,1418.0,2.0,103.0
6848,Thigalarapalya,3,2072.0,4.0,159.0
6850,Thigalarapalya,2,1418.0,2.0,106.0
6852,Thigalarapalya,2,1418.0,2.0,104.0
6853,Thigalarapalya,4,3122.0,6.0,237.0
6854,Thigalarapalya,2,1418.0,2.0,105.0
6855,Thigalarapalya,2,1418.0,2.0,104.0
6858,Thigalarapalya,2,1418.0,2.0,106.0
6859,Thigalarapalya,3,2072.0,4.0,155.0
6860,Thigalarapalya,3,1830.0,4.0,135.0
6861,Thigalarapalya,2,1418.0,2.0,105.0
6862,Thigalarapalya,3,2072.0,4.0,160.0
6866,Thigalarapalya,3,2072.0,4.0,160.0
6867,Thigalarapalya,3,2072.0,4.0,155.0
6868,Thigalarapalya,4,3122.0,6.0,235.0
6869,Thigalarapalya,3,2072.0,4.0,153.0
6871,Thigalarapalya,3,2072.0,4.0,157.0
6872,Thigalarapalya,2,1418.0,2.0,105.0
6873,Thigalarapalya,4,3362.0,5.0,249.0
6874,Thigalarapalya,4,3122.0,6.0,245.0
6877,Thigalarapalya,4,4190.0,4.0,325.0
6881,Thigalarapalya,2,1400.0,2.0,105.0
6883,Thigalarapalya,2,1297.0,2.0,98.0
6885,Thubarahalli,4,3800.0,4.0,239.0
6886,Thubarahalli,2,1200.0,2.0,78.0
6887,Thubarahalli,2,1128.0,2.0,75.0
6888,Thubarahalli,2,1185.0,2.0,65.0
6889,Thubarahalli,2,975.0,2.0,55.0
6890,Thubarahalli,2,1330.0,2.0,75.0
6891,Thubarahalli,2,1085.0,2.0,70.0
6892,Thubarahalli,2,1216.0,2.0,80.0
6893,Thubarahalli,2,1200.0,2.0,79.0
6894,Thubarahalli,2,1200.0,2.0,80.0
6895,Thubarahalli,2,1200.0,2.0,79.55
6897,Thubarahalli,3,2625.0,3.0,175.0
6898,Thubarahalli,2,975.0,2.0,50.0
6900,Thubarahalli,3,1584.0,3.0,101.0
6901,Thyagaraja Nagar,1,800.0,1.0,100.0
6902,Thyagaraja Nagar,5,2000.0,4.0,145.0
6903,Thyagaraja Nagar,3,1270.0,2.0,95.25
6904,Thyagaraja Nagar,2,1040.0,2.0,68.0
6905,Tindlu,3,1500.0,2.0,87.0
6906,Tindlu,7,7500.0,7.0,400.0
6907,Tindlu,3,1357.0,2.0,65.0
6908,Tindlu,3,1500.0,3.0,87.0
6909,Tindlu,3,1370.07,3.0,65.0
6910,Tindlu,2,1165.0,2.0,59.8
6911,Tindlu,2,1050.0,2.0,55.0
6912,Tindlu,2,1100.0,2.0,55.0
6913,Tumkur Road,3,1500.0,3.0,95.0
6914,Tumkur Road,3,1779.0,3.0,112.0
6915,Tumkur Road,3,1586.0,3.0,100.0
6916,Tumkur Road,2,1098.0,2.0,72.0
6917,Tumkur Road,3,1354.0,3.0,90.0
6918,Tumkur Road,3,1240.0,2.0,84.0
6919,Tumkur Road,2,1239.0,2.0,82.0
6920,Tumkur Road,2,1246.0,2.0,82.0
6921,Tumkur Road,3,1500.0,3.0,100.0
6923,Tumkur Road,3,1416.0,3.0,94.0
6924,Tumkur Road,2,1027.0,2.0,60.0
6925,Tumkur Road,2,1027.0,2.0,68.62
6926,Tumkur Road,3,1459.0,2.0,95.0
6927,Tumkur Road,2,992.0,2.0,60.0
6928,Tumkur Road,2,1066.0,2.0,52.5
6929,Tumkur Road,3,1240.0,2.0,79.0
6930,Tumkur Road,3,1441.0,2.0,95.0
6931,Tumkur Road,3,1240.0,2.0,83.0
6932,Tumkur Road,2,1027.0,2.0,67.0
6934,Tumkur Road,3,1354.0,3.0,85.86
6935,Ulsoor,3,2135.0,3.0,215.0
6936,Ulsoor,2,1275.0,2.0,120.0
6937,Ulsoor,3,1020.0,3.0,110.0
6938,Ulsoor,2,1200.0,2.0,60.0
6939,Ulsoor,2,1180.0,2.0,100.0
6940,Ulsoor,3,1340.0,3.0,90.0
6941,Ulsoor,3,1500.0,2.0,125.0
6942,Ulsoor,3,2000.0,3.0,185.0
6943,Ulsoor,2,1255.0,2.0,120.0
6944,Ulsoor,3,1685.0,4.0,185.0
6946,Ulsoor,3,2135.0,3.0,170.0
6947,Ulsoor,2,1160.0,2.0,130.0
6948,Uttarahalli,3,1440.0,2.0,62.0
6949,Uttarahalli,2,1143.0,2.0,45.0
6950,Uttarahalli,2,1020.0,2.0,45.0
6951,Uttarahalli,2,1286.0,2.0,63.0
6952,Uttarahalli,2,1101.0,2.0,45.0
6953,Uttarahalli,2,1345.0,2.0,67.0
6956,Uttarahalli,2,1175.0,2.0,47.0
6957,Uttarahalli,3,1390.0,2.0,62.55
6958,Uttarahalli,3,1330.0,2.0,56.0
6959,Uttarahalli,2,1008.0,2.0,45.0
6960,Uttarahalli,3,1390.0,2.0,60.47
6961,Uttarahalli,3,1617.0,3.0,66.68
6962,Uttarahalli,2,1150.0,2.0,49.0
6963,Uttarahalli,3,1330.0,2.0,56.0
6964,Uttarahalli,2,1200.0,2.0,44.0
6967,Uttarahalli,2,882.0,2.0,30.0
6968,Uttarahalli,2,993.0,2.0,39.71
6969,Uttarahalli,2,1045.0,2.0,45.0
6970,Uttarahalli,2,850.0,2.0,37.93
6972,Uttarahalli,6,3600.0,6.0,120.0
6973,Uttarahalli,3,1788.0,3.0,98.34
6974,Uttarahalli,3,1345.0,2.0,57.0
6975,Uttarahalli,2,1089.0,2.0,43.55
6977,Uttarahalli,2,1279.0,2.0,48.0
6979,Uttarahalli,3,1425.0,2.0,64.0
6980,Uttarahalli,2,1155.0,2.0,40.42
6981,Uttarahalli,2,1050.0,2.0,42.0
6982,Uttarahalli,3,1300.0,2.0,55.0
6983,Uttarahalli,3,1250.0,2.0,55.0
6984,Uttarahalli,3,1700.0,3.0,88.0
6985,Uttarahalli,3,1200.0,3.0,50.0
6986,Uttarahalli,2,1085.0,2.0,43.0
6988,Uttarahalli,2,1175.0,2.0,47.0
6989,Uttarahalli,3,1689.28,3.0,91.2
6990,Uttarahalli,2,1175.0,2.0,47.0
6991,Uttarahalli,2,1137.0,2.0,63.0
6992,Uttarahalli,3,1215.0,2.0,52.85
6994,Uttarahalli,2,1325.0,2.0,53.0
6995,Uttarahalli,3,1300.0,2.0,60.0
6996,Uttarahalli,2,850.0,2.0,35.0
6997,Uttarahalli,3,1627.86,3.0,88.0
6999,Uttarahalli,3,1360.0,2.0,61.2
7000,Uttarahalli,1,661.0,1.0,36.0
7001,Uttarahalli,2,1134.0,2.0,45.36
7003,Uttarahalli,3,1320.0,2.0,55.44
7004,Uttarahalli,3,1390.0,2.0,61.16
7005,Uttarahalli,2,1090.0,2.0,45.0
7006,Uttarahalli,2,1050.0,2.0,42.0
7007,Uttarahalli,2,1123.0,2.0,48.0
7008,Uttarahalli,3,1329.0,2.0,56.0
7009,Uttarahalli,2,938.0,2.0,35.0
7012,Uttarahalli,2,1100.0,1.0,45.0
7013,Uttarahalli,2,1125.0,2.0,47.0
7015,Uttarahalli,3,1685.0,3.0,85.0
7016,Uttarahalli,3,1390.0,2.0,62.55
7018,Uttarahalli,2,1180.0,2.0,41.3
7019,Uttarahalli,2,1380.0,2.0,42.0
7020,Uttarahalli,3,1737.0,2.0,95.0
7022,Uttarahalli,2,1160.0,2.0,45.0
7023,Uttarahalli,3,1280.0,2.0,60.0
7025,Uttarahalli,2,1190.0,2.0,53.55
7026,Uttarahalli,3,1330.0,2.0,57.0
7027,Uttarahalli,3,1560.0,3.0,74.0
7029,Uttarahalli,2,1125.0,2.0,48.0
7030,Uttarahalli,3,1320.0,2.0,55.44
7032,Uttarahalli,2,1160.0,2.0,40.6
7034,Uttarahalli,2,1065.0,2.0,42.59
7035,Uttarahalli,2,1075.0,2.0,46.76
7036,Uttarahalli,2,1155.0,2.0,40.6
7039,Uttarahalli,3,1215.0,2.0,52.85
7041,Uttarahalli,2,1180.0,2.0,41.3
7044,Uttarahalli,2,1002.0,2.0,40.08
7045,Uttarahalli,2,1002.0,2.0,40.08
7046,Uttarahalli,2,1075.0,2.0,40.0
7048,Uttarahalli,2,1155.0,2.0,40.43
7050,Uttarahalli,2,1025.0,2.0,35.88
7051,Uttarahalli,2,1125.0,2.0,47.65
7052,Uttarahalli,2,1300.0,2.0,55.0
7053,Uttarahalli,2,1025.0,2.0,35.88
7054,Uttarahalli,2,980.0,2.0,45.0
7055,Uttarahalli,2,1125.0,2.0,47.0
7060,Uttarahalli,2,1175.0,2.0,47.0
7063,Uttarahalli,3,1525.0,2.0,62.82
7064,Uttarahalli,3,1265.0,2.0,65.0
7067,Uttarahalli,2,1213.0,2.0,48.0
7069,Uttarahalli,2,900.0,2.0,35.0
7070,Uttarahalli,2,1065.0,2.0,42.6
7073,Uttarahalli,2,1125.0,2.0,47.0
7074,Uttarahalli,3,1270.0,2.0,55.25
7075,Uttarahalli,3,1270.0,2.0,55.25
7076,Uttarahalli,2,1107.0,2.0,45.0
7077,Uttarahalli,2,1200.0,2.0,55.0
7079,Uttarahalli,3,1460.0,3.0,76.0
7080,Uttarahalli,3,1500.0,3.0,68.0
7081,Uttarahalli,2,1120.0,2.0,50.0
7082,Uttarahalli,2,1150.0,2.0,46.0
7083,Uttarahalli,3,1330.0,2.0,58.0
7085,Uttarahalli,2,1050.0,2.0,42.0
7086,Uttarahalli,2,1125.0,2.0,48.0
7088,Uttarahalli,3,1345.0,2.0,57.0
7089,Uttarahalli,3,1345.0,2.0,57.0
7091,Uttarahalli,2,1000.0,2.0,52.0
7092,Uttarahalli,2,1037.0,2.0,36.0
7094,Uttarahalli,2,1000.0,2.0,39.5
7095,Uttarahalli,2,1125.0,1.0,45.0
7097,Uttarahalli,2,1160.0,2.0,40.58
7098,Uttarahalli,2,1123.0,2.0,60.0
7100,Uttarahalli,2,1000.0,2.0,35.0
7101,Uttarahalli,3,1330.0,2.0,57.0
7102,Uttarahalli,2,1125.0,2.0,47.0
7103,Uttarahalli,2,1165.0,1.0,42.09
7104,Uttarahalli,2,1260.0,2.0,55.0
7105,Uttarahalli,2,1284.0,2.0,53.36
7106,Uttarahalli,2,1150.0,2.0,45.99
7108,Uttarahalli,3,1290.0,2.0,56.12
7109,Uttarahalli,3,1328.0,2.0,56.0
7110,Uttarahalli,2,1040.0,2.0,36.4
7111,Uttarahalli,3,1290.0,2.0,56.12
7113,Uttarahalli,2,1075.0,2.0,46.76
7114,Uttarahalli,3,1345.0,2.0,57.0
7115,Varthur,2,1160.0,2.0,44.0
7116,Varthur,2,1385.0,2.0,80.0
7118,Varthur,2,1024.0,2.0,42.0
7119,Varthur,2,1125.0,2.0,40.0
7120,Varthur,2,1112.0,2.0,40.0
7121,Varthur,2,1055.0,2.0,45.35
7122,Varthur,2,1280.0,2.0,65.0
7123,Varthur,2,977.0,2.0,36.0
7124,Varthur,3,1250.0,3.0,71.0
7125,Varthur,3,1200.0,3.0,67.75
7126,Varthur,2,1111.0,2.0,41.88
7127,Varthur,2,1140.0,2.0,55.5
7128,Varthur,2,1012.0,2.0,59.0
7129,Varthur,2,1140.0,2.0,39.9
7130,Varthur,2,1090.0,2.0,48.0
7131,Varthur,3,1450.0,3.0,71.0
7132,Varthur,2,1210.0,2.0,60.0
7133,Varthur,2,1070.0,2.0,46.0
7134,Varthur,3,1360.0,2.0,85.0
7135,Varthur,2,965.0,2.0,34.0
7136,Varthur,2,1120.0,2.0,44.24
7137,Varthur,3,1395.0,2.0,79.0
7138,Varthur,2,1085.0,2.0,45.0
7139,Varthur,2,1250.0,2.0,47.0
7140,Varthur,3,1200.0,3.0,68.38
7142,Varthur,2,1155.0,2.0,60.0
7143,Varthur,2,1035.0,2.0,60.0
7144,Varthur,2,1155.0,2.0,39.0
7145,Varthur,2,1180.0,2.0,55.0
7147,Varthur,2,1738.0,2.0,57.35
7148,Varthur,2,1045.0,2.0,40.65
7149,Varthur,2,1155.0,2.0,39.0
7151,Varthur,2,1210.0,2.0,64.15
7153,Varthur,2,1105.0,2.0,38.0
7154,Varthur,3,1560.0,3.0,90.0
7155,Varthur,2,1760.0,2.0,85.0
7156,Varthur,2,1210.0,2.0,54.0
7157,Varthur,2,1112.0,2.0,40.0
7159,Varthur,2,1000.0,1.0,65.0
7161,Varthur Road,2,900.0,2.0,27.0
7162,Varthur Road,2,1277.0,2.0,59.0
7163,Varthur Road,3,1247.0,2.0,58.0
7164,Varthur Road,2,1050.0,2.0,42.7
7165,Varthur Road,2,1255.0,2.0,52.76
7167,Varthur Road,2,1033.0,2.0,32.0
7168,Varthur Road,2,1140.0,2.0,49.11
7169,Varthur Road,2,850.0,2.0,25.4
7170,Vasanthapura,2,1022.0,2.0,40.0
7171,Vasanthapura,2,1135.0,2.0,39.73
7172,Vasanthapura,2,995.0,2.0,34.82
7173,Vasanthapura,2,995.0,2.0,34.82
7174,Vasanthapura,2,1037.0,2.0,36.28
7175,Vasanthapura,2,978.0,2.0,34.22
7176,Vasanthapura,2,1037.0,2.0,36.28
7177,Vidyaranyapura,2,1440.0,2.0,95.0
7178,Vidyaranyapura,2,1062.0,2.0,38.0
7179,Vidyaranyapura,2,1200.0,2.0,55.0
7180,Vidyaranyapura,4,1200.0,4.0,90.0
7182,Vidyaranyapura,2,1060.0,2.0,55.0
7183,Vidyaranyapura,2,1100.0,2.0,54.0
7184,Vidyaranyapura,3,1440.0,2.0,70.0
7185,Vidyaranyapura,2,1100.0,2.0,54.0
7186,Vidyaranyapura,2,1000.0,2.0,35.0
7188,Vidyaranyapura,2,1120.0,2.0,70.0
7189,Vidyaranyapura,2,945.0,2.0,40.0
7190,Vidyaranyapura,2,1100.0,2.0,54.0
7191,Vidyaranyapura,3,1200.0,2.0,65.0
7192,Vidyaranyapura,2,1200.0,2.0,52.0
7193,Vidyaranyapura,2,1050.0,2.0,50.0
7194,Vidyaranyapura,2,1188.0,2.0,50.0
7195,Vidyaranyapura,3,1100.0,2.0,75.0
7196,Vidyaranyapura,3,1100.0,2.0,72.0
7197,Vidyaranyapura,4,2400.0,5.0,135.0
7198,Vidyaranyapura,2,1100.0,2.0,41.0
7199,Vidyaranyapura,2,1200.0,2.0,60.5
7200,Vidyaranyapura,2,1200.0,2.0,42.0
7201,Vijayanagar,3,1704.0,3.0,110.0
7202,Vijayanagar,3,1933.0,3.0,129.0
7204,Vijayanagar,3,1450.0,3.0,100.0
7205,Vijayanagar,3,1580.0,2.0,134.0
7206,Vijayanagar,3,1826.0,3.0,121.0
7207,Vijayanagar,3,1739.0,3.0,116.0
7208,Vijayanagar,3,1490.0,3.0,100.0
7209,Vijayanagar,2,1180.0,2.0,65.0
7210,Vijayanagar,1,606.0,1.0,34.78
7211,Vijayanagar,2,1352.0,2.0,68.0
7212,Vijayanagar,3,1527.0,3.0,115.0
7213,Vijayanagar,2,989.0,2.0,60.0
7214,Vijayanagar,3,1520.0,2.0,103.0
7215,Vijayanagar,3,1749.0,3.0,117.0
7216,Vijayanagar,2,1046.0,2.0,75.0
7217,Vijayanagar,1,606.0,1.0,40.0
7218,Vijayanagar,2,1200.0,2.0,62.0
7221,Vijayanagar,3,1760.0,3.0,140.0
7222,Vijayanagar,3,2047.0,3.0,136.0
7223,Vijayanagar,3,1200.0,2.0,75.0
7224,Vijayanagar,2,1178.0,2.0,82.0
7225,Vijayanagar,2,864.0,2.0,45.0
7226,Vijayanagar,4,2100.0,6.0,252.0
7227,Vijayanagar,2,920.0,2.0,60.0
7228,Vijayanagar,2,1019.0,2.0,58.0
7229,Vijayanagar,5,2400.0,6.0,125.0
7230,Vijayanagar,2,1180.0,2.0,86.0
7231,Vijayanagar,2,1046.0,2.0,49.06
7232,Vijayanagar,1,2400.0,2.0,230.0
7233,Vijayanagar,1,492.0,1.0,40.0
7235,Vishveshwarya Layout,1,750.0,1.0,30.0
7236,Vishveshwarya Layout,4,2000.0,4.0,75.0
7237,Vishveshwarya Layout,6,2100.0,6.0,92.0
7238,Vishveshwarya Layout,4,2000.0,3.0,90.0
7239,Vishwapriya Layout,2,820.0,2.0,30.0
7240,Vishwapriya Layout,2,770.0,2.0,30.0
7241,Vishwapriya Layout,2,910.0,2.0,36.0
7242,Vishwapriya Layout,2,890.0,2.0,37.0
7243,Vittasandra,2,1404.0,2.0,71.0
7244,Vittasandra,2,1246.0,2.0,67.0
7245,Vittasandra,2,1404.0,2.0,69.3
7246,Vittasandra,2,1246.0,2.0,67.3
7247,Vittasandra,2,1246.0,2.0,64.5
7248,Vittasandra,2,1246.0,2.0,64.5
7249,Vittasandra,2,1246.0,2.0,68.0
7251,Vittasandra,2,1238.0,2.0,67.0
7252,Vittasandra,2,1404.0,2.0,75.0
7253,Vittasandra,2,1246.0,2.0,65.0
7254,Vittasandra,2,1238.0,2.0,67.0
7255,Vittasandra,2,1246.0,2.0,67.4
7256,Vittasandra,2,1259.0,2.0,67.4
7257,Vittasandra,2,1404.0,2.0,68.8
7258,Vittasandra,2,1246.0,2.0,62.3
7259,Vittasandra,2,1246.0,2.0,63.0
7260,Vittasandra,2,1246.0,2.0,67.4
7261,Vittasandra,2,1246.0,2.0,65.4
7263,Vittasandra,2,1238.0,2.0,67.32
7264,Vittasandra,2,1246.0,2.0,67.4
7266,Vittasandra,2,1246.0,2.0,67.3
7267,Vittasandra,2,1404.0,2.0,70.0
7268,Vittasandra,2,1259.0,2.0,67.48
7269,Vittasandra,2,1404.0,2.0,75.0
7271,Vittasandra,2,1246.0,2.0,67.0
7274,Vittasandra,2,1404.0,2.0,72.0
7275,Vittasandra,2,1246.0,2.0,67.5
7276,Vittasandra,2,1246.0,2.0,67.5
7277,Vittasandra,2,1404.0,2.0,70.0
7278,Vittasandra,2,1246.0,2.0,65.0
7279,Vittasandra,2,1246.0,2.0,67.4
7283,Whitefield,3,1610.0,3.0,81.0
7284,Whitefield,2,1459.0,2.0,94.82
7289,Whitefield,2,1280.0,2.0,75.0
7291,Whitefield,3,1910.0,3.0,161.0
7292,Whitefield,4,3252.0,4.0,230.0
7293,Whitefield,4,11890.0,4.0,700.0
7296,Whitefield,2,1150.0,2.0,70.0
7297,Whitefield,3,1768.0,3.0,101.0
7299,Whitefield,4,4144.0,4.0,315.0
7300,Whitefield,4,4104.0,4.0,360.0
7301,Whitefield,3,1790.0,3.0,100.0
7302,Whitefield,3,1720.0,3.0,100.0
7304,Whitefield,3,1640.0,4.0,91.0
7307,Whitefield,3,2280.0,4.0,126.0
7311,Whitefield,3,1897.0,3.0,130.0
7312,Whitefield,3,2225.0,2.0,125.0
7313,Whitefield,4,4348.5,2.0,304.0
7316,Whitefield,4,2268.0,3.0,163.0
7319,Whitefield,4,2400.0,4.0,200.0
7321,Whitefield,2,1360.0,2.0,95.0
7323,Whitefield,3,1697.0,3.0,94.79
7324,Whitefield,4,5000.0,4.0,400.0
7325,Whitefield,4,3000.0,5.0,250.0
7326,Whitefield,3,1700.0,3.0,115.0
7329,Whitefield,3,2842.0,3.0,162.0
7333,Whitefield,3,1500.0,3.0,130.0
7334,Whitefield,2,1280.0,2.0,75.0
7336,Whitefield,3,1405.0,2.0,78.0
7337,Whitefield,3,2225.0,3.0,115.0
7338,Whitefield,2,1272.0,2.0,95.05
7341,Whitefield,2,1192.0,2.0,71.0
7345,Whitefield,3,1626.0,3.0,89.0
7346,Whitefield,3,1585.0,3.0,88.0
7347,Whitefield,1,665.0,2.0,28.585
7349,Whitefield,2,1280.0,2.0,85.0
7350,Whitefield,3,1200.0,3.0,68.5
7351,Whitefield,4,4000.0,4.0,330.0
7352,Whitefield,3,1697.0,3.0,108.0
7354,Whitefield,4,3606.0,4.0,312.0
7355,Whitefield,2,1485.0,2.0,90.0
7356,Whitefield,1,950.0,1.0,50.0
7357,Whitefield,4,3584.0,4.0,199.0
7358,Whitefield,1,825.0,1.0,45.0
7361,Whitefield,3,1635.0,2.0,85.0
7362,Whitefield,2,1216.0,2.0,79.0
7368,Whitefield,2,920.0,2.0,63.0
7370,Whitefield,2,1170.0,2.0,71.0
7371,Whitefield,2,1118.0,2.0,75.0
7372,Whitefield,3,1800.0,3.0,110.0
7373,Whitefield,3,1562.0,3.0,103.0
7376,Whitefield,3,2321.0,4.0,128.0
7377,Whitefield,2,1320.0,2.0,95.0
7380,Whitefield,3,3010.0,3.0,200.0
7381,Whitefield,2,1346.0,2.0,96.17
7382,Whitefield,3,3850.0,5.0,316.0
7386,Whitefield,4,2500.0,4.0,155.0
7387,Whitefield,1,905.0,1.0,55.0
7389,Whitefield,4,2268.0,3.0,146.0
7392,Whitefield,1,630.5,1.0,32.79
7393,Whitefield,4,3537.0,5.0,210.0
7395,Whitefield,3,1697.0,3.0,115.0
7399,Whitefield,5,3250.0,5.0,290.0
7403,Whitefield,2,1269.0,2.0,75.0
7404,Whitefield,5,3227.0,5.0,250.0
7405,Whitefield,3,1545.0,3.0,79.0
7408,Whitefield,4,3262.0,4.0,260.0
7410,Whitefield,2,1132.0,2.0,79.28
7413,Whitefield,4,2830.0,5.0,160.0
7415,Whitefield,2,1195.0,2.0,70.0
7416,Whitefield,3,3480.0,4.0,284.0
7419,Whitefield,1,709.0,1.0,34.385
7421,Whitefield,2,1320.0,2.0,79.5
7422,Whitefield,2,750.0,2.0,52.7
7423,Whitefield,3,1200.0,3.0,61.96
7428,Whitefield,3,2094.0,2.0,113.19
7430,Whitefield,4,3445.0,5.0,270.0
7431,Whitefield,3,1700.0,3.0,140.0
7432,Whitefield,4,4827.0,4.0,400.0
7433,Whitefield,2,1405.0,2.0,84.5
7435,Whitefield,4,3252.0,4.0,280.0
7437,Whitefield,2,1150.0,2.0,90.0
7438,Whitefield,4,2400.0,4.0,147.0
7440,Whitefield,1,624.0,1.0,35.0
7443,Whitefield,3,1700.0,3.0,95.0
7444,Whitefield,4,4960.0,4.0,400.0
7445,Whitefield,4,2928.0,4.0,198.0
7447,Whitefield,3,2700.0,5.0,175.0
7448,Whitefield,2,1216.0,2.0,84.0
7449,Whitefield,4,2882.0,5.0,204.0
7450,Whitefield,3,1840.0,3.0,140.0
7451,Whitefield,3,1778.0,3.0,122.0
7453,Whitefield,1,650.0,1.0,25.0
7454,Whitefield,4,2155.0,3.0,125.0
7459,Whitefield,2,1216.0,2.0,75.0
7461,Whitefield,2,1255.0,2.0,77.0
7462,Whitefield,2,1216.0,2.0,73.0
7463,Whitefield,1,709.0,1.0,34.735
7467,Whitefield,3,1745.0,3.0,100.0
7468,Whitefield,4,3200.0,4.0,224.0
7470,Whitefield,1,825.0,1.0,44.9
7474,Whitefield,3,1870.0,3.0,138.0
7477,Whitefield,3,1862.0,3.0,125.0
7478,Whitefield,3,1655.0,3.0,113.0
7479,Whitefield,1,530.0,1.0,29.44
7481,Whitefield,1,905.0,1.0,50.0
7482,Whitefield,3,1600.0,3.0,82.0
7483,Whitefield,4,1230.0,4.0,80.0
7485,Whitefield,1,630.5,1.0,32.15
7486,Whitefield,1,905.0,1.0,52.0
7490,Whitefield,2,1216.0,2.0,83.0
7495,Whitefield,4,4075.0,5.0,226.0
7496,Whitefield,2,1216.0,2.0,75.0
7504,Whitefield,4,2856.0,5.0,158.5
7507,Whitefield,1,750.0,1.0,51.0
7510,Whitefield,2,1173.0,2.0,77.0
7511,Whitefield,3,1200.0,3.0,68.4
7515,Whitefield,4,3425.0,5.0,250.0
7520,Whitefield,3,2173.0,3.0,128.0
7522,Whitefield,1,905.0,1.0,62.0
7523,Whitefield,3,1870.0,3.0,138.0
7524,Whitefield,2,1320.0,2.0,99.26
7525,Whitefield,3,2901.0,4.0,190.0
7526,Whitefield,2,1485.0,2.0,96.51
7527,Whitefield,3,1755.0,3.0,101.0
7529,Whitefield,3,2225.0,3.0,149.0
7530,Whitefield,2,1250.0,2.0,82.0
7532,Whitefield,1,605.0,1.0,40.0
7535,Whitefield,3,2210.0,3.0,156.0
7536,Whitefield,2,1173.0,2.0,78.2
7537,Whitefield,3,1740.0,4.0,130.0
7538,Whitefield,2,1216.0,2.0,75.0
7540,Whitefield,3,1655.0,3.0,120.0
7541,Whitefield,4,4003.0,6.0,300.0
7543,Whitefield,2,1180.0,2.0,70.0
7545,Whitefield,3,2023.0,4.0,130.0
7546,Whitefield,3,2134.0,4.0,118.0
7549,Whitefield,1,905.0,1.0,60.0
7555,Whitefield,3,1452.0,3.0,90.0
7556,Whitefield,4,2850.0,5.0,240.0
7559,Whitefield,4,2830.0,5.0,190.0
7560,Whitefield,2,1295.0,2.0,78.5
7561,Whitefield,1,840.0,1.0,57.6
7562,Whitefield,1,640.0,1.0,19.83
7563,Whitefield,3,1991.0,3.0,104.0
7567,Whitefield,3,1655.0,3.0,97.0
7568,Whitefield,3,1850.0,3.0,150.0
7569,Whitefield,3,1200.0,3.0,67.77
7570,Whitefield,2,1290.0,2.0,90.0
7573,Whitefield,2,1216.0,2.0,75.0
7574,Whitefield,2,1356.0,2.0,94.84
7575,Whitefield,2,1338.0,2.0,103.0
7578,Whitefield,3,3450.0,4.0,208.0
7582,Whitefield,2,1267.0,2.0,90.33
7583,Whitefield,4,2400.0,4.0,143.0
7584,Whitefield,3,1836.0,3.0,125.0
7586,Whitefield,3,3596.0,3.0,200.0
7587,Whitefield,3,1275.0,2.0,65.0
7590,Whitefield,2,1216.0,2.0,82.0
7591,Whitefield,2,1495.0,3.0,88.0
7592,Whitefield,3,1564.0,3.0,103.0
7593,Whitefield,3,1585.0,3.0,84.0
7596,Whitefield,3,1558.0,3.0,90.0
7597,Whitefield,2,1216.0,2.0,75.0
7599,Whitefield,3,1704.0,3.0,120.0
7601,Whitefield,2,1256.0,2.0,73.0
7604,Whitefield,2,1300.0,2.0,78.0
7605,Whitefield,3,1570.0,3.0,88.0
7606,Whitefield,2,1216.0,2.0,84.03
7608,Whitefield,2,1216.0,2.0,72.5
7610,Whitefield,3,2025.0,4.0,115.0
7611,Whitefield,3,1346.0,2.0,100.0
7615,Whitefield,4,2990.0,3.0,198.0
7618,Whitefield,3,1720.0,3.0,98.97
7619,Whitefield,3,1600.0,3.0,95.0
7620,Whitefield,3,1655.0,3.0,108.0
7621,Whitefield,3,1740.0,3.0,95.0
7623,Whitefield,2,1350.0,2.0,88.0
7625,Whitefield,2,1216.0,2.0,80.0
7626,Whitefield,4,2900.0,4.0,225.0
7627,Whitefield,2,1340.0,2.0,101.0
7629,Whitefield,3,1500.0,3.0,78.57
7630,Whitefield,3,1626.0,3.0,85.0
7632,Whitefield,2,1100.0,2.0,65.0
7634,Whitefield,3,1270.0,2.0,65.0
7635,Whitefield,3,3117.0,3.0,261.0
7636,Whitefield,2,1216.0,2.0,73.0
7638,Whitefield,3,3150.0,3.0,290.0
7640,Whitefield,4,2956.0,5.0,234.0
7644,Whitefield,3,2247.0,3.0,145.0
7645,Whitefield,4,3940.0,5.0,265.0
7647,Whitefield,2,1160.0,2.0,67.0
7649,Whitefield,2,1180.0,2.0,77.0
7650,Whitefield,3,2140.0,3.0,139.0
7651,Whitefield,2,1314.0,2.0,84.0
7658,Whitefield,3,1431.0,3.0,85.0
7659,Whitefield,1,524.0,1.0,29.0
7660,Whitefield,4,2830.0,4.0,161.0
7661,Whitefield,4,2135.0,3.0,149.0
7663,Whitefield,4,3075.0,2.0,188.0
7664,Whitefield,3,1760.0,3.0,160.0
7665,Whitefield,3,1655.0,3.0,110.0
7666,Whitefield,1,840.0,1.0,57.0
7667,Whitefield,3,1725.0,3.0,106.0
7670,Whitefield,1,516.0,1.0,39.0
7672,Whitefield,4,6000.0,4.0,410.0
7673,Whitefield,3,1639.0,3.0,107.0
7674,Whitefield,3,1820.0,3.0,113.0
7676,Whitefield,4,3565.0,4.0,218.0
7677,Whitefield,4,3410.0,5.0,253.0
7680,Whitefield,4,4500.0,4.0,330.0
7681,Whitefield,2,1250.0,2.0,85.0
7683,Whitefield,2,1277.0,2.0,77.0
7684,Whitefield,3,1820.0,3.0,140.0
7685,Whitefield,4,3453.0,4.0,247.0
7691,Whitefield,3,2280.0,4.0,125.0
7692,Whitefield,4,2882.0,5.0,200.0
7694,Whitefield,3,1639.5,3.0,92.63
7697,Whitefield,2,1190.0,2.0,70.0
7699,Whitefield,2,1270.0,2.0,94.0
7700,Whitefield,2,1220.0,2.0,89.0
7703,Whitefield,3,3758.0,3.0,300.0
7708,Whitefield,2,1216.0,2.0,72.0
7710,Whitefield,4,5400.0,5.0,475.0
7711,Whitefield,3,1396.0,3.0,74.0
7720,Whitefield,3,1615.0,3.0,96.9
7726,Whitefield,2,1200.0,2.0,70.0
7729,Whitefield,2,1216.0,2.0,75.0
7731,Whitefield,3,2321.0,4.0,157.0
7732,Whitefield,2,1224.0,2.0,75.0
7733,Whitefield,3,1655.0,3.0,113.0
7735,Whitefield,5,4144.0,5.0,331.0
7738,Whitefield,3,1200.0,3.0,67.75
7739,Whitefield,4,2444.0,4.0,145.0
7740,Whitefield,2,1270.0,2.0,110.0
7741,Whitefield,3,1660.0,3.0,110.0
7742,Whitefield,2,1270.0,2.0,105.0
7744,Whitefield,2,1173.0,2.0,78.2
7745,Whitefield,2,1362.0,2.0,85.0
7747,Whitefield,3,1457.0,2.0,105.0
7748,Whitefield,3,1720.0,3.0,128.0
7752,Whitefield,3,1564.0,3.0,103.0
7756,Whitefield,3,1639.0,3.0,107.0
7757,Whitefield,3,1760.0,3.0,139.0
7758,Whitefield,1,613.0,1.0,48.0
7759,Whitefield,3,1730.0,3.0,125.0
7761,Whitefield,1,877.0,1.0,59.0
7765,Yelachenahalli,3,1464.0,2.0,105.0
7766,Yelachenahalli,2,2400.0,1.0,150.0
7767,Yelachenahalli,3,1700.0,3.0,130.0
7768,Yelachenahalli,2,1080.0,2.0,55.0
7769,Yelachenahalli,2,1400.0,2.0,78.0
7770,Yelachenahalli,3,1330.0,3.0,73.5
7771,Yelachenahalli,2,800.0,1.0,30.0
7772,Yelachenahalli,2,1100.0,2.0,60.0
7773,Yelachenahalli,3,1365.0,2.0,72.0
7774,Yelachenahalli,2,1103.0,2.0,55.0
7775,Yelachenahalli,2,1000.0,2.0,50.0
7777,Yelahanka,2,1326.0,2.0,78.0
7784,Yelahanka,3,1705.0,3.0,95.0
7785,Yelahanka,2,1234.0,2.0,80.0
7786,Yelahanka,2,1315.0,2.0,85.0
7787,Yelahanka,2,1170.0,2.0,62.5
7789,Yelahanka,1,697.0,1.0,45.0
7792,Yelahanka,3,2195.0,4.0,127.0
7794,Yelahanka,3,1614.0,3.0,95.0
7796,Yelahanka,1,628.0,1.0,24.0
7799,Yelahanka,1,654.0,1.0,38.4
7807,Yelahanka,3,1825.0,3.0,105.0
7808,Yelahanka,3,1603.0,3.0,96.0
7809,Yelahanka,2,1304.0,2.0,79.0
7815,Yelahanka,3,1517.0,3.0,76.3
7819,Yelahanka,2,1327.0,2.0,85.0
7822,Yelahanka,3,1566.0,3.0,97.0
7824,Yelahanka,2,1270.0,2.0,78.0
7825,Yelahanka,3,1400.0,2.0,80.54
7827,Yelahanka,2,1322.0,2.0,86.0
7828,Yelahanka,2,1100.0,2.0,70.0
7829,Yelahanka,2,1200.0,2.0,70.0
7831,Yelahanka,5,4000.0,5.0,220.0
7832,Yelahanka,4,2675.0,4.0,140.0
7834,Yelahanka,1,654.0,1.0,37.0
7835,Yelahanka,3,1465.0,3.0,80.01
7839,Yelahanka,3,1692.0,3.0,83.0
7844,Yelahanka,3,2145.0,3.0,125.0
7846,Yelahanka,2,1322.0,2.0,75.0
7849,Yelahanka,1,602.0,1.0,26.0
7850,Yelahanka,2,1100.0,2.0,60.0
7851,Yelahanka,3,1614.0,2.0,100.0
7852,Yelahanka,3,1890.0,3.0,108.0
7853,Yelahanka,3,1556.0,3.0,86.0
7854,Yelahanka,3,1610.0,4.0,85.0
7860,Yelahanka,3,1859.0,3.0,108.0
7862,Yelahanka,2,1322.0,2.0,80.0
7865,Yelahanka,4,2600.0,4.0,175.0
7866,Yelahanka,2,1305.0,2.0,78.0
7868,Yelahanka,3,1711.0,3.0,85.61
7869,Yelahanka,2,1315.0,2.0,75.0
7870,Yelahanka,6,3600.0,6.0,200.0
7872,Yelahanka,3,1614.0,3.0,95.0
7873,Yelahanka,3,1650.0,3.0,105.0
7878,Yelahanka,4,3990.0,4.0,260.0
7879,Yelahanka,3,1620.0,3.0,90.0
7880,Yelahanka,1,654.0,1.0,36.25
7881,Yelahanka,3,1614.0,3.0,93.0
7882,Yelahanka,1,694.0,1.0,30.84
7883,Yelahanka,2,1115.0,2.0,60.0
7884,Yelahanka,3,2317.0,4.0,140.0
7885,Yelahanka,3,1653.0,3.0,93.0
7886,Yelahanka,1,654.0,1.0,38.0
7888,Yelahanka,2,1445.0,2.0,82.0
7890,Yelahanka,1,602.0,1.0,38.0
7891,Yelahanka,1,697.0,1.0,35.0
7893,Yelahanka,1,682.0,1.0,36.23
7895,Yelahanka,3,1560.0,2.0,98.0
7896,Yelahanka,3,1780.0,3.0,107.0
7897,Yelahanka,3,1342.0,2.0,75.0
7898,Yelahanka,3,1823.0,3.0,103.0
7899,Yelahanka,3,1792.0,3.0,104.0
7900,Yelahanka,2,1304.0,2.0,69.97
7903,Yelahanka,2,1300.0,2.0,69.23
7904,Yelahanka,3,1705.0,3.0,91.0
7906,Yelahanka,3,1835.0,3.0,108.0
7907,Yelahanka,3,1847.0,3.0,92.0
7909,Yelahanka,3,1890.0,3.0,109.0
7910,Yelahanka,1,700.0,1.0,38.0
7911,Yelahanka,3,1491.0,3.0,85.0
7912,Yelahanka,4,2088.0,5.0,110.0
7915,Yelahanka,4,3019.0,6.0,190.0
7917,Yelahanka,3,1600.0,3.0,100.0
7921,Yelahanka,3,1705.0,3.0,85.0
7922,Yelahanka,3,1350.0,2.0,85.0
7923,Yelahanka,3,1633.0,3.0,110.0
7924,Yelahanka,1,827.5,1.0,42.535
7926,Yelahanka,3,1355.0,2.0,75.0
7929,Yelahanka,2,1104.0,2.0,58.0
7931,Yelahanka,2,1175.0,2.0,67.77
7932,Yelahanka,2,1322.0,2.0,77.9
7933,Yelahanka,1,602.0,1.0,33.0
7934,Yelahanka,2,1315.0,2.0,77.0
7937,Yelahanka,1,567.0,1.0,25.0
7939,Yelahanka,1,602.0,2.0,30.0
7941,Yelahanka,2,1234.0,2.0,80.0
7944,Yelahanka,2,1267.0,3.0,78.0
7945,Yelahanka,2,1360.0,2.0,78.19
7947,Yelahanka New Town,1,650.0,1.0,33.0
7948,Yelahanka New Town,1,500.0,1.0,20.0
7949,Yelahanka New Town,1,440.0,1.0,16.5
7950,Yelahanka New Town,3,1610.0,3.0,92.0
7951,Yelahanka New Town,3,1700.0,3.0,90.0
7952,Yelahanka New Town,1,650.0,1.0,20.0
7953,Yelahanka New Town,1,350.0,1.0,13.5
7955,Yelahanka New Town,2,1385.0,2.0,65.0
7956,Yelahanka New Town,1,500.0,2.0,24.0
7957,Yelahanka New Town,1,650.0,1.0,17.0
7958,Yelahanka New Town,1,450.0,1.0,16.0
7960,Yelahanka New Town,2,960.0,2.0,50.0
7962,Yelahanka New Town,3,1209.0,2.0,65.0
7963,Yelahanka New Town,3,1400.0,2.0,80.0
7964,Yelahanka New Town,1,450.0,1.0,15.0
7965,Yelahanka New Town,1,500.0,1.0,18.0
7966,Yelahanka New Town,3,1420.0,2.0,75.0
7968,Yelahanka New Town,2,2200.0,2.0,180.0
7969,Yelahanka New Town,1,488.0,1.0,20.0
7970,Yelahanka New Town,2,1100.0,2.0,58.0
7973,Yelahanka New Town,2,1000.0,2.0,44.0
7974,Yelahanka New Town,1,650.0,1.0,18.0
7976,Yelahanka New Town,3,1740.0,3.0,150.0
7977,Yelahanka New Town,2,1290.0,2.0,70.0
7979,Yelenahalli,2,1240.0,2.0,47.12
7980,Yelenahalli,2,1200.0,2.0,46.17
7982,Yelenahalli,2,1260.0,2.0,47.88
7984,Yelenahalli,2,1175.0,2.0,50.0
7985,Yelenahalli,3,1650.0,3.0,68.0
7986,Yelenahalli,2,1200.0,2.0,45.6
7987,Yelenahalli,2,1200.0,2.0,46.17
7988,Yelenahalli,2,1160.0,2.0,44.08
7990,Yeshwanthpur,3,1693.0,3.0,108.0
7991,Yeshwanthpur,1,667.0,1.0,36.85
7992,Yeshwanthpur,4,1950.0,4.0,130.0
7994,Yeshwanthpur,1,665.0,1.0,36.85
7998,Yeshwanthpur,1,671.0,1.0,36.85
7999,Yeshwanthpur,2,1277.5,2.0,95.815
8000,Yeshwanthpur,1,668.0,1.0,36.85
8001,Yeshwanthpur,2,1185.0,2.0,75.84
8002,Yeshwanthpur,2,1195.0,2.0,100.0
8003,Yeshwanthpur,3,1313.0,3.0,96.0
8004,Yeshwanthpur,2,1400.0,2.0,100.0
8007,Yeshwanthpur,1,673.0,1.0,36.85
8008,Yeshwanthpur,2,717.0,2.0,49.475
8011,Yeshwanthpur,1,605.0,1.0,41.745
8013,Yeshwanthpur,1,669.0,1.0,36.85
8015,Yeshwanthpur,3,3027.0,4.0,260.0
8018,Yeshwanthpur,1,670.0,1.0,36.85
8021,Yeshwanthpur,2,1240.0,2.0,80.0
8022,Yeshwanthpur,3,1713.0,3.0,110.0
8023,Yeshwanthpur,2,1144.0,2.0,67.0
8024,Yeshwanthpur,2,1541.0,2.0,130.0
8026,Yeshwanthpur,2,1362.0,2.0,100.0
8027,Yeshwanthpur,1,666.0,1.0,36.8
8028,Yeshwanthpur,3,1855.0,3.0,140.0
8030,Yeshwanthpur,2,1165.0,2.0,85.0
8033,Yeshwanthpur,3,1825.0,3.0,145.0
8035,Yeshwanthpur,1,994.0,2.0,54.67
8036,Yeshwanthpur,1,650.0,1.0,40.0
8037,Yeshwanthpur,3,1855.0,3.0,140.0
8038,Yeshwanthpur,3,1500.0,3.0,100.0
8043,Yeshwanthpur,1,674.0,1.0,36.85
8045,Yeshwanthpur,1,672.0,1.0,36.85
8048,Yeshwanthpur,2,1195.0,2.0,100.0
8049,Yeshwanthpur,3,1692.0,3.0,108.0
8051,Yeshwanthpur,6,2500.0,5.0,185.0
8056,Yeshwanthpur,3,1855.0,3.0,135.0
8057,Yeshwanthpur,3,1876.0,3.0,160.0
8059,other,3,2770.0,4.0,290.0
8061,other,1,510.0,1.0,25.25
8065,other,2,1500.0,2.0,185.0
8066,other,2,840.0,2.0,45.0
8067,other,3,4395.0,3.0,240.0
8068,other,3,2511.0,3.0,205.0
8069,other,3,1660.0,2.0,105.0
8071,other,2,1200.0,2.0,65.0
8072,other,3,1200.0,3.0,90.0
8076,other,2,782.0,2.0,55.68
8077,other,3,1800.0,3.0,120.0
8078,other,3,1413.0,2.0,75.0
8079,other,2,945.0,2.0,54.0
8080,other,3,1870.0,3.0,110.0
8081,other,3,1260.0,2.0,85.05
8083,other,3,2795.0,4.0,235.0
8085,other,3,1904.0,3.0,150.0
8086,other,3,2000.0,3.0,175.0
8089,other,3,1500.0,3.0,100.0
8091,other,3,1783.0,3.0,115.0
8092,other,3,912.0,2.0,70.0
8095,other,3,1580.0,3.0,100.0
8096,other,3,1415.0,3.0,78.0
8098,other,3,2405.0,4.0,260.0
8099,other,2,1500.0,2.0,115.0
8104,other,2,1060.0,2.0,60.0
8105,other,8,2600.0,8.0,180.0
8107,other,2,1285.0,2.0,72.5
8108,other,3,4050.0,3.0,280.0
8111,other,2,1280.0,2.0,69.0
8112,other,3,3045.0,3.0,170.0
8115,other,2,900.0,2.0,110.0
8120,other,3,1560.0,3.0,115.0
8123,other,4,1200.0,4.0,165.0
8125,other,3,1645.0,3.0,95.0
8126,other,2,1200.0,2.0,79.0
8128,other,3,1350.0,2.0,140.0
8129,other,3,1800.0,3.0,150.0
8131,other,3,1762.0,3.0,125.0
8133,other,3,1200.0,3.0,90.0
8134,other,3,2023.71,3.0,275.0
8140,other,3,2150.0,4.0,240.0
8143,other,4,3309.0,4.0,325.0
8144,other,11,5000.0,9.0,360.0
8146,other,2,1150.0,2.0,126.0
8149,other,2,1200.0,2.0,74.0
8152,other,3,1753.0,3.0,120.0
8153,other,2,1000.0,2.0,53.0
8154,other,2,720.0,2.0,45.0
8157,other,4,1200.0,3.0,165.0
8158,other,1,700.0,1.0,41.0
8160,other,3,1595.0,3.0,115.0
8161,other,2,1353.0,2.0,110.0
8162,other,1,1200.0,2.0,85.0
8165,other,3,1325.0,2.0,90.0
8168,other,2,1056.0,2.0,80.0
8171,other,3,1544.0,3.0,120.0
8172,other,2,1200.0,2.0,65.0
8173,other,1,540.0,1.0,36.0
8174,other,3,1578.0,3.0,180.0
8176,other,2,1600.0,2.0,115.0
8177,other,1,416.0,1.0,18.5
8180,other,1,834.0,1.0,60.0
8181,other,3,1125.0,4.0,70.0
8182,other,4,3000.0,5.0,260.0
8183,other,6,2160.0,5.0,250.0
8185,other,1,469.0,1.0,25.0
8190,other,2,1630.0,2.0,200.0
8192,other,3,1200.0,2.0,70.0
8193,other,3,1350.0,3.0,77.0
8194,other,4,4046.0,4.0,445.0
8195,other,3,1180.0,2.0,78.34
8196,other,2,1355.0,2.0,115.0
8197,other,1,600.0,1.0,50.0
8198,other,3,1875.0,3.0,165.0
8199,other,2,600.0,2.0,55.0
8202,other,3,1750.0,3.0,120.0
8205,other,3,1092.0,2.0,98.5
8211,other,1,425.0,1.0,20.03
8213,other,1,600.0,1.0,60.0
8214,other,2,1468.0,2.0,140.0
8215,other,4,4300.0,5.0,550.0
8217,other,2,775.0,2.0,55.0
8219,other,1,445.0,1.0,28.0
8221,other,3,1352.0,3.0,135.0
8223,other,4,1200.0,3.0,95.0
8224,other,3,1976.0,3.0,184.0
8225,other,4,5500.0,4.0,600.0
8226,other,3,1200.0,3.0,95.0
8229,other,2,1180.0,2.0,69.0
8230,other,1,686.0,1.0,17.0
8231,other,4,1500.0,4.0,180.0
8233,other,2,1282.0,2.0,87.0
8235,other,3,1500.0,2.0,95.0
8236,other,2,1300.0,1.0,115.0
8237,other,1,530.0,1.0,20.0
8238,other,2,1350.0,2.0,80.0
8240,other,8,2400.0,6.0,125.0
8242,other,2,1141.0,2.0,62.0
8245,other,1,950.0,1.0,40.0
8251,other,3,1480.0,3.0,90.0
8252,other,3,1600.0,3.0,90.0
8253,other,4,1200.0,4.0,135.0
8254,other,3,1500.0,3.0,115.0
8255,other,3,1824.0,3.0,125.0
8256,other,1,750.0,1.0,56.25
8263,other,4,6000.0,5.0,400.0
8264,other,3,2400.0,3.0,170.0
8266,other,3,1500.0,2.0,98.0
8267,other,3,3095.0,3.0,350.0
8269,other,1,1200.0,1.0,28.0
8270,other,3,1500.0,3.0,100.0
8272,other,5,1560.0,5.0,145.0
8274,other,3,1560.0,3.0,188.0
8276,other,1,485.0,1.0,15.0
8282,other,3,1200.0,3.0,130.0
8283,other,2,1050.0,2.0,67.0
8284,other,3,1596.0,3.0,105.0
8287,other,3,1200.0,3.0,85.0
8288,other,2,1132.0,2.0,67.0
8290,other,3,1515.0,3.0,88.0
8293,other,2,1380.0,2.0,80.0
8296,other,4,4346.0,5.0,500.0
8297,other,1,510.0,1.0,25.25
8299,other,3,2200.0,3.0,187.0
8300,other,3,3329.0,3.0,330.0
8301,other,4,3600.0,4.0,300.0
8302,other,4,3500.0,3.0,450.0
8304,other,2,1093.0,2.0,65.0
8306,other,3,1535.0,3.0,95.0
8308,other,2,1100.0,2.0,62.7
8311,other,3,2197.0,4.0,280.0
8313,other,4,1600.0,3.0,172.0
8314,other,3,1450.0,2.0,85.0
8315,other,4,2000.0,3.0,166.0
8319,other,3,1756.0,3.0,100.0
8320,other,3,1532.0,3.0,92.0
8321,other,3,1650.0,3.0,110.0
8322,other,2,1200.0,2.0,66.0
8324,other,3,1525.0,2.0,122.0
8328,other,4,2400.0,3.0,200.0
8329,other,2,1000.0,2.0,130.0
8331,other,2,3040.0,1.0,180.0
8333,other,3,1390.0,3.0,120.0
8335,other,2,1135.0,2.0,68.0
8336,other,2,900.0,2.0,55.0
8340,other,3,2500.0,3.0,250.0
8344,other,2,1269.72,2.0,68.0
8345,other,3,1168.0,3.0,70.0
8347,other,4,2100.0,4.0,155.0
8349,other,3,1515.0,3.0,93.93
8354,other,6,2700.0,4.0,214.0
8355,other,3,2000.0,3.0,210.0
8356,other,5,2400.0,4.0,300.0
8357,other,3,1760.0,3.0,176.0
8358,other,1,595.0,1.0,42.0
8363,other,2,1170.0,2.0,86.0
8364,other,4,2200.0,4.0,235.0
8372,other,3,1650.0,3.0,175.0
8374,other,3,1670.0,3.0,91.86
8378,other,3,1250.0,2.0,80.0
8379,other,3,1650.0,4.0,160.0
8380,other,2,800.0,2.0,50.0
8381,other,2,1225.0,2.0,150.0
8383,other,4,3675.0,4.0,367.0
8384,other,2,1200.0,2.0,150.0
8387,other,2,1350.0,2.0,80.0
8389,other,3,1614.0,3.0,110.0
8390,other,2,1188.0,2.0,73.0
8391,other,3,1480.0,3.0,90.0
8392,other,2,680.0,2.0,42.0
8394,other,2,955.0,2.0,53.55
8396,other,3,2479.13,3.0,215.0
8397,other,2,1100.0,2.0,106.0
8400,other,3,1925.0,3.0,120.0
8401,other,1,650.0,1.0,26.0
8403,other,3,2000.0,3.0,207.0
8404,other,2,1050.0,2.0,110.0
8411,other,3,1685.0,2.0,110.0
8413,other,3,1550.0,3.0,110.0
8414,other,1,500.0,1.0,20.0
8416,other,3,3155.0,4.0,370.0
8417,other,3,1765.0,3.0,105.0
8418,other,2,1265.0,2.0,70.0
8419,other,2,1012.0,2.0,59.0
8420,other,3,2045.0,4.0,154.0
8422,other,6,2400.0,4.0,280.0
8423,other,1,581.91,2.0,25.0
8424,other,3,1158.0,2.0,85.0
8427,other,4,4750.0,5.0,600.0
8428,other,3,1840.0,3.0,155.0
8429,other,2,1350.0,2.0,185.0
8430,other,2,824.0,2.0,60.0
8431,other,3,1340.0,2.0,100.0
8432,other,3,1620.0,2.0,110.0
8433,other,3,1533.0,3.0,115.0
8434,other,3,1560.0,3.0,85.0
8436,other,1,750.0,1.0,25.0
8437,other,3,1375.0,2.0,85.0
8444,other,3,1500.0,3.0,88.0
8446,other,2,1140.0,2.0,76.0
8447,other,2,1198.0,2.0,84.0
8448,other,4,4000.0,4.0,520.0
8450,other,2,1370.0,2.0,75.0
8453,other,2,1000.0,1.0,55.0
8454,other,2,1200.0,2.0,125.0
8458,other,1,1050.0,1.0,70.0
8459,other,3,1200.0,2.0,80.0
8467,other,1,400.0,1.0,14.0
8469,other,5,1575.0,4.0,150.0
8471,other,4,4800.0,5.0,629.0
8472,other,2,1200.0,2.0,70.0
8475,other,2,1300.0,2.0,79.0
8477,other,4,3500.0,4.0,350.0
8479,other,3,1000.0,2.0,110.0
8481,other,2,1000.0,2.0,53.0
8486,other,3,2400.0,3.0,260.0
8487,other,3,1533.0,3.0,85.0
8490,other,2,1452.55,2.0,110.0
8491,other,3,2357.0,3.0,151.0
8492,other,2,1170.0,2.0,105.0
8493,other,3,1411.0,3.0,91.72
8495,other,3,3095.0,3.0,375.0
8497,other,3,1100.0,3.0,78.0
8499,other,4,3600.0,4.0,365.0
8502,other,3,1945.0,3.0,120.0
8504,other,3,1650.0,3.0,165.0
8505,other,1,351.0,1.0,16.0
8506,other,3,1550.0,2.0,150.0
8508,other,3,1150.0,2.0,75.0
8509,other,3,1200.0,3.0,74.0
8510,other,3,1229.0,3.0,86.03
8511,other,2,1030.0,2.0,61.0
8512,other,1,600.0,1.0,32.0
8513,other,2,1165.0,2.0,135.0
8516,other,4,3000.0,4.0,240.0
8518,other,2,1315.0,2.0,90.0
8519,other,2,1210.0,2.0,72.0
8520,other,6,11338.0,9.0,1000.0
8523,other,2,1170.0,2.0,68.0
8524,other,2,1600.0,2.0,110.0
8526,other,3,1370.0,2.0,75.0
8529,other,3,1700.0,3.0,97.0
8530,other,3,1900.0,3.0,160.0
8532,other,2,1100.0,2.0,75.0
8533,other,3,1929.0,3.0,115.0
8534,other,4,3161.0,4.0,214.0
8536,other,3,3515.0,3.0,420.0
8538,other,2,1100.0,2.0,70.0
8540,other,1,440.0,1.0,28.0
8543,other,1,700.0,1.0,41.0
8548,other,3,3000.0,3.0,250.0
8549,other,2,1100.0,2.0,61.0
8550,other,1,1260.0,1.0,41.0
8551,other,1,1500.0,1.0,37.5
8552,other,1,600.0,1.0,17.0
8554,other,2,1165.0,2.0,75.0
8555,other,3,1272.0,4.0,75.0
8557,other,5,1600.0,5.0,140.0
8559,other,3,1000.0,2.0,65.0
8561,other,3,2400.0,4.0,325.0
8562,other,2,1463.0,1.0,142.0
8564,other,3,2401.0,3.0,185.0
8565,other,3,1875.0,2.0,235.0
8567,other,1,890.0,1.0,75.0
8570,other,3,2400.0,3.0,290.0
8572,other,3,1690.0,3.0,100.0
8575,other,2,1350.0,2.0,90.0
8576,other,3,1460.0,3.0,88.0
8577,other,3,1685.0,3.0,95.0
8578,other,1,800.0,1.0,52.0
8579,other,4,4000.0,5.0,280.0
8581,other,2,792.0,2.0,70.0
8583,other,5,2400.0,5.0,235.0
8586,other,1,461.82,1.0,31.7
8587,other,3,1500.0,2.0,85.0
8590,other,2,1260.0,2.0,75.0
8592,other,10,12000.0,12.0,525.0
8594,other,3,2820.0,3.0,285.0
8595,other,3,1950.0,3.0,130.0
8597,other,3,1350.0,2.0,140.0
8598,other,4,4051.0,4.0,345.0
8599,other,3,2100.0,3.0,170.0
8600,other,3,1991.0,3.0,160.0
8602,other,3,1200.0,3.0,66.0
8604,other,4,3000.0,4.0,342.0
8605,other,6,2400.0,6.0,245.0
8607,other,2,1375.0,2.0,105.0
8608,other,3,1693.0,3.0,108.0
8615,other,3,1150.0,2.0,77.5
8619,other,2,1058.0,2.0,60.0
8620,other,1,900.0,1.0,30.0
8621,other,3,1672.0,3.0,150.0
8624,other,3,1250.0,3.0,139.0
8625,other,2,1468.0,3.0,130.0
8629,other,3,1480.0,2.0,145.0
8632,other,3,2280.0,3.0,285.0
8633,other,3,2000.0,3.0,200.0
8635,other,3,1080.0,2.0,75.0
8636,other,3,2400.0,2.0,150.0
8638,other,2,1125.0,2.0,75.0
8639,other,3,1596.0,3.0,95.0
8640,other,3,1639.0,3.0,123.0
8642,other,3,1740.0,3.0,199.0
8643,other,3,1372.0,2.0,90.0
8645,other,5,6200.0,5.0,720.0
8648,other,2,925.0,2.0,63.0
8649,other,4,1200.0,3.0,95.0
8650,other,2,1200.0,2.0,79.0
8651,other,3,2500.0,3.0,270.0
8652,other,4,1584.0,3.0,145.0
8653,other,3,1570.0,3.0,115.0
8657,other,3,1750.0,3.0,180.0
8658,other,2,1500.0,1.0,160.0
8659,other,6,2100.0,6.0,275.0
8661,other,1,705.0,1.0,36.5
8662,other,3,1340.0,3.0,77.0
8665,other,1,1260.0,1.0,41.0
8666,other,2,1200.0,2.0,125.0
8667,other,4,1270.0,2.0,175.0
8668,other,3,1200.0,3.0,130.0
8669,other,4,3595.0,6.0,360.0
8671,other,4,3100.0,5.0,385.0
8673,other,4,1200.0,4.0,150.0
8674,other,3,3259.0,3.0,270.0
8677,other,1,596.0,1.0,42.0
8678,other,16,10000.0,16.0,550.0
8679,other,4,1200.0,4.0,110.0
8680,other,3,1910.0,3.0,190.0
8683,other,3,1750.0,3.0,149.0
8685,other,2,985.0,2.0,63.0
8686,other,2,1300.0,2.0,129.0
8687,other,3,1490.0,2.0,88.0
8690,other,1,650.0,1.0,30.0
8691,other,3,1500.0,2.0,89.99
8692,other,1,910.0,1.0,42.0
8695,other,1,532.0,1.0,22.49
8696,other,3,1060.0,3.0,62.0
8698,other,2,1550.0,2.0,160.0
8702,other,2,1000.0,2.0,80.0
8704,other,3,1500.0,2.0,97.0
8705,other,3,1865.0,4.0,140.0
8707,other,4,3500.0,4.0,245.0
8711,other,3,1320.0,2.0,73.0
8712,other,6,2150.0,6.0,205.0
8715,other,2,675.0,3.0,52.0
8716,other,3,1801.0,3.0,139.0
8718,other,4,2990.0,4.0,324.0
8719,other,2,2400.0,2.0,160.0
8721,other,2,1150.0,2.0,75.0
8722,other,3,1200.0,3.0,165.0
8729,other,3,1390.0,2.0,80.0
8730,other,3,1550.0,2.0,90.0
8732,other,4,1500.0,4.0,110.0
8734,other,3,1839.0,3.0,165.0
8736,other,2,900.0,2.0,70.0
8738,other,3,1500.0,3.0,149.0
8741,other,1,750.0,2.0,50.0
8742,other,2,600.0,3.0,75.0
8746,other,1,1500.0,1.0,19.5
8748,other,2,1200.0,2.0,70.0
8749,other,2,1200.0,2.0,160.0
8750,other,3,1904.0,3.0,155.0
8751,other,3,2770.0,4.0,315.0
8752,other,1,813.0,1.0,39.0
8755,other,3,1630.0,2.0,97.78
8756,other,4,2425.0,4.0,173.0
8760,other,2,1280.0,2.0,75.0
8761,other,1,735.0,1.0,75.0
8762,other,1,500.0,1.0,24.0
8764,other,3,1200.0,4.0,145.0
8765,other,2,1200.0,2.0,100.0
8766,other,3,1200.0,3.0,160.0
8767,other,3,1265.0,2.0,82.0
8771,other,4,2360.0,4.0,150.0
8772,other,2,1030.0,2.0,77.25
8774,other,3,2000.0,3.0,160.0
8775,other,3,1575.0,3.0,93.0
8776,other,3,1300.0,2.0,70.0
8778,other,2,1380.0,2.0,75.0
8783,other,3,3100.0,3.0,250.0
8784,other,2,1190.0,2.0,100.0
8785,other,3,1827.0,3.0,100.0
8786,other,3,1500.0,3.0,95.0
8787,other,2,1180.0,2.0,63.0
8792,other,3,1645.0,3.0,95.0
8793,other,4,1200.0,4.0,140.0
8796,other,2,1097.0,2.0,65.0
8797,other,4,1600.0,3.0,165.0
8799,other,2,900.0,2.0,110.0
8800,other,2,1200.0,2.0,125.0
8801,other,2,1355.0,2.0,75.0
8803,other,4,7500.0,4.0,900.0
8806,other,4,4104.0,4.0,360.0
8809,other,2,2080.0,2.0,150.0
8810,other,2,1505.0,2.0,90.0
8811,other,3,1200.0,3.0,95.75
8812,other,3,1810.0,4.0,148.0
8814,other,3,1530.0,2.0,97.0
8819,other,3,1500.0,2.0,130.0
8823,other,3,1533.0,3.0,150.0
8825,other,2,745.0,2.0,50.0
8827,other,2,1355.0,2.0,95.0
8828,other,1,833.0,1.0,49.0
8830,other,4,3000.0,5.0,270.0
8831,other,2,1220.0,2.0,68.0
8832,other,4,3811.0,3.0,475.0
8833,other,3,1545.0,3.0,85.0
8835,other,2,1350.0,2.0,110.0
8837,other,3,1200.0,2.0,68.0
8839,other,5,2000.0,4.0,180.0
8843,other,4,1280.0,4.0,115.0
8844,other,3,1200.0,3.0,85.0
8846,other,3,1655.0,3.0,155.0
8847,other,2,1150.0,2.0,74.0
8849,other,3,1200.0,2.0,108.0
8850,other,2,1200.0,2.0,75.0
8855,other,2,1500.0,2.0,203.0
8857,other,4,1350.0,4.0,85.0
8858,other,9,4500.0,9.0,500.0
8861,other,3,1550.0,3.0,160.0
8864,other,3,1758.0,3.0,95.0
8865,other,4,3179.0,5.0,351.0
8867,other,2,1200.0,3.0,85.0
8869,other,3,1800.0,3.0,140.0
8872,other,4,3900.0,4.0,333.0
8873,other,3,2400.0,4.0,200.0
8874,other,3,1645.0,3.0,87.5
8876,other,3,2600.0,3.0,140.0
8877,other,2,950.0,2.0,60.0
8883,other,3,1900.0,3.0,205.0
8885,other,3,1402.0,2.0,85.0
8887,other,3,2100.0,3.0,240.0
8891,other,3,1200.0,3.0,140.0
8892,other,2,814.0,2.0,55.0
8895,other,1,435.0,1.0,19.5
8896,other,3,1590.0,3.0,120.0
8899,other,3,1450.0,2.0,89.6
8901,other,2,1340.0,2.0,77.0
8904,other,3,1665.0,3.0,105.0
8906,other,4,2300.0,4.0,200.0
8907,other,2,1210.0,2.0,76.0
8912,other,2,1065.0,2.0,58.0
8915,other,3,1636.0,3.0,97.0
8916,other,4,3600.0,4.0,450.0
8919,other,3,1200.0,3.0,72.0
8923,other,2,1000.0,1.0,75.0
8925,other,1,905.0,1.0,52.0
8927,other,2,1170.0,2.0,86.0
8928,other,4,4830.0,5.0,390.0
8929,other,2,850.0,2.0,75.0
8932,other,3,2065.0,3.0,130.0
8933,other,2,1150.0,2.0,125.0
8936,other,3,2550.0,4.0,290.0
8937,other,1,615.0,1.0,24.0
8938,other,4,3080.0,2.0,285.0
8940,other,4,3400.0,6.0,420.0
8941,other,1,450.0,1.0,25.0
8942,other,2,1100.0,2.0,85.0
8946,other,2,1036.0,2.0,110.0
8950,other,4,1376.0,4.0,156.0
8955,other,2,1080.0,2.0,62.0
8959,other,3,1475.0,2.0,200.0
8960,other,3,1200.0,3.0,96.25
8961,other,1,412.5,1.0,19.8
8962,other,4,2631.0,3.0,200.0
8963,other,2,830.0,2.0,60.0
8964,other,2,1500.0,2.0,88.0
8966,other,2,856.0,2.0,48.0
8968,other,2,1117.0,2.0,110.0
8969,other,1,600.0,1.0,43.0
8973,other,3,1200.0,3.0,70.0
8974,other,4,2675.0,4.0,290.0
8978,other,3,1477.0,2.0,80.0
8979,other,4,3500.0,5.0,450.0
8980,other,3,1793.0,3.0,98.0
8984,other,2,1020.0,2.0,62.0
8985,other,4,3563.0,6.0,310.0
8987,other,4,3300.0,5.0,318.0
8988,other,3,1200.0,3.0,165.0
8992,other,3,1718.0,3.0,223.0
8993,other,3,1200.0,2.0,75.0
8994,other,2,985.0,2.0,55.0
8999,other,2,1030.0,2.0,80.0
9000,other,2,1150.0,2.0,69.0
9003,other,3,1500.0,2.0,90.0
9004,other,2,900.0,2.0,55.0
9009,other,4,1750.0,2.0,225.0
9011,other,2,1100.0,2.0,78.0
9012,other,2,1180.0,2.0,74.0
9014,other,3,1540.0,3.0,85.0
9016,other,3,1800.0,3.0,230.0
9018,other,3,2000.0,3.0,120.0
9019,other,3,2000.0,3.0,145.0
9020,other,1,500.0,1.0,15.0
9026,other,4,3160.0,4.0,206.0
9027,other,2,922.0,2.0,70.0
9028,other,2,850.0,2.0,72.0
9029,other,2,1200.0,1.0,65.0
9031,other,2,1233.0,2.0,100.0
9039,other,3,1936.0,3.0,110.0
9040,other,3,1652.5,3.0,90.0
9042,other,3,1500.0,3.0,138.0
9043,other,2,700.0,2.0,43.0
9044,other,3,1750.0,3.0,170.0
9045,other,3,1365.0,3.0,99.0
9048,other,2,708.0,1.0,55.0
9049,other,3,1680.0,3.0,135.0
9050,other,2,990.0,2.0,58.0
9051,other,2,1240.0,2.0,100.0
9052,other,3,1810.0,3.0,118.0
9053,other,3,2005.0,3.0,240.0
9056,other,2,1000.0,2.0,97.0
9059,other,3,1430.0,3.0,78.65
9061,other,1,1200.0,2.0,45.0
9066,other,1,840.0,1.0,75.0
9067,other,3,1760.0,2.0,116.0
9068,other,4,3317.5,5.0,268.5
9069,other,2,600.0,1.0,52.0
9070,other,3,1670.0,3.0,160.0
9071,other,2,1410.0,2.0,75.0
9073,other,3,1200.0,2.0,75.6
9074,other,5,2400.0,5.0,285.0
9075,other,4,2100.0,4.0,150.0
9079,other,4,1550.0,4.0,120.0
9080,other,2,905.0,2.0,50.0
9081,other,3,1495.0,3.0,200.0
9083,other,1,550.0,1.0,23.0
9086,other,3,1080.0,2.0,75.0
9088,other,3,1537.0,3.0,110.0
9089,other,3,1750.0,3.0,150.0
9090,other,7,2800.0,7.0,250.0
9092,other,2,1191.0,2.0,90.0
9095,other,4,2849.0,5.0,250.0
9099,other,2,827.0,2.0,45.0
9106,other,2,1205.0,2.0,70.0
9110,other,3,2200.0,4.0,160.0
9113,other,3,1900.0,3.0,155.0
9114,other,2,1200.0,1.0,95.0
9116,other,2,1100.0,2.0,61.0
9117,other,2,1100.0,2.0,110.0
9118,other,3,1942.0,3.0,155.0
9119,other,3,1200.0,4.0,80.0
9122,other,3,1515.0,3.0,90.0
9125,other,4,1200.0,4.0,95.0
9130,other,1,1200.0,1.0,69.0
9132,other,1,1200.0,1.0,48.0
9133,other,3,1430.0,2.0,78.65
9135,other,2,1190.0,2.0,70.0
9137,other,4,2690.0,4.0,185.0
9138,other,2,1250.0,2.0,68.0
9139,other,2,1290.0,1.0,77.5
9141,other,2,1464.0,2.0,145.0
9142,other,2,1200.0,2.0,75.0
9145,other,3,1485.0,2.0,156.0
9146,other,3,2070.0,3.0,135.0
9149,other,2,800.0,2.0,55.0
9152,other,2,1500.0,2.0,130.0
9153,other,3,2010.0,3.0,125.0
9154,other,3,1504.0,2.0,100.0
9156,other,3,1602.0,2.0,165.0
9157,other,4,1200.0,4.0,130.0
9158,other,3,1800.0,3.0,220.0
9164,other,3,1862.0,3.0,120.0
9165,other,3,2700.0,3.0,200.0
9166,other,3,1677.0,3.0,98.0
9168,other,3,1490.0,2.0,115.0
9170,other,3,1740.0,3.0,120.0
9171,other,2,1020.0,2.0,60.0
9172,other,1,550.0,1.0,16.0
9175,other,3,3664.0,3.0,325.0
9176,other,2,690.0,2.0,42.0
9177,other,3,1520.0,3.0,111.0
9179,other,4,1200.0,4.0,86.0
9180,other,2,1250.0,2.0,90.0
9181,other,3,1900.0,2.0,190.0
9184,other,3,1602.0,2.0,170.0
9185,other,2,1230.0,2.0,70.0
9186,other,3,1600.0,3.0,95.0
9187,other,1,450.0,1.0,60.0
9188,other,1,600.0,2.0,23.0
9189,other,4,3463.0,6.0,310.0
9190,other,2,1200.0,2.0,85.0
9193,other,3,2000.0,4.0,130.0
9194,other,4,1350.0,4.0,140.0
9197,other,2,1175.0,2.0,79.0
9201,other,2,1158.0,2.0,75.0
9204,other,2,1200.0,2.0,90.0
9205,other,2,1266.67,2.0,69.0
9207,other,2,2000.0,2.0,160.0
9210,other,4,2679.0,5.0,280.0
9211,other,2,1230.0,2.0,75.0
9213,other,8,3150.0,5.0,145.0
9214,other,2,880.0,2.0,48.0
9219,other,2,1022.0,2.0,57.0
9220,other,2,1200.0,2.0,76.0
9223,other,3,1605.0,3.0,100.0
9224,other,3,1542.0,3.0,98.0
9227,other,2,1333.0,2.0,77.27
9228,other,3,1100.0,3.0,110.0
9229,other,2,1050.0,2.0,70.0
9233,other,4,1200.0,4.0,165.0
9234,other,3,1100.0,2.0,145.0
9236,other,3,1200.0,3.0,99.0
9239,other,2,1000.0,2.0,60.0
9240,other,3,5720.0,3.0,350.0
9242,other,2,1012.0,2.0,59.0
9244,other,4,1200.0,4.0,140.0
9245,other,2,600.0,2.0,39.0
9247,other,3,1700.0,3.0,111.0
9251,other,3,1780.0,3.0,110.0
9253,other,3,1080.0,3.0,149.0
9254,other,3,900.0,2.0,65.0
9256,other,4,1200.0,3.0,160.0
9257,other,3,1540.0,3.0,85.0
9258,other,3,2456.0,3.0,220.0
9260,other,2,1530.0,2.0,185.0
9263,other,3,1717.0,3.0,120.0
9266,other,2,1475.0,2.0,171.0
9267,other,2,1225.0,2.0,65.0
9268,other,1,650.0,1.0,16.0
9270,other,3,1504.0,2.0,102.0
9272,other,4,1800.0,4.0,145.0
9273,other,4,3000.0,4.0,240.0
9275,other,3,1625.0,3.0,92.0
9276,other,4,2400.0,4.0,250.0
9279,other,3,1490.0,2.0,92.0
9281,other,2,1044.0,2.0,60.0
9285,other,3,1567.2,2.0,190.0
9288,other,2,1293.0,2.0,75.0
9290,other,3,1374.0,2.0,88.0
9294,other,4,2000.0,2.0,160.0
9295,other,1,834.0,1.0,62.0
9296,other,1,600.0,1.0,52.0
9297,other,4,2000.0,4.0,135.0
9298,other,3,2750.0,3.0,260.0
9302,other,2,1280.0,2.0,90.0
9304,other,3,2075.0,3.0,175.0
9311,other,3,2274.24,4.0,160.0
9313,other,2,900.0,3.0,105.0
9315,other,3,1350.0,3.0,75.0
9317,other,1,470.0,2.0,10.0
9319,other,3,1313.0,4.0,150.0
9320,other,3,2515.0,4.0,155.0
9322,other,3,2665.0,3.0,350.0
9324,other,4,3500.0,5.0,450.0
9331,other,6,2400.0,5.0,300.0
9332,other,8,3000.0,4.0,130.0
9333,other,2,1235.0,2.0,140.0
9334,other,3,3200.0,3.0,260.0
9335,other,3,1450.0,3.0,90.0
9336,other,1,670.0,1.0,50.0
9339,other,3,1200.0,2.0,100.0
9340,other,2,1205.0,2.0,70.0
9341,other,3,1500.0,3.0,90.0
9343,other,2,1250.0,2.0,67.0
9345,other,1,375.0,1.0,26.0
9346,other,2,800.0,3.0,59.5
9348,other,3,1800.0,2.0,100.0
9351,other,4,3500.0,2.0,350.0
9354,other,3,2100.0,4.0,255.0
9355,other,1,400.0,1.0,35.0
9358,other,4,2400.0,5.0,180.0
9359,other,1,6000.0,1.0,276.0
9360,other,1,825.0,2.0,40.0
9362,other,4,5000.0,5.0,600.0
9364,other,4,4800.0,5.0,420.0
9365,other,3,3400.0,3.0,400.0
9367,other,3,2600.0,3.0,147.0
9369,other,1,800.0,1.0,72.0
9371,other,3,1225.0,2.0,82.0
9372,other,1,655.0,1.0,27.0
9373,other,2,1196.0,2.0,96.0
9374,other,2,927.0,2.0,50.0
9375,other,1,600.0,1.0,18.0
9377,other,4,2800.0,4.0,200.0
9380,other,2,800.0,2.0,85.0
9381,other,2,985.0,2.0,57.0
9382,other,11,6000.0,12.0,150.0
9384,other,2,600.0,2.0,80.0
9385,other,3,1503.0,2.0,93.0
9390,other,3,1768.0,3.0,95.0
9391,other,4,3060.0,4.0,350.0
9392,other,1,800.0,1.0,32.0
9394,other,1,600.0,1.0,35.0
9395,other,2,1010.0,2.0,55.0
9398,other,4,3978.0,4.0,428.0
9401,other,3,2008.0,3.0,170.0
9402,other,3,2095.0,3.0,142.0
9404,other,3,1600.0,2.0,88.0
9405,other,4,1350.0,4.0,160.0
9406,other,1,500.0,1.0,20.0
9407,other,3,1280.0,2.0,100.0
9408,other,3,1650.0,3.0,110.0
9411,other,2,1044.0,2.0,85.0
9413,other,2,840.0,1.0,99.0
9416,other,4,3870.0,4.0,411.0
9418,other,3,1835.0,3.0,175.0
9421,other,1,425.0,1.0,15.0
9424,other,4,2380.0,4.0,242.0
9425,other,2,900.0,1.0,70.0
9426,other,2,1517.0,2.0,125.0
9428,other,4,3602.0,4.0,280.0
9429,other,3,2159.0,3.0,120.0
9430,other,3,1200.0,3.0,72.0
9431,other,6,1850.0,3.0,175.0
9432,other,1,510.0,1.0,34.0
9433,other,2,1166.0,2.0,65.0
9434,other,3,2700.0,2.0,260.0
9435,other,3,1350.0,2.0,175.0
9437,other,2,940.0,2.0,56.0
9440,other,3,1645.0,3.0,95.0
9442,other,2,1000.0,2.0,63.0
9444,other,3,1998.0,3.0,117.0
9447,other,1,527.0,1.0,35.0
9448,other,3,1804.0,3.0,150.0
9449,other,3,1350.0,3.0,81.0
9454,other,4,1200.0,4.0,110.0
9456,other,2,1217.0,2.0,164.0
9459,other,1,600.0,1.0,45.0
9460,other,1,672.0,1.0,27.0
9461,other,3,1280.0,3.0,87.0
9462,other,3,1567.0,3.0,100.0
9464,other,1,560.0,1.0,19.0
9466,other,1,520.0,2.0,29.0
9467,other,3,1950.0,3.0,230.0
9468,other,1,600.0,1.0,58.0
9469,other,1,1000.0,1.0,19.0
9472,other,2,2000.0,2.0,120.0
9473,other,2,1220.0,2.0,65.0
9477,other,2,1130.0,2.0,74.0
9478,other,2,1407.0,2.0,83.87
9480,other,4,1350.0,4.0,160.0
9481,other,4,2375.0,3.0,260.0
9482,other,2,1200.0,2.0,67.0
9483,other,3,1872.0,3.0,152.0
9484,other,3,1400.0,3.0,90.0
9485,other,1,812.0,1.0,26.0
9487,other,1,600.0,2.0,35.0
9500,other,2,1075.0,2.0,57.0
9501,other,3,1800.0,4.0,115.0
9503,other,3,1499.0,3.0,89.0
9506,other,2,1050.0,2.0,65.0
9507,other,2,905.0,2.0,50.0
9511,other,3,3155.0,3.0,315.0
9515,other,3,1464.0,2.0,135.0
9517,other,2,1200.0,2.0,75.0
9518,other,3,1707.0,3.0,171.0
9519,other,1,565.0,1.0,33.0
9520,other,1,630.0,2.0,70.0
9521,other,2,1000.0,2.0,55.0
9524,other,3,2400.0,4.0,130.0
9526,other,2,1100.0,2.0,70.0
9527,other,1,420.0,1.0,23.5
9529,other,2,1225.0,2.0,71.05
9530,other,4,1350.0,4.0,90.0
9532,other,2,3760.0,2.0,280.0
9533,other,3,3071.0,4.0,300.0
9538,other,3,1620.0,3.0,95.0
9539,other,1,560.0,1.0,21.0
9542,other,3,2250.0,3.0,180.0
9544,other,1,1350.0,2.0,45.0
9545,other,2,1209.0,2.0,100.0
9546,other,3,1500.0,3.0,95.0
9547,other,2,1000.0,2.0,60.0
9549,other,4,1200.0,4.0,130.0
9550,other,3,2250.0,3.0,199.0
9551,other,4,3700.0,4.0,314.0
9553,other,3,1405.0,3.0,169.0
9554,other,4,4800.0,6.0,420.0
9556,other,1,500.0,1.0,16.0
9557,other,3,1600.0,3.0,180.0
9559,other,1,648.0,1.0,34.0
9560,other,3,1720.0,2.0,126.0
9563,other,2,1080.0,2.0,64.0
9566,other,1,535.0,1.0,35.0
9569,other,3,1465.0,2.0,88.0
9570,other,2,1145.0,2.0,63.0
9571,other,4,3420.0,3.0,410.0
9572,other,2,1280.0,2.0,75.0
9573,other,2,680.0,3.0,60.0
9575,other,3,1738.0,3.0,110.0
9576,other,3,1500.0,3.0,90.0
9578,other,2,1050.0,2.0,110.0
9579,other,2,1275.0,2.0,105.0
9583,other,3,2320.0,2.0,160.0
9584,other,3,1237.0,3.0,78.0
9588,other,4,1200.0,2.0,140.0
9590,other,2,1160.0,2.0,75.0
9595,other,2,1155.0,2.0,65.0
9599,other,2,984.0,2.0,125.0
9600,other,2,1148.0,2.0,69.0
9601,other,3,1719.0,3.0,110.0
9603,other,4,3000.0,4.0,264.0
9605,other,2,1320.0,2.0,90.0
9609,other,2,1230.0,2.0,68.0
9611,other,4,4560.0,5.0,430.0
9615,other,5,3000.0,4.0,300.0
9616,other,3,1560.0,2.0,125.0
9618,other,2,1012.0,2.0,59.0
9619,other,2,1245.0,2.0,120.0
9620,other,3,1485.0,2.0,110.0
9623,other,2,1489.0,2.0,101.0
9624,other,4,2800.0,4.0,365.0
9626,other,3,1600.0,2.0,90.0
9628,other,6,3000.0,6.0,300.0
9629,other,3,1903.0,3.0,165.0
9631,other,4,2996.0,4.0,200.0
9634,other,1,551.0,1.0,30.0
9636,other,1,550.0,1.0,16.0
9637,other,3,1780.0,3.0,100.0
9639,other,3,1310.0,3.0,90.0
9642,other,3,1603.0,2.0,125.0
9643,other,3,2180.0,3.0,285.0
9644,other,1,450.0,1.0,30.0
9645,other,4,3000.0,4.0,301.0
9647,other,2,1275.0,2.0,69.0
9649,other,3,1623.0,3.0,155.0
9651,other,1,900.0,1.0,52.3
9657,other,2,1200.0,2.0,110.0
9658,other,3,1400.0,2.0,78.0
9659,other,3,2648.0,3.0,238.0
9661,other,3,1475.0,3.0,80.0
9662,other,3,1721.0,3.0,93.0
9664,other,4,4800.0,4.0,420.0
9665,other,2,1163.0,2.0,68.0
9666,other,1,801.0,1.0,33.645
9667,other,3,1300.0,2.0,80.0
9671,other,10,3300.0,9.0,450.0
9672,other,2,1040.0,2.0,78.0
9675,other,3,1907.0,2.0,200.0
9676,other,2,1330.0,2.0,80.0
9677,other,3,1320.0,2.0,95.0
9683,other,4,2200.0,2.0,150.0
9684,other,3,1092.0,3.0,95.0
9690,other,2,1130.0,2.0,75.0
9692,other,3,1900.0,3.0,190.0
9694,other,4,1200.0,4.0,110.0
9695,other,3,1630.0,3.0,131.0
9696,other,1,1050.0,2.0,41.0
9698,other,3,3210.0,4.0,380.0
9699,other,13,5425.0,13.0,275.0
9700,other,4,1200.0,4.0,135.0
9702,other,2,900.0,2.0,48.0
9703,other,4,4041.0,4.0,345.0
9704,other,1,620.0,1.0,25.0
9705,other,2,1210.0,2.0,75.0
9708,other,2,1200.0,1.0,70.0
9710,other,2,1200.0,3.0,70.0
9712,other,2,1130.0,2.0,68.0
9715,other,3,2750.0,5.0,275.0
9716,other,2,800.0,2.0,55.0
9717,other,2,1244.0,2.0,95.0
9718,other,3,1500.0,4.0,180.0
9719,other,2,1200.0,2.0,75.0
9720,other,1,400.0,2.0,50.0
9722,other,3,2159.0,3.0,120.0
9724,other,1,1200.0,1.0,48.0
9728,other,2,1450.0,2.0,90.0
9730,other,1,10030.0,1.0,150.0
9732,other,3,2300.0,3.0,280.0
9736,other,3,3900.0,3.0,250.0
9737,other,2,1400.0,2.0,160.0
9738,other,3,1715.0,3.0,95.0
9739,other,2,703.0,2.0,60.0
9742,other,1,600.0,1.0,20.0
9743,other,4,4382.0,4.0,400.0
9744,other,3,1030.0,2.0,77.25
9745,other,3,1254.0,2.0,70.0
9746,other,2,1293.0,2.0,80.0
9749,other,2,1000.0,2.0,66.0
9750,other,3,1864.0,3.0,115.0
9751,other,2,1200.0,2.0,135.0
9757,other,3,1525.0,2.0,91.48
9758,other,2,975.0,2.0,60.0
9761,other,1,1500.0,2.0,85.0
9764,other,2,1200.0,4.0,138.0
9765,other,2,1100.0,2.0,68.0
9766,other,6,4000.0,6.0,460.0
9768,other,4,2950.0,4.0,250.0
9769,other,3,1464.0,2.0,115.0
9770,other,3,1385.0,3.0,90.0
9774,other,2,1415.0,2.0,120.0
9779,other,3,2400.0,2.0,185.0
9782,other,2,1025.0,2.0,65.0
9783,other,2,1020.0,2.0,70.0
9784,other,2,1155.0,2.0,69.0
9785,other,3,2030.0,2.0,182.0
9787,other,3,2900.0,3.0,325.0
9791,other,2,1500.0,2.0,145.0
9795,other,4,2597.0,4.0,189.0
9799,other,2,1201.0,2.0,65.0
9800,other,1,660.0,1.0,30.0
9802,other,2,950.0,2.0,65.0
9803,other,3,980.0,3.0,80.0
9808,other,2,1265.0,2.0,68.0
9811,other,1,660.0,1.0,35.0
9813,other,3,1458.0,2.0,87.0
9814,other,1,550.0,1.0,27.0
9816,other,2,1178.0,2.0,80.0
9818,other,4,2700.0,4.0,295.0
9820,other,2,1300.0,2.0,95.0
9821,other,1,936.0,1.0,53.0
9822,other,2,1277.0,2.0,92.0
9824,other,2,1600.0,2.0,160.0
9831,other,3,1839.0,3.0,160.0
9833,other,2,925.0,2.0,100.0
9834,other,1,650.0,1.0,50.0
9836,other,1,720.0,1.0,32.39
9838,other,3,1600.0,3.0,130.0
9839,other,2,1296.0,2.0,70.0
9843,other,4,2200.0,3.0,225.0
9845,other,3,1626.6,3.0,133.0
9847,other,2,1348.0,2.0,100.0
9849,other,4,1350.0,4.0,175.0
9855,other,3,1410.0,3.0,90.0
9856,other,3,1460.0,2.0,87.0
9857,other,3,1260.0,2.0,85.05
9858,other,3,3000.0,3.0,265.0
9859,other,3,1200.0,2.0,120.0
9860,other,3,1800.0,3.0,150.0
9864,other,3,2098.0,3.0,210.0
9865,other,3,2400.0,3.0,270.0
9866,other,3,1800.0,3.0,192.0
9868,other,1,509.0,1.0,20.0
9872,other,5,2350.0,5.0,325.0
9873,other,3,2050.0,3.0,135.0
9874,other,2,2100.0,1.0,200.0
9875,other,2,1276.0,2.0,146.0
9878,other,3,1600.0,3.0,100.0
9879,other,4,2100.0,3.0,280.0
9881,other,3,2100.0,3.0,270.0
9884,other,4,3500.0,4.0,320.0
9886,other,3,1540.0,3.0,150.0
9887,other,4,3200.0,4.0,270.0
9889,other,2,1165.0,2.0,65.0
9896,other,2,800.0,1.0,95.0
9897,other,4,1650.0,2.0,140.0
9898,other,3,4395.0,3.0,240.0
9900,other,3,1936.0,3.0,139.0
9902,other,2,1220.0,2.0,65.0
9904,other,1,1200.0,1.0,65.0
9908,other,2,1310.0,2.0,88.0
9910,other,5,2000.0,5.0,240.0
9911,other,4,4500.0,4.0,345.0
9912,other,3,3155.0,4.0,316.0
9914,other,2,1441.0,2.0,115.0
9915,other,1,418.0,1.0,17.0
9916,other,3,1200.0,3.0,80.0
9917,other,3,1500.0,2.0,200.0
9919,other,1,610.0,1.0,28.0
9921,other,3,1864.0,3.0,120.0
9922,other,2,950.0,2.0,57.0
9924,other,2,1100.0,2.0,62.0
9926,other,4,1200.0,4.0,165.0
9928,other,3,1200.0,2.0,90.0
9930,other,2,1279.0,2.0,100.0
9936,other,4,3600.0,4.0,300.0
9937,other,3,1600.0,4.0,120.0
9938,other,2,1120.0,2.0,60.0
9940,other,2,1308.0,2.0,86.0
9941,other,4,2170.0,3.0,265.0
9945,other,2,1225.0,2.0,71.05
9947,other,2,1200.0,3.0,78.0
9948,other,3,2180.0,3.0,273.0
9953,other,8,3300.0,8.0,310.0
9954,other,2,1300.0,2.0,95.0
9955,other,2,1350.0,2.0,89.5
9956,other,3,2312.0,3.0,156.0
9957,other,2,1175.0,2.0,70.0
9959,other,3,2150.0,3.0,240.0
9961,other,4,1386.0,3.0,93.0
9965,other,4,6652.0,6.0,510.0
9967,other,3,2500.0,2.0,300.0
9968,other,3,1500.0,2.0,120.0
9971,other,5,3520.0,6.0,460.0
9974,other,3,1200.0,3.0,68.0
9976,other,6,3800.0,6.0,390.0
9977,other,1,410.0,1.0,48.0
9978,other,2,880.0,1.0,90.0
9980,other,2,1293.0,2.0,80.0
9981,other,2,1280.0,2.0,68.48
9982,other,3,1065.0,3.0,72.0
9984,other,3,1250.0,2.0,77.13
9986,other,4,2100.0,3.0,210.0
9989,other,6,7000.0,6.0,560.0
9991,other,2,1220.0,2.0,72.0
9995,other,2,1100.0,2.0,75.0
9996,other,2,1350.0,2.0,90.0
9997,other,4,4800.0,5.0,350.0
9999,other,3,1200.0,3.0,110.0
10001,other,2,1250.0,2.0,75.0
10005,other,1,648.0,1.0,40.0
10007,other,4,1200.0,5.0,150.0
10009,other,1,500.0,1.0,13.0
10010,other,5,2400.0,4.0,325.0
10012,other,2,1180.0,2.0,65.0
10016,other,2,975.0,2.0,55.0
10019,other,2,1115.0,2.0,115.0
10025,other,3,1495.0,3.0,90.0
10029,other,2,1000.0,2.0,60.0
10032,other,2,660.0,2.0,76.0
10034,other,2,1275.0,2.0,76.0
10036,other,1,793.0,1.0,40.0
10039,other,3,1630.0,2.0,130.0
10042,other,3,3000.0,3.0,400.0
10043,other,2,1200.0,2.0,82.0
10044,other,3,1419.0,3.0,85.0
10046,other,3,2020.0,3.0,270.0
10047,other,1,850.0,1.0,50.0
10048,other,2,933.0,2.0,55.0
10052,other,2,823.0,2.0,80.0
10054,other,3,1750.0,3.0,120.0
10056,other,2,750.0,2.0,40.0
10058,other,3,2150.0,3.0,170.0
10059,other,3,2200.0,2.0,190.0
10060,other,2,1368.0,2.0,87.0
10061,other,3,1507.0,3.0,80.0
10063,other,3,1200.0,3.0,70.0
10064,other,2,1175.0,2.0,83.0
10065,other,3,6729.0,4.0,900.0
10067,other,3,1400.0,3.0,98.0
10071,other,3,2240.0,3.0,300.0
10074,other,3,1520.0,3.0,165.0
10077,other,4,2360.0,3.0,185.0
10079,other,2,1100.0,2.0,58.5
10081,other,2,600.0,4.0,70.0
10082,other,2,800.0,1.0,45.0
10083,other,4,1200.0,4.0,120.0
10084,other,3,1892.0,3.0,200.0
10086,other,2,1050.0,2.0,65.0
10088,other,3,1625.0,3.0,92.0
10091,other,2,1269.0,2.0,97.0
10094,other,3,1353.0,2.0,110.0
10095,other,2,1200.0,2.0,68.0
10096,other,3,1250.0,2.0,70.0
10097,other,3,1950.2,3.0,261.0
10098,other,3,2171.66,3.0,298.0
10100,other,3,1600.0,3.0,100.0
10101,other,1,540.0,1.0,22.0
10102,other,3,1950.2,3.0,193.0
10105,other,2,1013.0,2.0,60.0
10106,other,3,2100.0,3.0,220.0
10109,other,3,1625.0,3.0,95.0
10111,other,5,1600.0,5.0,140.0
10113,other,2,930.0,1.0,55.0
10117,other,4,2400.0,3.0,185.0
10119,other,3,1427.0,2.0,85.0
10120,other,2,2031.0,2.0,200.0
10121,other,4,2000.0,3.0,180.0
10123,other,1,700.0,1.0,25.5
10124,other,3,1200.0,3.0,120.0
10125,other,2,1200.0,2.0,115.0
10127,other,5,1650.0,6.0,200.0
10128,other,3,2000.0,3.0,200.0
10129,other,2,1150.0,2.0,90.0
10130,other,1,595.0,1.0,40.0
10132,other,3,5480.0,4.0,400.0
10138,other,4,3700.0,4.0,400.0
10139,other,3,1625.0,3.0,150.0
10142,other,3,1515.0,3.0,80.5
10146,other,3,2505.0,3.0,165.0
10149,other,3,1650.0,3.0,135.0
10150,other,2,925.0,2.0,68.0
10152,other,3,1750.0,3.0,100.0
10153,other,1,747.0,1.0,27.0
10155,other,3,1738.0,3.0,110.0
10158,other,3,1720.0,3.0,95.0
10159,other,1,500.0,1.0,51.0
10160,other,2,850.0,2.0,45.0
10163,other,2,1290.0,2.0,71.95
10164,other,3,1650.0,3.0,140.0
10168,other,1,2559.0,1.0,55.0
10169,other,1,720.0,1.0,28.0
10170,other,2,1100.0,2.0,90.0
10174,other,1,600.0,1.0,22.8
10175,other,1,540.0,1.0,24.0
10182,other,4,1200.0,4.0,85.0
10185,other,3,2400.0,3.0,185.0
10186,other,3,1432.0,3.0,79.0
10187,other,3,1500.0,3.0,90.0
10188,other,4,3500.0,3.0,425.0
10189,other,4,3100.0,5.0,425.0
10192,other,4,1200.0,4.0,110.0
10193,other,1,600.0,1.0,24.0
10194,other,3,1770.0,3.0,99.0
10195,other,3,1800.0,3.0,130.0
10197,other,3,1570.0,2.0,95.0
10198,other,3,2250.0,3.0,180.0
10199,other,2,1270.0,2.0,172.0
10202,other,5,3210.0,2.0,353.0
10210,other,3,1950.0,3.0,132.0
10211,other,3,1200.0,2.0,130.0
10213,other,3,1600.0,3.0,102.0
10217,other,2,1100.0,2.0,65.0
10218,other,2,1035.0,2.0,55.0
10219,other,2,600.0,3.0,72.0
10220,other,3,1200.0,3.0,75.0
10221,other,1,450.0,1.0,20.0
10223,other,3,1719.0,3.0,95.0
10226,other,1,540.0,1.0,22.5
10229,other,3,1500.0,3.0,85.0
10230,other,3,1360.0,2.0,73.0
10231,other,2,1182.0,2.0,64.0
10232,other,3,1350.0,1.0,120.0
10233,other,3,1500.0,3.0,90.0
10234,other,3,2292.0,2.0,285.0
10235,other,3,1945.0,3.0,135.0
10237,other,2,1075.0,2.0,58.0
10243,other,2,1035.0,2.0,60.0
10244,other,2,1232.0,2.0,94.28
10246,other,4,6652.0,6.0,660.0
10250,other,4,2700.0,3.0,230.0
10253,other,4,6688.0,6.0,700.0
10255,other,4,2872.0,4.0,183.0
10258,other,2,1100.0,2.0,64.08
10261,other,2,1600.0,2.0,90.0
10263,other,1,530.0,1.0,18.0
10265,other,6,1800.0,5.0,140.0
10266,other,2,1012.0,2.0,62.0
10268,other,3,1490.0,3.0,140.0
10270,other,2,1650.0,1.0,130.0
10273,other,2,1155.0,2.0,64.0
10275,other,2,1200.0,2.0,70.0
10276,other,1,1800.0,1.0,200.0
10279,other,2,1353.0,2.0,110.0
10280,other,1,812.0,1.0,26.0
10283,other,4,3600.0,5.0,400.0
